# 220314, ag
# run with n=1000 muons per angle and energy, depth=1460m
# first row: angles [degrees]
# first column: energies [MeV]
# other entries: flux [1 / cm² s sr MeV]
EMPTY       +0.0000e+00 +1.3261e+01 +4.3114e+01 +5.4268e+01 +6.0878e+01 +6.5346e+01 +6.8592e+01 +7.1068e+01 +7.3022e+01 +7.4606e+01 +7.5917e+01 +7.7020e+01 +7.7961e+01 +7.8775e+01 +7.9485e+01 +8.0110e+01 +8.0664e+01 +8.1160e+01 +8.1605e+01 +8.2007e+01 +8.2373e+01 +8.2706e+01 +8.3012e+01 
+8.9125e+01 -8.1963e-30 -3.1084e-29 +7.5303e-30 -1.1396e-29 +1.6707e-29 +6.3387e-30 +7.8183e-30 +1.2501e-29 +2.3634e-30 -5.2871e-30 -4.8750e-30 +1.2889e-30 -3.2917e-30 -6.3476e-31 -1.2866e-29 +5.0585e-30 +1.2989e-30 -5.3453e-30 -1.7428e-29 -2.7633e-30 +2.1271e-29 -6.5702e-29 -3.7560e-29 -4.4056e-29 -4.8916e-29 +1.2581e-29 +1.5400e-29 -1.4563e-29 +1.7010e-29 +1.7051e-29 +2.3870e-29 +2.3458e-29 +1.1912e-28 -4.8993e-29 -4.2703e-29 +5.1795e-29 -3.3244e-29 +6.7730e-29 -7.5088e-29 +1.1952e-28 +3.2929e-29 -5.2373e-29 +1.1173e-28 -5.1571e-29 -1.4729e-30 +5.2900e-29 +2.8086e-29 +1.7612e-29 -7.1158e-30 +7.6507e-30 -3.0878e-30 -7.1729e-31 -5.1733e-30 -5.8026e-30 -1.1517e-30 -7.7121e-30 -7.9499e-30 -6.0846e-30 -1.0090e-29 -2.8902e-30 -9.0780e-31 -1.3608e-30 -1.6712e-30 -2.4971e-31 +6.2634e-31 +2.8025e-31 -4.9863e-31 -1.3923e-30 -8.9760e-31 -8.8730e-31 -7.9357e-31 +1.3653e-31 +2.1219e-31 -7.0190e-32 +3.7372e-31 -7.4921e-31 +2.8862e-30 -6.1968e-32 +9.3378e-32 -4.7298e-32 +3.6009e-33 -1.1418e-32 -3.3180e-34 -2.0442e-35 
+1.1220e+02 +5.1430e-13 +4.5485e-13 +3.9919e-13 +3.4721e-13 +2.9880e-13 +2.5384e-13 +2.1223e-13 +1.7385e-13 +1.3859e-13 +1.0634e-13 +7.6985e-14 +5.0413e-14 +2.6512e-14 +5.1718e-15 -1.3721e-14 -3.0278e-14 -4.4612e-14 -5.6833e-14 -6.7055e-14 -7.5389e-14 -8.1948e-14 -8.6843e-14 -9.0186e-14 -9.2089e-14 -9.2665e-14 -9.2025e-14 -9.0282e-14 -8.7547e-14 -8.3932e-14 -7.9550e-14 -7.4512e-14 -6.8931e-14 -6.2918e-14 -5.6585e-14 -5.0045e-14 -4.3409e-14 -3.6790e-14 -3.0300e-14 -2.4050e-14 -1.8152e-14 -1.2719e-14 -7.8623e-15 -3.6943e-15 -3.2691e-16 +2.1540e-15 +3.8095e-15 +4.7521e-15 +5.0944e-15 +4.9491e-15 +4.4287e-15 +3.6460e-15 +2.7134e-15 +1.7435e-15 +8.4912e-16 +1.4271e-16 -2.7585e-16 -4.2491e-16 -3.8662e-16 -2.4373e-16 -7.9038e-17 +2.4690e-17 -1.5273e-17 -2.2024e-16 -4.4068e-16 -4.9741e-16 -2.1127e-16 +5.4460e-16 +1.2597e-15 +9.9906e-16 -1.1097e-15 -3.3116e-15 -5.0597e-16 +8.0409e-15 +5.6915e-16 -2.4034e-14 +4.5053e-14 +1.1627e-13 +1.7047e-15 +6.4064e-16 -5.5198e-16 +4.1367e-17 +1.8317e-17 -1.9947e-19 +2.4479e-20 
+1.4125e+02 +9.4982e-14 -1.5819e-13 -3.6218e-13 -5.1940e-13 -6.3227e-13 -7.0319e-13 -7.3458e-13 -7.2885e-13 -6.8841e-13 -6.1567e-13 -5.1304e-13 -3.8293e-13 -2.2776e-13 -4.9934e-14 +1.4814e-13 +3.6404e-13 +5.9536e-13 +8.3969e-13 +1.0946e-12 +1.3577e-12 +1.6266e-12 +1.8989e-12 +2.1721e-12 +2.4439e-12 +2.7118e-12 +2.9734e-12 +3.2263e-12 +3.4681e-12 +3.6964e-12 +3.9088e-12 +4.1028e-12 +4.2761e-12 +4.4262e-12 +4.5508e-12 +4.6474e-12 +4.7136e-12 +4.7470e-12 +4.7451e-12 +4.7057e-12 +4.6262e-12 +4.5043e-12 +4.3375e-12 +4.1234e-12 +3.8597e-12 +3.5455e-12 +3.1894e-12 +2.8031e-12 +2.3985e-12 +1.9873e-12 +1.5814e-12 +1.1924e-12 +8.3216e-13 +5.1250e-13 +2.4519e-13 +4.1991e-14 -8.7103e-14 -1.4878e-13 -1.5871e-13 -1.3266e-13 -8.6409e-14 -3.5712e-14 +3.6641e-15 +2.1388e-14 +2.2231e-14 +1.3589e-14 +2.8529e-15 -3.0786e-15 -3.3542e-15 -1.1504e-15 +3.4168e-16 +1.1777e-16 -4.0709e-17 +1.2223e-15 +2.2900e-15 +1.2846e-15 -8.2448e-16 +4.2840e-16 +5.1544e-15 -1.3195e-16 +1.1283e-16 -8.3293e-18 -8.1254e-19 -7.1647e-21 +1.0212e-21 
+1.7783e+02 +5.2966e-13 +4.9802e-13 +4.6416e-13 +4.2833e-13 +3.9074e-13 +3.5162e-13 +3.1121e-13 +2.6973e-13 +2.2741e-13 +1.8447e-13 +1.4116e-13 +9.7685e-14 +5.4287e-14 +1.1191e-14 -3.1376e-14 -7.3184e-14 -1.1401e-13 -1.5361e-13 -1.9177e-13 -2.2826e-13 -2.6285e-13 -2.9532e-13 -3.2542e-13 -3.5294e-13 -3.7764e-13 -3.9931e-13 -4.1770e-13 -4.3259e-13 -4.4376e-13 -4.5097e-13 -4.5399e-13 -4.5261e-13 -4.4658e-13 -4.3568e-13 -4.1969e-13 -3.9837e-13 -3.7149e-13 -3.3883e-13 -3.0016e-13 -2.5526e-13 -2.0388e-13 -1.4581e-13 -8.0810e-14 -8.6595e-15 +7.0530e-14 +1.5471e-13 +2.4117e-13 +3.2719e-13 +4.1004e-13 +4.8700e-13 +5.5536e-13 +6.1239e-13 +6.5537e-13 +6.8159e-13 +6.8831e-13 +6.7319e-13 +6.3721e-13 +5.8315e-13 +5.1383e-13 +4.3205e-13 +3.4062e-13 +2.4235e-13 +1.4314e-13 +5.7426e-14 +1.1662e-15 -9.7017e-15 +3.7561e-14 +1.1665e-13 +1.7527e-13 +1.6209e-13 +8.0418e-14 +3.1610e-15 -1.1543e-14 -5.2468e-17 -6.2512e-15 +1.5289e-14 +4.0979e-14 +6.0374e-16 +2.2312e-16 -1.0967e-16 -2.1260e-16 +9.3078e-16 +7.8252e-18 -1.0906e-18 
+2.2387e+02 +6.0683e-12 +6.1435e-12 +6.1943e-12 +6.2217e-12 +6.2267e-12 +6.2104e-12 +6.1739e-12 +6.1181e-12 +6.0440e-12 +5.9528e-12 +5.8454e-12 +5.7230e-12 +5.5864e-12 +5.4368e-12 +5.2751e-12 +5.1025e-12 +4.9200e-12 +4.7285e-12 +4.5291e-12 +4.3229e-12 +4.1109e-12 +3.8941e-12 +3.6735e-12 +3.4502e-12 +3.2252e-12 +2.9996e-12 +2.7744e-12 +2.5506e-12 +2.3292e-12 +2.1114e-12 +1.8980e-12 +1.6902e-12 +1.4890e-12 +1.2954e-12 +1.1104e-12 +9.3516e-13 +7.7061e-13 +6.1782e-13 +4.7781e-13 +3.5161e-13 +2.4027e-13 +1.4482e-13 +6.6284e-14 +5.7008e-15 -3.6338e-14 -6.1730e-14 -7.3245e-14 -7.3652e-14 -6.5721e-14 -5.2224e-14 -3.5929e-14 -1.9607e-14 -6.0288e-15 +2.0366e-15 +1.8193e-15 -8.8461e-15 -2.6517e-14 -4.4727e-14 -5.6976e-14 -5.6769e-14 -3.7606e-14 +7.0032e-15 +7.6788e-14 +1.5266e-13 +2.1226e-13 +2.3324e-13 +1.9613e-13 +1.1670e-13 +3.4180e-14 -1.2576e-14 -1.4550e-14 -7.2754e-16 +3.2748e-15 +4.7395e-16 -2.1287e-17 -4.1267e-16 +3.2610e-16 +1.8778e-15 +9.7228e-16 +1.6916e-14 -7.9805e-16 -6.0574e-16 +2.0104e-16 -2.0740e-17 
+2.8184e+02 +9.5134e-12 +9.7056e-12 +9.8541e-12 +9.9606e-12 +1.0027e-11 +1.0055e-11 +1.0046e-11 +1.0002e-11 +9.9253e-12 +9.8170e-12 +9.6790e-12 +9.5132e-12 +9.3212e-12 +9.1049e-12 +8.8659e-12 +8.6061e-12 +8.3272e-12 +8.0310e-12 +7.7193e-12 +7.3937e-12 +7.0561e-12 +6.7081e-12 +6.3517e-12 +5.9885e-12 +5.6202e-12 +5.2488e-12 +4.8758e-12 +4.5031e-12 +4.1325e-12 +3.7656e-12 +3.4043e-12 +3.0502e-12 +2.7053e-12 +2.3712e-12 +2.0497e-12 +1.7425e-12 +1.4514e-12 +1.1782e-12 +9.2464e-13 +6.9245e-13 +4.8342e-13 +2.9928e-13 +1.4182e-13 +1.2783e-14 -8.6562e-14 -1.5773e-13 -2.0322e-13 -2.2551e-13 -2.2710e-13 -2.1049e-13 -1.7817e-13 -1.3262e-13 -7.6350e-14 -1.1841e-14 +5.8410e-14 +1.3191e-13 +2.0612e-13 +2.7851e-13 +3.4653e-13 +4.0764e-13 +4.5928e-13 +4.9892e-13 +5.2211e-13 +5.1911e-13 +4.7929e-13 +3.9201e-13 +2.5051e-13 +9.5520e-14 -5.7939e-16 +3.2676e-14 +1.7358e-13 +2.8305e-13 +2.4967e-13 +1.3516e-13 +4.2032e-14 +1.8590e-14 +3.0420e-14 +5.1545e-15 +5.2504e-17 -5.5189e-17 +1.4706e-16 +6.5311e-17 -2.2890e-18 +6.2091e-18 
+3.5481e+02 +3.7323e-12 +3.7488e-12 +3.7572e-12 +3.7579e-12 +3.7513e-12 +3.7378e-12 +3.7176e-12 +3.6912e-12 +3.6588e-12 +3.6208e-12 +3.5776e-12 +3.5295e-12 +3.4768e-12 +3.4199e-12 +3.3592e-12 +3.2949e-12 +3.2275e-12 +3.1572e-12 +3.0844e-12 +3.0095e-12 +2.9328e-12 +2.8547e-12 +2.7754e-12 +2.6954e-12 +2.6150e-12 +2.5345e-12 +2.4543e-12 +2.3747e-12 +2.2960e-12 +2.2187e-12 +2.1431e-12 +2.0694e-12 +1.9981e-12 +1.9294e-12 +1.8639e-12 +1.8016e-12 +1.7432e-12 +1.6887e-12 +1.6388e-12 +1.5935e-12 +1.5534e-12 +1.5187e-12 +1.4898e-12 +1.4671e-12 +1.4505e-12 +1.4376e-12 +1.4254e-12 +1.4107e-12 +1.3905e-12 +1.3617e-12 +1.3211e-12 +1.2656e-12 +1.1922e-12 +1.0977e-12 +9.7899e-13 +8.3402e-13 +6.6999e-13 +4.9914e-13 +3.3378e-13 +1.8619e-13 +6.8674e-14 -6.4767e-15 -3.4250e-14 -2.9873e-14 -1.2093e-14 +3.5018e-16 -8.9396e-15 -2.7760e-14 -2.4853e-14 +3.0132e-14 +1.2092e-13 +1.7184e-13 +1.2858e-13 +6.0485e-14 +4.3441e-14 +2.1814e-14 +1.5331e-15 +4.0048e-14 +2.0269e-14 -1.1236e-15 -4.8028e-16 +1.5743e-15 +2.3428e-17 -1.5405e-18 
+4.4668e+02 +3.1567e-12 +3.1169e-12 +3.0717e-12 +3.0215e-12 +2.9666e-12 +2.9071e-12 +2.8436e-12 +2.7761e-12 +2.7050e-12 +2.6307e-12 +2.5533e-12 +2.4732e-12 +2.3908e-12 +2.3062e-12 +2.2197e-12 +2.1317e-12 +2.0425e-12 +1.9523e-12 +1.8615e-12 +1.7703e-12 +1.6790e-12 +1.5879e-12 +1.4974e-12 +1.4076e-12 +1.3190e-12 +1.2317e-12 +1.1461e-12 +1.0625e-12 +9.8114e-13 +9.0234e-13 +8.2639e-13 +7.5359e-13 +6.8422e-13 +6.1858e-13 +5.5696e-13 +4.9965e-13 +4.4695e-13 +3.9914e-13 +3.5653e-13 +3.1940e-13 +2.8805e-13 +2.6276e-13 +2.4384e-13 +2.3157e-13 +2.2606e-13 +2.2638e-13 +2.3121e-13 +2.3926e-13 +2.4922e-13 +2.5978e-13 +2.6965e-13 +2.7752e-13 +2.8207e-13 +2.8202e-13 +2.7605e-13 +2.6305e-13 +2.4357e-13 +2.1911e-13 +1.9115e-13 +1.6119e-13 +1.3072e-13 +1.0122e-13 +7.3854e-14 +4.8864e-14 +2.6325e-14 +6.3148e-15 -1.0733e-14 -2.0053e-14 -1.3989e-14 +1.4656e-14 +5.4218e-14 +6.9002e-14 +3.5801e-14 +3.0360e-16 +8.0209e-15 +1.4579e-14 -1.2158e-15 -3.8504e-16 +2.0396e-14 -2.5965e-15 +1.1195e-14 +6.4304e-16 +2.1470e-17 -5.4078e-17 
+5.6234e+02 +5.4167e-12 +5.4500e-12 +5.4679e-12 +5.4711e-12 +5.4601e-12 +5.4356e-12 +5.3980e-12 +5.3481e-12 +5.2863e-12 +5.2134e-12 +5.1299e-12 +5.0364e-12 +4.9334e-12 +4.8217e-12 +4.7018e-12 +4.5742e-12 +4.4396e-12 +4.2986e-12 +4.1518e-12 +3.9997e-12 +3.8430e-12 +3.6823e-12 +3.5181e-12 +3.3511e-12 +3.1818e-12 +3.0109e-12 +2.8389e-12 +2.6665e-12 +2.4942e-12 +2.3227e-12 +2.1524e-12 +1.9841e-12 +1.8183e-12 +1.6556e-12 +1.4967e-12 +1.3420e-12 +1.1923e-12 +1.0481e-12 +9.0994e-13 +7.7851e-13 +6.5436e-13 +5.3811e-13 +4.3033e-13 +3.3165e-13 +2.4262e-13 +1.6375e-13 +9.5517e-14 +3.8378e-14 -7.1950e-15 -4.0733e-14 -6.1768e-14 -6.9831e-14 -6.4455e-14 -4.5170e-14 -1.1508e-14 +3.6457e-14 +9.3638e-14 +1.5224e-13 +2.0444e-13 +2.4243e-13 +2.5837e-13 +2.4445e-13 +1.9846e-13 +1.3377e-13 +6.6446e-14 +1.2571e-14 -1.3231e-14 -1.3972e-14 -4.4142e-15 +7.7573e-16 -1.4539e-15 +6.3680e-16 +1.4434e-14 +2.1256e-14 +6.0738e-15 +2.5364e-15 +1.3502e-14 +5.2213e-15 -2.3407e-17 -5.9006e-16 +5.3042e-15 +5.9953e-15 -9.2331e-17 +5.9270e-17 
+7.0795e+02 +1.8304e-12 +1.7835e-12 +1.7404e-12 +1.7007e-12 +1.6644e-12 +1.6313e-12 +1.6012e-12 +1.5740e-12 +1.5493e-12 +1.5272e-12 +1.5074e-12 +1.4898e-12 +1.4741e-12 +1.4602e-12 +1.4479e-12 +1.4371e-12 +1.4276e-12 +1.4191e-12 +1.4116e-12 +1.4049e-12 +1.3988e-12 +1.3930e-12 +1.3876e-12 +1.3822e-12 +1.3766e-12 +1.3709e-12 +1.3646e-12 +1.3578e-12 +1.3502e-12 +1.3416e-12 +1.3318e-12 +1.3208e-12 +1.3082e-12 +1.2941e-12 +1.2781e-12 +1.2600e-12 +1.2399e-12 +1.2173e-12 +1.1923e-12 +1.1646e-12 +1.1340e-12 +1.1003e-12 +1.0635e-12 +1.0233e-12 +9.7954e-13 +9.3235e-13 +8.8185e-13 +8.2817e-13 +7.7146e-13 +7.1184e-13 +6.4946e-13 +5.8446e-13 +5.1697e-13 +4.4713e-13 +3.7507e-13 +3.0126e-13 +2.2908e-13 +1.6349e-13 +1.0949e-13 +7.2055e-14 +5.6174e-14 +6.6827e-14 +1.0304e-13 +1.4731e-13 +1.7924e-13 +1.7845e-13 +1.2799e-13 +5.2942e-14 +6.3746e-15 +3.9983e-14 +1.3543e-13 +1.8519e-13 +1.1227e-13 +1.7868e-14 +1.4184e-14 +2.8842e-14 +1.8564e-14 +1.8099e-14 +6.2004e-15 +4.9454e-15 +5.9902e-16 +5.7758e-16 +4.1124e-16 +1.4986e-17 
+8.9125e+02 +3.0697e-12 +3.0861e-12 +3.0937e-12 +3.0927e-12 +3.0835e-12 +3.0665e-12 +3.0420e-12 +3.0103e-12 +2.9718e-12 +2.9268e-12 +2.8758e-12 +2.8189e-12 +2.7566e-12 +2.6892e-12 +2.6171e-12 +2.5405e-12 +2.4599e-12 +2.3756e-12 +2.2879e-12 +2.1972e-12 +2.1038e-12 +2.0081e-12 +1.9104e-12 +1.8110e-12 +1.7103e-12 +1.6086e-12 +1.5064e-12 +1.4038e-12 +1.3014e-12 +1.1993e-12 +1.0980e-12 +9.9779e-13 +8.9903e-13 +8.0206e-13 +7.0722e-13 +6.1487e-13 +5.2533e-13 +4.3896e-13 +3.5610e-13 +2.7710e-13 +2.0229e-13 +1.3202e-13 +6.6638e-14 +6.4874e-15 -4.7983e-14 -9.5722e-14 -1.3547e-13 -1.6596e-13 -1.8593e-13 -1.9412e-13 -1.8927e-13 -1.7011e-13 -1.3539e-13 -8.3847e-14 -1.4210e-14 +7.3892e-14 +1.7262e-13 +2.6971e-13 +3.5285e-13 +4.0972e-13 +4.2802e-13 +3.9544e-13 +3.0977e-13 +1.9688e-13 +8.7527e-14 +1.2459e-14 -5.1727e-16 +4.0591e-14 +1.0391e-13 +1.5739e-13 +1.7808e-13 +1.5463e-13 +8.6492e-14 +2.2323e-14 +7.0666e-15 +6.2192e-15 -1.0136e-16 +2.6872e-15 -1.2154e-16 +2.0784e-15 +6.5196e-16 +1.7270e-16 +1.6839e-16 +6.9839e-17 
+1.1220e+03 +4.1304e-12 +4.1291e-12 +4.1222e-12 +4.1099e-12 +4.0923e-12 +4.0696e-12 +4.0419e-12 +4.0094e-12 +3.9722e-12 +3.9304e-12 +3.8842e-12 +3.8338e-12 +3.7793e-12 +3.7208e-12 +3.6585e-12 +3.5925e-12 +3.5230e-12 +3.4501e-12 +3.3740e-12 +3.2949e-12 +3.2127e-12 +3.1278e-12 +3.0403e-12 +2.9503e-12 +2.8579e-12 +2.7633e-12 +2.6667e-12 +2.5681e-12 +2.4678e-12 +2.3659e-12 +2.2625e-12 +2.1577e-12 +2.0518e-12 +1.9449e-12 +1.8371e-12 +1.7286e-12 +1.6194e-12 +1.5099e-12 +1.4000e-12 +1.2900e-12 +1.1799e-12 +1.0700e-12 +9.6044e-13 +8.5128e-13 +7.4290e-13 +6.3684e-13 +5.3502e-13 +4.3937e-13 +3.5182e-13 +2.7430e-13 +2.0875e-13 +1.5709e-13 +1.2125e-13 +1.0317e-13 +1.0478e-13 +1.2727e-13 +1.6510e-13 +2.0907e-13 +2.4995e-13 +2.7851e-13 +2.8552e-13 +2.6176e-13 +2.0590e-13 +1.3864e-13 +8.4477e-14 +6.7917e-14 +1.0971e-13 +1.8493e-13 +2.3819e-13 +2.1508e-13 +1.1821e-13 +2.2751e-14 -8.6649e-15 +1.9616e-15 +1.2542e-14 +6.6610e-15 +7.1598e-16 +1.6359e-14 +8.1518e-15 +1.7004e-15 +4.0608e-15 -3.7820e-17 +5.5163e-16 +2.9953e-17 
+1.4125e+03 +8.7583e-13 +8.4106e-13 +8.0810e-13 +7.7690e-13 +7.4737e-13 +7.1946e-13 +6.9309e-13 +6.6819e-13 +6.4470e-13 +6.2254e-13 +6.0165e-13 +5.8195e-13 +5.6338e-13 +5.4587e-13 +5.2936e-13 +5.1376e-13 +4.9902e-13 +4.8506e-13 +4.7181e-13 +4.5921e-13 +4.4719e-13 +4.3567e-13 +4.2459e-13 +4.1389e-13 +4.0348e-13 +3.9330e-13 +3.8329e-13 +3.7337e-13 +3.6348e-13 +3.5354e-13 +3.4349e-13 +3.3325e-13 +3.2277e-13 +3.1196e-13 +3.0077e-13 +2.8912e-13 +2.7694e-13 +2.6417e-13 +2.5073e-13 +2.3655e-13 +2.2158e-13 +2.0573e-13 +1.8894e-13 +1.7114e-13 +1.5235e-13 +1.3306e-13 +1.1394e-13 +9.5644e-14 +7.8842e-14 +6.4197e-14 +5.2372e-14 +4.4031e-14 +3.9838e-14 +4.0456e-14 +4.6550e-14 +5.8620e-14 +7.5672e-14 +9.5904e-14 +1.1750e-13 +1.3866e-13 +1.5756e-13 +1.7240e-13 +1.8131e-13 +1.8228e-13 +1.7328e-13 +1.5227e-13 +1.1784e-13 +7.6146e-14 +3.8403e-14 +1.5721e-14 +1.2272e-14 +2.3390e-14 +4.1361e-14 +4.6337e-14 +2.7447e-14 +2.6424e-14 +3.1949e-14 +3.4540e-16 +6.8915e-15 +1.4806e-16 +2.8040e-17 +1.0242e-15 +2.6083e-16 -6.4318e-18 
+1.7783e+03 +3.2997e-12 +3.2985e-12 +3.2907e-12 +3.2764e-12 +3.2560e-12 +3.2298e-12 +3.1982e-12 +3.1613e-12 +3.1194e-12 +3.0729e-12 +3.0221e-12 +2.9673e-12 +2.9086e-12 +2.8465e-12 +2.7813e-12 +2.7131e-12 +2.6424e-12 +2.5693e-12 +2.4943e-12 +2.4175e-12 +2.3393e-12 +2.2600e-12 +2.1799e-12 +2.0992e-12 +2.0182e-12 +1.9373e-12 +1.8567e-12 +1.7768e-12 +1.6978e-12 +1.6199e-12 +1.5436e-12 +1.4691e-12 +1.3967e-12 +1.3266e-12 +1.2592e-12 +1.1948e-12 +1.1336e-12 +1.0760e-12 +1.0222e-12 +9.7251e-13 +9.2728e-13 +8.8677e-13 +8.5126e-13 +8.2106e-13 +7.9626e-13 +7.7596e-13 +7.5889e-13 +7.4375e-13 +7.2929e-13 +7.1422e-13 +6.9726e-13 +6.7715e-13 +6.5261e-13 +6.2235e-13 +5.8511e-13 +5.3984e-13 +4.8753e-13 +4.3033e-13 +3.7036e-13 +3.0977e-13 +2.5069e-13 +1.9526e-13 +1.4556e-13 +1.0351e-13 +7.1007e-14 +4.9950e-14 +4.1836e-14 +4.3346e-14 +4.7947e-14 +4.9166e-14 +4.5038e-14 +3.9334e-14 +3.5672e-14 +3.5103e-14 +3.5970e-14 +2.8684e-14 +1.2349e-14 +2.6784e-15 +7.6556e-15 +1.5024e-15 +6.3246e-16 +1.6463e-15 +1.4626e-15 +3.8283e-17 
+2.2387e+03 +2.9215e-12 +2.9716e-12 +3.0084e-12 +3.0326e-12 +3.0448e-12 +3.0455e-12 +3.0355e-12 +3.0152e-12 +2.9853e-12 +2.9465e-12 +2.8992e-12 +2.8440e-12 +2.7817e-12 +2.7128e-12 +2.6378e-12 +2.5574e-12 +2.4723e-12 +2.3829e-12 +2.2899e-12 +2.1938e-12 +2.0954e-12 +1.9952e-12 +1.8937e-12 +1.7917e-12 +1.6896e-12 +1.5881e-12 +1.4878e-12 +1.3893e-12 +1.2932e-12 +1.2000e-12 +1.1105e-12 +1.0251e-12 +9.4457e-13 +8.6940e-13 +8.0022e-13 +7.3762e-13 +6.8222e-13 +6.3461e-13 +5.9539e-13 +5.6517e-13 +5.4453e-13 +5.3408e-13 +5.3443e-13 +5.4617e-13 +5.6946e-13 +6.0200e-13 +6.4064e-13 +6.8219e-13 +7.2350e-13 +7.6140e-13 +7.9272e-13 +8.1429e-13 +8.2296e-13 +8.1555e-13 +7.8890e-13 +7.4047e-13 +6.7350e-13 +5.9438e-13 +5.0950e-13 +4.2529e-13 +3.4813e-13 +2.8445e-13 +2.3769e-13 +2.0312e-13 +1.7461e-13 +1.4598e-13 +1.1179e-13 +7.4962e-14 +4.4017e-14 +2.7382e-14 +2.6081e-14 +3.1707e-14 +3.5218e-14 +2.7442e-14 +6.9612e-15 +4.5303e-15 +1.4465e-14 +1.4614e-15 +2.4436e-15 +5.1823e-15 +1.7360e-15 -2.4052e-16 +1.6743e-15 +3.6409e-17 
+2.8184e+03 +4.0334e-12 +4.0903e-12 +4.1305e-12 +4.1545e-12 +4.1633e-12 +4.1576e-12 +4.1380e-12 +4.1054e-12 +4.0604e-12 +4.0038e-12 +3.9364e-12 +3.8589e-12 +3.7720e-12 +3.6764e-12 +3.5730e-12 +3.4624e-12 +3.3454e-12 +3.2227e-12 +3.0951e-12 +2.9634e-12 +2.8281e-12 +2.6902e-12 +2.5503e-12 +2.4091e-12 +2.2675e-12 +2.1261e-12 +1.9857e-12 +1.8471e-12 +1.7109e-12 +1.5779e-12 +1.4489e-12 +1.3245e-12 +1.2056e-12 +1.0929e-12 +9.8711e-13 +8.8895e-13 +7.9919e-13 +7.1856e-13 +6.4780e-13 +5.8766e-13 +5.3887e-13 +5.0218e-13 +4.7832e-13 +4.6804e-13 +4.7158e-13 +4.8641e-13 +5.0902e-13 +5.3591e-13 +5.6357e-13 +5.8849e-13 +6.0716e-13 +6.1609e-13 +6.1175e-13 +5.9064e-13 +5.4927e-13 +4.8497e-13 +4.0304e-13 +3.1306e-13 +2.2466e-13 +1.4747e-13 +9.1101e-14 +6.5182e-14 +7.3202e-14 +1.0161e-13 +1.3388e-13 +1.5351e-13 +1.4563e-13 +1.1529e-13 +8.0891e-14 +6.0602e-14 +5.6671e-14 +5.1043e-14 +2.9952e-14 +7.1495e-15 -5.2328e-16 +1.1562e-15 +8.9473e-15 +1.8471e-14 +5.7699e-15 +3.5077e-16 +1.2381e-15 +6.4971e-17 +7.7914e-17 +1.6048e-17 
+3.5481e+03 +2.5358e-12 +2.5666e-12 +2.5881e-12 +2.6009e-12 +2.6051e-12 +2.6013e-12 +2.5898e-12 +2.5710e-12 +2.5453e-12 +2.5130e-12 +2.4746e-12 +2.4304e-12 +2.3808e-12 +2.3263e-12 +2.2671e-12 +2.2037e-12 +2.1365e-12 +2.0658e-12 +1.9920e-12 +1.9155e-12 +1.8368e-12 +1.7561e-12 +1.6739e-12 +1.5906e-12 +1.5064e-12 +1.4220e-12 +1.3375e-12 +1.2534e-12 +1.1701e-12 +1.0879e-12 +1.0073e-12 +9.2867e-13 +8.5233e-13 +7.7869e-13 +7.0813e-13 +6.4105e-13 +5.7783e-13 +5.1885e-13 +4.6450e-13 +4.1517e-13 +3.7123e-13 +3.3307e-13 +3.0108e-13 +2.7565e-13 +2.5699e-13 +2.4443e-13 +2.3697e-13 +2.3361e-13 +2.3336e-13 +2.3520e-13 +2.3816e-13 +2.4122e-13 +2.4340e-13 +2.4369e-13 +2.4109e-13 +2.3480e-13 +2.2572e-13 +2.1568e-13 +2.0654e-13 +2.0014e-13 +1.9833e-13 +2.0295e-13 +2.1367e-13 +2.2414e-13 +2.2694e-13 +2.1465e-13 +1.8093e-13 +1.3238e-13 +8.4217e-14 +5.1508e-14 +3.7680e-14 +3.1339e-14 +2.2336e-14 +1.1352e-14 +3.1348e-15 +5.2676e-15 +1.1395e-14 +6.5434e-15 +2.6361e-15 +1.5519e-15 +2.7267e-15 +1.4330e-16 +9.9956e-16 +7.0441e-17 
+4.4668e+03 +2.1916e-12 +2.1887e-12 +2.1825e-12 +2.1733e-12 +2.1610e-12 +2.1459e-12 +2.1281e-12 +2.1076e-12 +2.0847e-12 +2.0594e-12 +2.0319e-12 +2.0023e-12 +1.9706e-12 +1.9372e-12 +1.9019e-12 +1.8651e-12 +1.8268e-12 +1.7871e-12 +1.7461e-12 +1.7041e-12 +1.6610e-12 +1.6171e-12 +1.5724e-12 +1.5272e-12 +1.4814e-12 +1.4352e-12 +1.3889e-12 +1.3423e-12 +1.2958e-12 +1.2494e-12 +1.2033e-12 +1.1576e-12 +1.1123e-12 +1.0677e-12 +1.0238e-12 +9.8078e-13 +9.3877e-13 +8.9788e-13 +8.5824e-13 +8.1997e-13 +7.8319e-13 +7.4804e-13 +7.1462e-13 +6.8308e-13 +6.5347e-13 +6.2552e-13 +5.9882e-13 +5.7298e-13 +5.4761e-13 +5.2230e-13 +4.9666e-13 +4.7029e-13 +4.4279e-13 +4.1377e-13 +3.8283e-13 +3.4970e-13 +3.1538e-13 +2.8150e-13 +2.4974e-13 +2.2177e-13 +1.9923e-13 +1.8379e-13 +1.7546e-13 +1.6966e-13 +1.6098e-13 +1.4404e-13 +1.1442e-13 +7.9330e-14 +5.3787e-14 +5.2418e-14 +7.0791e-14 +8.0194e-14 +5.8838e-14 +2.6638e-14 +1.0577e-14 +1.2896e-14 +1.6622e-14 +4.1262e-15 +6.2187e-16 +4.6248e-15 +1.3199e-15 +1.0626e-15 +5.3933e-17 +3.6620e-17 
+5.6234e+03 +3.1810e-12 +3.2067e-12 +3.2221e-12 +3.2275e-12 +3.2235e-12 +3.2105e-12 +3.1889e-12 +3.1592e-12 +3.1219e-12 +3.0773e-12 +3.0259e-12 +2.9682e-12 +2.9046e-12 +2.8356e-12 +2.7616e-12 +2.6830e-12 +2.6003e-12 +2.5140e-12 +2.4244e-12 +2.3321e-12 +2.2374e-12 +2.1409e-12 +2.0430e-12 +1.9440e-12 +1.8445e-12 +1.7450e-12 +1.6458e-12 +1.5474e-12 +1.4502e-12 +1.3547e-12 +1.2614e-12 +1.1706e-12 +1.0829e-12 +9.9862e-13 +9.1828e-13 +8.4231e-13 +7.7115e-13 +7.0524e-13 +6.4504e-13 +5.9099e-13 +5.4353e-13 +5.0311e-13 +4.7018e-13 +4.4518e-13 +4.2832e-13 +4.1842e-13 +4.1384e-13 +4.1294e-13 +4.1407e-13 +4.1557e-13 +4.1581e-13 +4.1314e-13 +4.0590e-13 +3.9246e-13 +3.7116e-13 +3.4067e-13 +3.0247e-13 +2.5958e-13 +2.1504e-13 +1.7187e-13 +1.3310e-13 +1.0178e-13 +7.9699e-14 +6.5288e-14 +5.6372e-14 +5.0779e-14 +4.6557e-14 +4.4446e-14 +4.6976e-14 +5.6510e-14 +6.8065e-14 +6.7290e-14 +4.5719e-14 +2.6710e-14 +3.0502e-14 +2.3413e-14 +3.3062e-15 +4.2982e-15 +3.0353e-15 +5.3365e-15 +2.1704e-15 +6.2843e-16 +4.4664e-16 +5.1580e-17 
+7.0795e+03 +2.6832e-12 +2.7015e-12 +2.7118e-12 +2.7147e-12 +2.7103e-12 +2.6991e-12 +2.6813e-12 +2.6573e-12 +2.6275e-12 +2.5922e-12 +2.5517e-12 +2.5063e-12 +2.4564e-12 +2.4023e-12 +2.3444e-12 +2.2830e-12 +2.2185e-12 +2.1511e-12 +2.0812e-12 +2.0092e-12 +1.9353e-12 +1.8600e-12 +1.7835e-12 +1.7063e-12 +1.6285e-12 +1.5506e-12 +1.4730e-12 +1.3958e-12 +1.3196e-12 +1.2445e-12 +1.1711e-12 +1.0995e-12 +1.0301e-12 +9.6327e-13 +8.9936e-13 +8.3869e-13 +7.8159e-13 +7.2840e-13 +6.7945e-13 +6.3509e-13 +5.9565e-13 +5.6147e-13 +5.3288e-13 +5.1022e-13 +4.9363e-13 +4.8215e-13 +4.7442e-13 +4.6909e-13 +4.6480e-13 +4.6021e-13 +4.5395e-13 +4.4468e-13 +4.3104e-13 +4.1168e-13 +3.8525e-13 +3.5069e-13 +3.0979e-13 +2.6586e-13 +2.2223e-13 +1.8224e-13 +1.4920e-13 +1.2644e-13 +1.1557e-13 +1.1339e-13 +1.1586e-13 +1.1894e-13 +1.1879e-13 +1.1370e-13 +1.0339e-13 +8.7678e-14 +6.8883e-14 +5.2480e-14 +4.2393e-14 +3.3924e-14 +2.2445e-14 +1.4690e-14 +1.0201e-14 +3.2692e-15 +3.7630e-15 +7.6028e-16 +2.2075e-15 +5.5958e-16 +2.7673e-16 +9.1569e-18 
+8.9125e+03 +2.3016e-12 +2.3056e-12 +2.3045e-12 +2.2984e-12 +2.2875e-12 +2.2720e-12 +2.2522e-12 +2.2283e-12 +2.2006e-12 +2.1691e-12 +2.1342e-12 +2.0961e-12 +2.0550e-12 +2.0111e-12 +1.9646e-12 +1.9158e-12 +1.8648e-12 +1.8120e-12 +1.7575e-12 +1.7015e-12 +1.6443e-12 +1.5861e-12 +1.5271e-12 +1.4675e-12 +1.4076e-12 +1.3475e-12 +1.2875e-12 +1.2278e-12 +1.1687e-12 +1.1103e-12 +1.0529e-12 +9.9667e-13 +9.4186e-13 +8.8869e-13 +8.3737e-13 +7.8814e-13 +7.4120e-13 +6.9678e-13 +6.5510e-13 +6.1639e-13 +5.8085e-13 +5.4872e-13 +5.2022e-13 +4.9556e-13 +4.7488e-13 +4.5779e-13 +4.4374e-13 +4.3216e-13 +4.2250e-13 +4.1420e-13 +4.0670e-13 +3.9943e-13 +3.9184e-13 +3.8336e-13 +3.7345e-13 +3.6160e-13 +3.4789e-13 +3.3273e-13 +3.1652e-13 +2.9967e-13 +2.8259e-13 +2.6566e-13 +2.4885e-13 +2.3083e-13 +2.1007e-13 +1.8504e-13 +1.5449e-13 +1.2059e-13 +8.7837e-14 +6.0689e-14 +4.1360e-14 +2.9203e-14 +2.2813e-14 +1.7976e-14 +1.2100e-14 +1.2752e-14 +1.3058e-14 +1.5720e-15 +4.1156e-15 +6.3618e-16 +1.4643e-15 +6.3326e-16 +2.3453e-16 +3.5893e-17 
+1.1220e+04 +2.2653e-12 +2.2707e-12 +2.2723e-12 +2.2702e-12 +2.2646e-12 +2.2557e-12 +2.2435e-12 +2.2282e-12 +2.2099e-12 +2.1888e-12 +2.1650e-12 +2.1386e-12 +2.1098e-12 +2.0786e-12 +2.0453e-12 +2.0100e-12 +1.9727e-12 +1.9337e-12 +1.8930e-12 +1.8509e-12 +1.8073e-12 +1.7625e-12 +1.7166e-12 +1.6697e-12 +1.6220e-12 +1.5736e-12 +1.5246e-12 +1.4752e-12 +1.4254e-12 +1.3755e-12 +1.3256e-12 +1.2757e-12 +1.2261e-12 +1.1768e-12 +1.1280e-12 +1.0799e-12 +1.0325e-12 +9.8596e-13 +9.4048e-13 +8.9616e-13 +8.5314e-13 +8.1154e-13 +7.7150e-13 +7.3316e-13 +6.9662e-13 +6.6188e-13 +6.2892e-13 +5.9768e-13 +5.6812e-13 +5.4022e-13 +5.1392e-13 +4.8918e-13 +4.6598e-13 +4.4426e-13 +4.2398e-13 +4.0505e-13 +3.8667e-13 +3.6773e-13 +3.4707e-13 +3.2357e-13 +2.9609e-13 +2.6350e-13 +2.2571e-13 +1.8556e-13 +1.4641e-13 +1.1160e-13 +8.4278e-14 +6.5047e-14 +5.2821e-14 +4.6455e-14 +4.3752e-14 +4.1174e-14 +3.5534e-14 +2.5765e-14 +1.3636e-14 +9.8358e-15 +1.0773e-14 +3.4334e-15 +4.3915e-15 +3.7900e-15 +2.0918e-15 +5.0064e-16 +1.7649e-16 +6.5584e-17 
+1.4125e+04 +1.7180e-12 +1.7322e-12 +1.7411e-12 +1.7449e-12 +1.7439e-12 +1.7383e-12 +1.7283e-12 +1.7142e-12 +1.6961e-12 +1.6742e-12 +1.6489e-12 +1.6204e-12 +1.5887e-12 +1.5543e-12 +1.5172e-12 +1.4778e-12 +1.4363e-12 +1.3928e-12 +1.3475e-12 +1.3009e-12 +1.2529e-12 +1.2040e-12 +1.1542e-12 +1.1038e-12 +1.0531e-12 +1.0022e-12 +9.5143e-13 +9.0096e-13 +8.5102e-13 +8.0184e-13 +7.5363e-13 +7.0663e-13 +6.6106e-13 +6.1714e-13 +5.7509e-13 +5.3514e-13 +4.9752e-13 +4.6244e-13 +4.3012e-13 +4.0080e-13 +3.7470e-13 +3.5204e-13 +3.3304e-13 +3.1792e-13 +3.0683e-13 +2.9936e-13 +2.9495e-13 +2.9301e-13 +2.9297e-13 +2.9425e-13 +2.9629e-13 +2.9851e-13 +3.0032e-13 +3.0116e-13 +3.0045e-13 +2.9762e-13 +2.9225e-13 +2.8394e-13 +2.7233e-13 +2.5703e-13 +2.3767e-13 +2.1388e-13 +1.8605e-13 +1.5671e-13 +1.2877e-13 +1.0514e-13 +8.8392e-14 +7.7034e-14 +6.6870e-14 +5.3776e-14 +3.8316e-14 +2.7015e-14 +2.4392e-14 +2.3234e-14 +1.6392e-14 +1.2084e-14 +1.0109e-14 +3.0773e-15 +3.1505e-15 +1.2788e-15 +1.1644e-15 +4.1102e-16 +1.5470e-16 +3.0430e-17 
+1.7783e+04 +1.5726e-12 +1.5746e-12 +1.5748e-12 +1.5732e-12 +1.5700e-12 +1.5651e-12 +1.5587e-12 +1.5508e-12 +1.5414e-12 +1.5306e-12 +1.5185e-12 +1.5051e-12 +1.4904e-12 +1.4746e-12 +1.4576e-12 +1.4396e-12 +1.4206e-12 +1.4006e-12 +1.3798e-12 +1.3581e-12 +1.3356e-12 +1.3123e-12 +1.2885e-12 +1.2640e-12 +1.2389e-12 +1.2133e-12 +1.1873e-12 +1.1609e-12 +1.1342e-12 +1.1072e-12 +1.0799e-12 +1.0525e-12 +1.0250e-12 +9.9745e-13 +9.6989e-13 +9.4238e-13 +9.1499e-13 +8.8776e-13 +8.6077e-13 +8.3406e-13 +8.0768e-13 +7.8170e-13 +7.5617e-13 +7.3115e-13 +7.0664e-13 +6.8237e-13 +6.5797e-13 +6.3308e-13 +6.0731e-13 +5.8030e-13 +5.5167e-13 +5.2107e-13 +4.8811e-13 +4.5243e-13 +4.1365e-13 +3.7155e-13 +3.2721e-13 +2.8242e-13 +2.3896e-13 +1.9864e-13 +1.6325e-13 +1.3458e-13 +1.1362e-13 +9.9050e-14 +8.9192e-14 +8.2348e-14 +7.6872e-14 +7.1708e-14 +6.6189e-14 +5.9671e-14 +5.2013e-14 +4.3714e-14 +3.5184e-14 +2.6189e-14 +1.7436e-14 +1.4273e-14 +1.4372e-14 +8.5241e-15 +2.3265e-15 +1.9611e-15 +1.1774e-15 +2.2839e-16 +1.2336e-16 +1.7344e-16 
+2.2387e+04 +1.4180e-12 +1.4216e-12 +1.4234e-12 +1.4235e-12 +1.4220e-12 +1.4190e-12 +1.4143e-12 +1.4082e-12 +1.4006e-12 +1.3916e-12 +1.3812e-12 +1.3694e-12 +1.3564e-12 +1.3422e-12 +1.3268e-12 +1.3102e-12 +1.2925e-12 +1.2737e-12 +1.2540e-12 +1.2332e-12 +1.2116e-12 +1.1890e-12 +1.1657e-12 +1.1415e-12 +1.1166e-12 +1.0910e-12 +1.0647e-12 +1.0378e-12 +1.0103e-12 +9.8236e-13 +9.5391e-13 +9.2502e-13 +8.9574e-13 +8.6611e-13 +8.3619e-13 +8.0601e-13 +7.7562e-13 +7.4507e-13 +7.1439e-13 +6.8364e-13 +6.5286e-13 +6.2209e-13 +5.9137e-13 +5.6076e-13 +5.3031e-13 +5.0010e-13 +4.7027e-13 +4.4091e-13 +4.1215e-13 +3.8410e-13 +3.5687e-13 +3.3057e-13 +3.0533e-13 +2.8124e-13 +2.5844e-13 +2.3702e-13 +2.1705e-13 +1.9856e-13 +1.8159e-13 +1.6617e-13 +1.5235e-13 +1.4015e-13 +1.2937e-13 +1.1912e-13 +1.0841e-13 +9.6240e-14 +8.1787e-14 +6.6448e-14 +5.3090e-14 +4.4528e-14 +4.0555e-14 +3.7120e-14 +3.0691e-14 +2.1513e-14 +1.1886e-14 +7.7543e-15 +8.1890e-15 +5.7572e-15 +3.7466e-15 +2.4714e-15 +9.0502e-16 +3.4854e-16 +1.3097e-16 +9.2947e-18 
+2.8184e+04 +1.2343e-12 +1.2308e-12 +1.2270e-12 +1.2229e-12 +1.2184e-12 +1.2135e-12 +1.2083e-12 +1.2028e-12 +1.1968e-12 +1.1906e-12 +1.1839e-12 +1.1768e-12 +1.1694e-12 +1.1615e-12 +1.1533e-12 +1.1446e-12 +1.1355e-12 +1.1260e-12 +1.1161e-12 +1.1058e-12 +1.0950e-12 +1.0838e-12 +1.0721e-12 +1.0599e-12 +1.0473e-12 +1.0343e-12 +1.0207e-12 +1.0067e-12 +9.9219e-13 +9.7718e-13 +9.6168e-13 +9.4568e-13 +9.2917e-13 +9.1214e-13 +8.9459e-13 +8.7651e-13 +8.5789e-13 +8.3874e-13 +8.1904e-13 +7.9879e-13 +7.7798e-13 +7.5661e-13 +7.3467e-13 +7.1215e-13 +6.8904e-13 +6.6529e-13 +6.4080e-13 +6.1552e-13 +5.8936e-13 +5.6224e-13 +5.3410e-13 +5.0484e-13 +4.7441e-13 +4.4272e-13 +4.0970e-13 +3.7532e-13 +3.4004e-13 +3.0458e-13 +2.6965e-13 +2.3598e-13 +2.0428e-13 +1.7528e-13 +1.4948e-13 +1.2681e-13 +1.0712e-13 +9.0218e-14 +7.5940e-14 +6.3995e-14 +5.4027e-14 +4.5671e-14 +3.8429e-14 +3.1631e-14 +2.4862e-14 +1.9009e-14 +1.4851e-14 +1.1034e-14 +7.3853e-15 +4.9913e-15 +2.9446e-15 +2.1078e-15 +6.6441e-16 +3.9261e-16 +3.1352e-16 +8.7400e-17 
+3.5481e+04 +8.4863e-13 +8.3643e-13 +8.2563e-13 +8.1616e-13 +8.0793e-13 +8.0086e-13 +7.9486e-13 +7.8985e-13 +7.8575e-13 +7.8248e-13 +7.7995e-13 +7.7807e-13 +7.7678e-13 +7.7598e-13 +7.7559e-13 +7.7552e-13 +7.7570e-13 +7.7605e-13 +7.7647e-13 +7.7689e-13 +7.7722e-13 +7.7738e-13 +7.7729e-13 +7.7687e-13 +7.7602e-13 +7.7468e-13 +7.7275e-13 +7.7015e-13 +7.6680e-13 +7.6262e-13 +7.5752e-13 +7.5143e-13 +7.4425e-13 +7.3590e-13 +7.2631e-13 +7.1539e-13 +7.0305e-13 +6.8922e-13 +6.7381e-13 +6.5673e-13 +6.3791e-13 +6.1726e-13 +5.9470e-13 +5.7015e-13 +5.4358e-13 +5.1533e-13 +4.8586e-13 +4.5563e-13 +4.2508e-13 +3.9469e-13 +3.6491e-13 +3.3620e-13 +3.0901e-13 +2.8381e-13 +2.6105e-13 +2.4111e-13 +2.2354e-13 +2.0748e-13 +1.9207e-13 +1.7642e-13 +1.5966e-13 +1.4093e-13 +1.2013e-13 +9.9362e-14 +8.1094e-14 +6.7802e-14 +6.1592e-14 +6.0108e-14 +5.8021e-14 +5.0096e-14 +3.6633e-14 +2.4978e-14 +2.0821e-14 +1.9481e-14 +1.5083e-14 +1.0176e-14 +6.8256e-15 +5.0446e-15 +5.7798e-15 +2.3200e-15 +1.4362e-15 +5.3517e-16 +1.6117e-16 +4.0621e-17 
+4.4668e+04 +9.2539e-13 +9.1536e-13 +9.0572e-13 +8.9644e-13 +8.8749e-13 +8.7885e-13 +8.7049e-13 +8.6237e-13 +8.5447e-13 +8.4676e-13 +8.3921e-13 +8.3180e-13 +8.2449e-13 +8.1726e-13 +8.1007e-13 +8.0291e-13 +7.9574e-13 +7.8853e-13 +7.8125e-13 +7.7388e-13 +7.6639e-13 +7.5874e-13 +7.5091e-13 +7.4288e-13 +7.3461e-13 +7.2607e-13 +7.1724e-13 +7.0809e-13 +6.9859e-13 +6.8870e-13 +6.7841e-13 +6.6768e-13 +6.5649e-13 +6.4480e-13 +6.3260e-13 +6.1984e-13 +6.0650e-13 +5.9255e-13 +5.7797e-13 +5.6273e-13 +5.4679e-13 +5.3013e-13 +5.1272e-13 +4.9453e-13 +4.7555e-13 +4.5582e-13 +4.3544e-13 +4.1448e-13 +3.9302e-13 +3.7114e-13 +3.4891e-13 +3.2643e-13 +3.0377e-13 +2.8100e-13 +2.5822e-13 +2.3553e-13 +2.1342e-13 +1.9255e-13 +1.7361e-13 +1.5727e-13 +1.4420e-13 +1.3507e-13 +1.2969e-13 +1.2549e-13 +1.1947e-13 +1.0861e-13 +9.0375e-14 +6.7668e-14 +4.7037e-14 +3.4931e-14 +3.1738e-14 +3.0117e-14 +2.4057e-14 +1.6498e-14 +1.1866e-14 +9.2337e-15 +7.4212e-15 +5.6841e-15 +2.2920e-15 +1.5929e-15 +9.0375e-16 +3.5791e-16 +1.2286e-16 +4.5493e-17 
+5.6234e+04 +9.4467e-13 +9.2844e-13 +9.1379e-13 +9.0065e-13 +8.8890e-13 +8.7848e-13 +8.6927e-13 +8.6120e-13 +8.5417e-13 +8.4808e-13 +8.4286e-13 +8.3840e-13 +8.3461e-13 +8.3141e-13 +8.2870e-13 +8.2639e-13 +8.2439e-13 +8.2260e-13 +8.2094e-13 +8.1932e-13 +8.1764e-13 +8.1581e-13 +8.1374e-13 +8.1134e-13 +8.0852e-13 +8.0518e-13 +8.0124e-13 +7.9660e-13 +7.9117e-13 +7.8487e-13 +7.7759e-13 +7.6925e-13 +7.5975e-13 +7.4902e-13 +7.3694e-13 +7.2344e-13 +7.0841e-13 +6.9178e-13 +6.7344e-13 +6.5331e-13 +6.3130e-13 +6.0731e-13 +5.8125e-13 +5.5303e-13 +5.2264e-13 +4.9053e-13 +4.5732e-13 +4.2360e-13 +3.9000e-13 +3.5712e-13 +3.2558e-13 +2.9599e-13 +2.6895e-13 +2.4508e-13 +2.2499e-13 +2.0917e-13 +1.9698e-13 +1.8719e-13 +1.7854e-13 +1.6980e-13 +1.5971e-13 +1.4703e-13 +1.3119e-13 +1.1351e-13 +9.5618e-14 +7.9166e-14 +6.5658e-14 +5.4954e-14 +4.5818e-14 +3.7023e-14 +2.8390e-14 +2.1082e-14 +1.6046e-14 +1.2753e-14 +1.0460e-14 +9.3949e-15 +7.9566e-15 +4.3481e-15 +2.8258e-15 +2.0861e-15 +8.8889e-16 +3.5700e-16 +1.8236e-16 +5.5949e-17 
+7.0795e+04 +1.0444e-12 +1.0410e-12 +1.0373e-12 +1.0332e-12 +1.0288e-12 +1.0240e-12 +1.0189e-12 +1.0133e-12 +1.0074e-12 +1.0011e-12 +9.9438e-13 +9.8722e-13 +9.7963e-13 +9.7159e-13 +9.6309e-13 +9.5412e-13 +9.4466e-13 +9.3471e-13 +9.2426e-13 +9.1329e-13 +9.0179e-13 +8.8976e-13 +8.7717e-13 +8.6402e-13 +8.5030e-13 +8.3599e-13 +8.2109e-13 +8.0558e-13 +7.8945e-13 +7.7269e-13 +7.5528e-13 +7.3723e-13 +7.1851e-13 +6.9911e-13 +6.7903e-13 +6.5825e-13 +6.3676e-13 +6.1455e-13 +5.9160e-13 +5.6791e-13 +5.4347e-13 +5.1826e-13 +4.9227e-13 +4.6549e-13 +4.3796e-13 +4.0996e-13 +3.8188e-13 +3.5409e-13 +3.2699e-13 +3.0094e-13 +2.7634e-13 +2.5356e-13 +2.3298e-13 +2.1499e-13 +1.9996e-13 +1.8819e-13 +1.7905e-13 +1.7148e-13 +1.6437e-13 +1.5662e-13 +1.4716e-13 +1.3489e-13 +1.1941e-13 +1.0230e-13 +8.5447e-14 +7.0769e-14 +5.9979e-14 +5.2552e-14 +4.6460e-14 +3.9695e-14 +3.1872e-14 +2.4676e-14 +1.9473e-14 +1.5417e-14 +1.1374e-14 +7.8883e-15 +5.4156e-15 +3.6588e-15 +2.4045e-15 +1.7756e-15 +8.6453e-16 +4.0974e-16 +1.9889e-16 +5.5890e-17 
+8.9125e+04 +9.4939e-13 +9.5731e-13 +9.6311e-13 +9.6686e-13 +9.6865e-13 +9.6854e-13 +9.6661e-13 +9.6293e-13 +9.5759e-13 +9.5064e-13 +9.4218e-13 +9.3227e-13 +9.2098e-13 +9.0840e-13 +8.9459e-13 +8.7963e-13 +8.6359e-13 +8.4656e-13 +8.2860e-13 +8.0979e-13 +7.9020e-13 +7.6990e-13 +7.4898e-13 +7.2751e-13 +7.0555e-13 +6.8319e-13 +6.6050e-13 +6.3756e-13 +6.1443e-13 +5.9120e-13 +5.6793e-13 +5.4471e-13 +5.2160e-13 +4.9868e-13 +4.7603e-13 +4.5372e-13 +4.3182e-13 +4.1042e-13 +3.8957e-13 +3.6937e-13 +3.4987e-13 +3.3117e-13 +3.1332e-13 +2.9641e-13 +2.8050e-13 +2.6551e-13 +2.5137e-13 +2.3797e-13 +2.2521e-13 +2.1302e-13 +2.0127e-13 +1.8990e-13 +1.7879e-13 +1.6785e-13 +1.5699e-13 +1.4612e-13 +1.3535e-13 +1.2484e-13 +1.1478e-13 +1.0535e-13 +9.6725e-14 +8.9087e-14 +8.2419e-14 +7.6159e-14 +6.9651e-14 +6.2238e-14 +5.3380e-14 +4.3934e-14 +3.5691e-14 +3.0403e-14 +2.7812e-14 +2.5094e-14 +2.0070e-14 +1.4529e-14 +1.0831e-14 +8.5608e-15 +6.2970e-15 +3.4848e-15 +2.2877e-15 +1.6842e-15 +1.0863e-15 +2.6129e-16 +1.6964e-16 +4.0114e-17 
+1.1220e+05 +7.2677e-13 +7.2851e-13 +7.2924e-13 +7.2901e-13 +7.2785e-13 +7.2577e-13 +7.2282e-13 +7.1902e-13 +7.1440e-13 +7.0899e-13 +7.0282e-13 +6.9593e-13 +6.8834e-13 +6.8008e-13 +6.7118e-13 +6.6168e-13 +6.5160e-13 +6.4097e-13 +6.2982e-13 +6.1818e-13 +6.0609e-13 +5.9357e-13 +5.8065e-13 +5.6736e-13 +5.5373e-13 +5.3980e-13 +5.2559e-13 +5.1113e-13 +4.9645e-13 +4.8159e-13 +4.6657e-13 +4.5142e-13 +4.3617e-13 +4.2086e-13 +4.0550e-13 +3.9014e-13 +3.7480e-13 +3.5952e-13 +3.4431e-13 +3.2922e-13 +3.1427e-13 +2.9949e-13 +2.8492e-13 +2.7058e-13 +2.5649e-13 +2.4267e-13 +2.2911e-13 +2.1581e-13 +2.0276e-13 +1.8996e-13 +1.7741e-13 +1.6510e-13 +1.5304e-13 +1.4121e-13 +1.2962e-13 +1.1829e-13 +1.0740e-13 +9.7255e-14 +8.8150e-14 +8.0378e-14 +7.4235e-14 +7.0016e-14 +6.7666e-14 +6.6156e-14 +6.4290e-14 +6.0870e-14 +5.4830e-14 +4.6687e-14 +3.8015e-14 +3.0380e-14 +2.4438e-14 +1.9678e-14 +1.5557e-14 +1.1730e-14 +8.1730e-15 +5.9311e-15 +4.6942e-15 +2.9746e-15 +1.8985e-15 +1.5443e-15 +7.7644e-16 +5.0725e-16 +1.0525e-16 +4.3743e-17 
+1.4125e+05 +4.0172e-13 +3.9779e-13 +3.9393e-13 +3.9014e-13 +3.8640e-13 +3.8272e-13 +3.7908e-13 +3.7548e-13 +3.7191e-13 +3.6837e-13 +3.6485e-13 +3.6135e-13 +3.5785e-13 +3.5436e-13 +3.5086e-13 +3.4735e-13 +3.4382e-13 +3.4027e-13 +3.3669e-13 +3.3308e-13 +3.2942e-13 +3.2572e-13 +3.2196e-13 +3.1815e-13 +3.1426e-13 +3.1031e-13 +3.0627e-13 +3.0215e-13 +2.9794e-13 +2.9363e-13 +2.8921e-13 +2.8469e-13 +2.8005e-13 +2.7528e-13 +2.7039e-13 +2.6536e-13 +2.6019e-13 +2.5488e-13 +2.4941e-13 +2.4378e-13 +2.3798e-13 +2.3201e-13 +2.2586e-13 +2.1953e-13 +2.1300e-13 +2.0625e-13 +1.9923e-13 +1.9190e-13 +1.8423e-13 +1.7616e-13 +1.6768e-13 +1.5872e-13 +1.4926e-13 +1.3926e-13 +1.2867e-13 +1.1748e-13 +1.0596e-13 +9.4500e-14 +8.3521e-14 +7.3424e-14 +6.4617e-14 +5.7506e-14 +5.2246e-14 +4.8295e-14 +4.4989e-14 +4.1664e-14 +3.7706e-14 +3.3124e-14 +2.8339e-14 +2.3777e-14 +1.9733e-14 +1.6335e-14 +1.3623e-14 +1.1262e-14 +8.8181e-15 +5.9571e-15 +3.7747e-15 +3.3780e-15 +1.9313e-15 +1.2707e-15 +7.0026e-16 +3.3520e-16 +1.6336e-16 +4.1724e-17 
+1.7783e+05 +4.8298e-13 +4.8649e-13 +4.8909e-13 +4.9081e-13 +4.9168e-13 +4.9173e-13 +4.9100e-13 +4.8952e-13 +4.8731e-13 +4.8442e-13 +4.8087e-13 +4.7669e-13 +4.7192e-13 +4.6659e-13 +4.6073e-13 +4.5436e-13 +4.4753e-13 +4.4027e-13 +4.3260e-13 +4.2456e-13 +4.1618e-13 +4.0749e-13 +3.9852e-13 +3.8931e-13 +3.7988e-13 +3.7028e-13 +3.6052e-13 +3.5065e-13 +3.4068e-13 +3.3067e-13 +3.2063e-13 +3.1060e-13 +3.0061e-13 +2.9070e-13 +2.8088e-13 +2.7121e-13 +2.6170e-13 +2.5239e-13 +2.4331e-13 +2.3449e-13 +2.2597e-13 +2.1777e-13 +2.0994e-13 +2.0249e-13 +1.9545e-13 +1.8871e-13 +1.8217e-13 +1.7569e-13 +1.6915e-13 +1.6242e-13 +1.5538e-13 +1.4790e-13 +1.3985e-13 +1.3112e-13 +1.2157e-13 +1.1112e-13 +1.0008e-13 +8.8953e-14 +7.8266e-14 +6.8531e-14 +6.0263e-14 +5.3980e-14 +4.9859e-14 +4.7144e-14 +4.4915e-14 +4.2253e-14 +3.8319e-14 +3.3261e-14 +2.7878e-14 +2.2972e-14 +1.8774e-14 +1.4792e-14 +1.0764e-14 +7.7678e-15 +6.6479e-15 +5.5389e-15 +3.7875e-15 +2.6823e-15 +1.9597e-15 +1.2597e-15 +5.7668e-16 +2.6319e-16 +1.1746e-16 +3.5932e-17 
+2.2387e+05 +3.0160e-13 +3.0097e-13 +3.0017e-13 +2.9918e-13 +2.9802e-13 +2.9668e-13 +2.9517e-13 +2.9349e-13 +2.9164e-13 +2.8963e-13 +2.8746e-13 +2.8514e-13 +2.8266e-13 +2.8002e-13 +2.7724e-13 +2.7431e-13 +2.7124e-13 +2.6803e-13 +2.6468e-13 +2.6119e-13 +2.5758e-13 +2.5384e-13 +2.4997e-13 +2.4597e-13 +2.4186e-13 +2.3763e-13 +2.3329e-13 +2.2883e-13 +2.2426e-13 +2.1959e-13 +2.1482e-13 +2.0995e-13 +2.0498e-13 +1.9991e-13 +1.9476e-13 +1.8952e-13 +1.8419e-13 +1.7877e-13 +1.7328e-13 +1.6771e-13 +1.6207e-13 +1.5636e-13 +1.5058e-13 +1.4473e-13 +1.3882e-13 +1.3287e-13 +1.2691e-13 +1.2097e-13 +1.1505e-13 +1.0920e-13 +1.0344e-13 +9.7795e-14 +9.2287e-14 +8.6944e-14 +8.1791e-14 +7.6853e-14 +7.2143e-14 +6.7670e-14 +6.3441e-14 +5.9464e-14 +5.5747e-14 +5.2297e-14 +4.9031e-14 +4.5610e-14 +4.1650e-14 +3.6768e-14 +3.0659e-14 +2.3972e-14 +1.7994e-14 +1.3993e-14 +1.2192e-14 +1.1474e-14 +1.0709e-14 +9.1216e-15 +6.5218e-15 +4.7042e-15 +3.7273e-15 +2.1100e-15 +1.5099e-15 +8.2491e-16 +5.3043e-16 +2.5864e-16 +1.1926e-16 +3.1036e-17 
+2.8184e+05 +1.6868e-13 +1.6789e-13 +1.6717e-13 +1.6653e-13 +1.6595e-13 +1.6543e-13 +1.6496e-13 +1.6453e-13 +1.6413e-13 +1.6376e-13 +1.6340e-13 +1.6305e-13 +1.6271e-13 +1.6236e-13 +1.6199e-13 +1.6160e-13 +1.6119e-13 +1.6073e-13 +1.6023e-13 +1.5968e-13 +1.5907e-13 +1.5839e-13 +1.5763e-13 +1.5679e-13 +1.5586e-13 +1.5482e-13 +1.5368e-13 +1.5242e-13 +1.5104e-13 +1.4953e-13 +1.4788e-13 +1.4609e-13 +1.4414e-13 +1.4202e-13 +1.3974e-13 +1.3728e-13 +1.3463e-13 +1.3180e-13 +1.2875e-13 +1.2550e-13 +1.2204e-13 +1.1834e-13 +1.1442e-13 +1.1026e-13 +1.0585e-13 +1.0124e-13 +9.6466e-14 +9.1583e-14 +8.6637e-14 +8.1676e-14 +7.6747e-14 +7.1898e-14 +6.7177e-14 +6.2632e-14 +5.8310e-14 +5.4256e-14 +5.0477e-14 +4.6961e-14 +4.3698e-14 +4.0676e-14 +3.7881e-14 +3.5304e-14 +3.2900e-14 +3.0536e-14 +2.8062e-14 +2.5331e-14 +2.2216e-14 +1.8874e-14 +1.5647e-14 +1.2878e-14 +1.0729e-14 +9.1314e-15 +7.9350e-15 +6.6534e-15 +4.9489e-15 +3.5387e-15 +2.5986e-15 +1.6728e-15 +1.1607e-15 +6.1436e-16 +3.9101e-16 +2.2268e-16 +9.3125e-17 +2.6126e-17 
+3.5481e+05 +1.4793e-13 +1.4768e-13 +1.4736e-13 +1.4697e-13 +1.4651e-13 +1.4600e-13 +1.4541e-13 +1.4476e-13 +1.4405e-13 +1.4327e-13 +1.4243e-13 +1.4152e-13 +1.4056e-13 +1.3953e-13 +1.3845e-13 +1.3730e-13 +1.3609e-13 +1.3483e-13 +1.3351e-13 +1.3213e-13 +1.3069e-13 +1.2920e-13 +1.2765e-13 +1.2605e-13 +1.2440e-13 +1.2268e-13 +1.2092e-13 +1.1911e-13 +1.1724e-13 +1.1532e-13 +1.1335e-13 +1.1133e-13 +1.0927e-13 +1.0715e-13 +1.0498e-13 +1.0277e-13 +1.0051e-13 +9.8210e-14 +9.5860e-14 +9.3465e-14 +9.1026e-14 +8.8544e-14 +8.6018e-14 +8.3450e-14 +8.0839e-14 +7.8175e-14 +7.5447e-14 +7.2643e-14 +6.9751e-14 +6.6758e-14 +6.3653e-14 +6.0423e-14 +5.7057e-14 +5.3543e-14 +4.9868e-14 +4.6028e-14 +4.2082e-14 +3.8124e-14 +3.4251e-14 +3.0555e-14 +2.7132e-14 +2.4078e-14 +2.1446e-14 +1.9181e-14 +1.7206e-14 +1.5448e-14 +1.3838e-14 +1.2417e-14 +1.1296e-14 +1.0578e-14 +1.0018e-14 +8.9271e-15 +6.8546e-15 +4.6629e-15 +3.3357e-15 +2.6579e-15 +2.1488e-15 +1.5474e-15 +9.4827e-16 +5.2741e-16 +3.6384e-16 +1.4198e-16 +5.3595e-17 +2.0550e-17 
+4.4668e+05 +8.0646e-14 +8.0770e-14 +8.0826e-14 +8.0816e-14 +8.0741e-14 +8.0602e-14 +8.0402e-14 +8.0142e-14 +7.9823e-14 +7.9447e-14 +7.9015e-14 +7.8530e-14 +7.7991e-14 +7.7401e-14 +7.6762e-14 +7.6075e-14 +7.5341e-14 +7.4562e-14 +7.3739e-14 +7.2875e-14 +7.1969e-14 +7.1025e-14 +7.0043e-14 +6.9026e-14 +6.7973e-14 +6.6888e-14 +6.5771e-14 +6.4624e-14 +6.3449e-14 +6.2247e-14 +6.1019e-14 +5.9767e-14 +5.8493e-14 +5.7198e-14 +5.5884e-14 +5.4552e-14 +5.3203e-14 +5.1839e-14 +5.0463e-14 +4.9074e-14 +4.7675e-14 +4.6267e-14 +4.4852e-14 +4.3430e-14 +4.2006e-14 +4.0587e-14 +3.9183e-14 +3.7804e-14 +3.6461e-14 +3.5165e-14 +3.3924e-14 +3.2751e-14 +3.1654e-14 +3.0644e-14 +2.9732e-14 +2.8922e-14 +2.8160e-14 +2.7366e-14 +2.6455e-14 +2.5344e-14 +2.3950e-14 +2.2191e-14 +2.0054e-14 +1.7723e-14 +1.5418e-14 +1.3358e-14 +1.1740e-14 +1.0499e-14 +9.3983e-15 +8.1997e-15 +6.8683e-15 +5.6249e-15 +4.6466e-15 +3.8147e-15 +2.9581e-15 +2.0738e-15 +1.3896e-15 +1.1103e-15 +7.4787e-16 +3.6880e-16 +2.7002e-16 +1.1417e-16 +4.8027e-17 +1.5232e-17 
+5.6234e+05 +6.0405e-14 +6.0326e-14 +6.0241e-14 +6.0146e-14 +6.0043e-14 +5.9930e-14 +5.9805e-14 +5.9669e-14 +5.9520e-14 +5.9357e-14 +5.9179e-14 +5.8986e-14 +5.8776e-14 +5.8548e-14 +5.8302e-14 +5.8037e-14 +5.7751e-14 +5.7445e-14 +5.7116e-14 +5.6764e-14 +5.6388e-14 +5.5987e-14 +5.5560e-14 +5.5107e-14 +5.4625e-14 +5.4116e-14 +5.3576e-14 +5.3006e-14 +5.2405e-14 +5.1772e-14 +5.1105e-14 +5.0404e-14 +4.9668e-14 +4.8896e-14 +4.8087e-14 +4.7240e-14 +4.6354e-14 +4.5429e-14 +4.4463e-14 +4.3455e-14 +4.2405e-14 +4.1311e-14 +4.0173e-14 +3.8990e-14 +3.7761e-14 +3.6490e-14 +3.5180e-14 +3.3836e-14 +3.2461e-14 +3.1061e-14 +2.9639e-14 +2.8199e-14 +2.6746e-14 +2.5284e-14 +2.3816e-14 +2.2347e-14 +2.0878e-14 +1.9407e-14 +1.7934e-14 +1.6458e-14 +1.4979e-14 +1.3495e-14 +1.2022e-14 +1.0621e-14 +9.3610e-15 +8.3098e-15 +7.5254e-15 +6.9270e-15 +6.3422e-15 +5.6014e-15 +4.7016e-15 +3.8526e-15 +3.2284e-15 +2.7615e-15 +2.3069e-15 +1.7161e-15 +1.2090e-15 +1.0494e-15 +5.7154e-16 +3.1798e-16 +1.8030e-16 +8.1646e-17 +3.1999e-17 +9.4373e-18 
+7.0795e+05 +3.6437e-14 +3.6531e-14 +3.6585e-14 +3.6602e-14 +3.6582e-14 +3.6525e-14 +3.6434e-14 +3.6309e-14 +3.6152e-14 +3.5963e-14 +3.5744e-14 +3.5495e-14 +3.5218e-14 +3.4913e-14 +3.4583e-14 +3.4228e-14 +3.3849e-14 +3.3446e-14 +3.3023e-14 +3.2578e-14 +3.2114e-14 +3.1632e-14 +3.1132e-14 +3.0616e-14 +3.0084e-14 +2.9539e-14 +2.8981e-14 +2.8410e-14 +2.7829e-14 +2.7238e-14 +2.6638e-14 +2.6031e-14 +2.5417e-14 +2.4798e-14 +2.4175e-14 +2.3548e-14 +2.2920e-14 +2.2290e-14 +2.1660e-14 +2.1031e-14 +2.0405e-14 +1.9782e-14 +1.9164e-14 +1.8550e-14 +1.7944e-14 +1.7348e-14 +1.6764e-14 +1.6198e-14 +1.5651e-14 +1.5127e-14 +1.4631e-14 +1.4165e-14 +1.3732e-14 +1.3337e-14 +1.2982e-14 +1.2668e-14 +1.2369e-14 +1.2043e-14 +1.1650e-14 +1.1147e-14 +1.0496e-14 +9.6527e-15 +8.6197e-15 +7.5143e-15 +6.4745e-15 +5.6382e-15 +5.1258e-15 +4.8447e-15 +4.5601e-15 +4.0409e-15 +3.2829e-15 +2.5716e-15 +2.1335e-15 +1.8139e-15 +1.4200e-15 +1.0903e-15 +8.3869e-16 +5.4230e-16 +3.9114e-16 +2.4106e-16 +1.3224e-16 +6.3648e-17 +3.1732e-17 +7.6092e-18 
+8.9125e+05 +1.6544e-14 +1.6522e-14 +1.6498e-14 +1.6472e-14 +1.6445e-14 +1.6415e-14 +1.6382e-14 +1.6347e-14 +1.6309e-14 +1.6269e-14 +1.6225e-14 +1.6179e-14 +1.6129e-14 +1.6076e-14 +1.6019e-14 +1.5959e-14 +1.5895e-14 +1.5827e-14 +1.5756e-14 +1.5679e-14 +1.5599e-14 +1.5514e-14 +1.5425e-14 +1.5331e-14 +1.5232e-14 +1.5129e-14 +1.5020e-14 +1.4906e-14 +1.4786e-14 +1.4661e-14 +1.4531e-14 +1.4394e-14 +1.4252e-14 +1.4104e-14 +1.3949e-14 +1.3789e-14 +1.3621e-14 +1.3448e-14 +1.3267e-14 +1.3080e-14 +1.2886e-14 +1.2684e-14 +1.2476e-14 +1.2260e-14 +1.2036e-14 +1.1802e-14 +1.1555e-14 +1.1293e-14 +1.1012e-14 +1.0709e-14 +1.0382e-14 +1.0028e-14 +9.6444e-15 +9.2277e-15 +8.7753e-15 +8.2855e-15 +7.7675e-15 +7.2362e-15 +6.7066e-15 +6.1937e-15 +5.7125e-15 +5.2779e-15 +4.8972e-15 +4.5554e-15 +4.2339e-15 +3.9141e-15 +3.5790e-15 +3.2306e-15 +2.8836e-15 +2.5524e-15 +2.2316e-15 +1.8901e-15 +1.5139e-15 +1.1807e-15 +9.5379e-16 +7.1962e-16 +5.0707e-16 +4.1437e-16 +2.1301e-16 +1.6386e-16 +9.3191e-17 +3.7321e-17 +2.1913e-17 +6.2535e-18 
+1.1220e+06 +9.4305e-15 +9.3831e-15 +9.3445e-15 +9.3140e-15 +9.2910e-15 +9.2749e-15 +9.2649e-15 +9.2606e-15 +9.2612e-15 +9.2661e-15 +9.2748e-15 +9.2866e-15 +9.3008e-15 +9.3168e-15 +9.3340e-15 +9.3518e-15 +9.3695e-15 +9.3866e-15 +9.4023e-15 +9.4160e-15 +9.4272e-15 +9.4352e-15 +9.4394e-15 +9.4391e-15 +9.4337e-15 +9.4226e-15 +9.4052e-15 +9.3808e-15 +9.3488e-15 +9.3085e-15 +9.2594e-15 +9.2008e-15 +9.1321e-15 +9.0527e-15 +8.9619e-15 +8.8590e-15 +8.7436e-15 +8.6149e-15 +8.4723e-15 +8.3152e-15 +8.1429e-15 +7.9549e-15 +7.7505e-15 +7.5291e-15 +7.2904e-15 +7.0363e-15 +6.7696e-15 +6.4929e-15 +6.2090e-15 +5.9204e-15 +5.6299e-15 +5.3402e-15 +5.0540e-15 +4.7739e-15 +4.5027e-15 +4.2429e-15 +3.9957e-15 +3.7619e-15 +3.5420e-15 +3.3367e-15 +3.1466e-15 +2.9723e-15 +2.8121e-15 +2.6580e-15 +2.5005e-15 +2.3306e-15 +2.1394e-15 +1.9256e-15 +1.6923e-15 +1.4434e-15 +1.2001e-15 +1.0063e-15 +8.8626e-16 +7.6358e-16 +5.7334e-16 +4.2947e-16 +3.4654e-16 +2.3198e-16 +1.7819e-16 +1.0979e-16 +5.5817e-17 +2.9853e-17 +1.3065e-17 +3.5408e-18 
+1.4125e+06 +5.4869e-15 +5.5003e-15 +5.5093e-15 +5.5140e-15 +5.5145e-15 +5.5108e-15 +5.5031e-15 +5.4915e-15 +5.4760e-15 +5.4568e-15 +5.4339e-15 +5.4074e-15 +5.3775e-15 +5.3443e-15 +5.3077e-15 +5.2680e-15 +5.2252e-15 +5.1794e-15 +5.1307e-15 +5.0791e-15 +5.0249e-15 +4.9681e-15 +4.9088e-15 +4.8470e-15 +4.7829e-15 +4.7166e-15 +4.6481e-15 +4.5776e-15 +4.5051e-15 +4.4308e-15 +4.3547e-15 +4.2769e-15 +4.1976e-15 +4.1168e-15 +4.0346e-15 +3.9512e-15 +3.8665e-15 +3.7807e-15 +3.6940e-15 +3.6063e-15 +3.5178e-15 +3.4286e-15 +3.3388e-15 +3.2484e-15 +3.1577e-15 +3.0673e-15 +2.9780e-15 +2.8908e-15 +2.8064e-15 +2.7257e-15 +2.6495e-15 +2.5787e-15 +2.5142e-15 +2.4566e-15 +2.4070e-15 +2.3656e-15 +2.3283e-15 +2.2884e-15 +2.2395e-15 +2.1748e-15 +2.0877e-15 +1.9716e-15 +1.8248e-15 +1.6588e-15 +1.4878e-15 +1.3256e-15 +1.1853e-15 +1.0671e-15 +9.6290e-16 +8.6452e-16 +7.6601e-16 +6.6443e-16 +5.5864e-16 +4.5563e-16 +3.6157e-16 +2.6941e-16 +1.9339e-16 +1.5230e-16 +1.0087e-16 +5.8074e-17 +3.6384e-17 +1.7797e-17 +7.3703e-18 +2.2931e-18 
+1.7783e+06 +2.5632e-15 +2.5678e-15 +2.5707e-15 +2.5719e-15 +2.5716e-15 +2.5698e-15 +2.5664e-15 +2.5617e-15 +2.5556e-15 +2.5481e-15 +2.5394e-15 +2.5295e-15 +2.5183e-15 +2.5061e-15 +2.4928e-15 +2.4785e-15 +2.4632e-15 +2.4470e-15 +2.4299e-15 +2.4120e-15 +2.3934e-15 +2.3740e-15 +2.3540e-15 +2.3334e-15 +2.3122e-15 +2.2905e-15 +2.2684e-15 +2.2458e-15 +2.2229e-15 +2.1997e-15 +2.1763e-15 +2.1526e-15 +2.1288e-15 +2.1049e-15 +2.0810e-15 +2.0570e-15 +2.0331e-15 +2.0093e-15 +1.9857e-15 +1.9623e-15 +1.9391e-15 +1.9163e-15 +1.8938e-15 +1.8717e-15 +1.8500e-15 +1.8281e-15 +1.8052e-15 +1.7806e-15 +1.7535e-15 +1.7231e-15 +1.6888e-15 +1.6496e-15 +1.6050e-15 +1.5540e-15 +1.4960e-15 +1.4303e-15 +1.3584e-15 +1.2825e-15 +1.2049e-15 +1.1279e-15 +1.0539e-15 +9.8528e-16 +9.2307e-16 +8.6515e-16 +8.0879e-16 +7.5126e-16 +6.9005e-16 +6.2543e-16 +5.5953e-16 +4.9443e-16 +4.3000e-16 +3.6326e-16 +2.9376e-16 +2.3422e-16 +1.9379e-16 +1.4987e-16 +1.0703e-16 +8.8690e-17 +5.7981e-17 +3.7825e-17 +2.1234e-17 +1.0584e-17 +4.6786e-18 +1.2438e-18 
+2.2387e+06 +1.2647e-15 +1.2617e-15 +1.2589e-15 +1.2565e-15 +1.2544e-15 +1.2525e-15 +1.2507e-15 +1.2492e-15 +1.2478e-15 +1.2464e-15 +1.2452e-15 +1.2439e-15 +1.2427e-15 +1.2414e-15 +1.2401e-15 +1.2387e-15 +1.2371e-15 +1.2354e-15 +1.2335e-15 +1.2313e-15 +1.2289e-15 +1.2262e-15 +1.2232e-15 +1.2198e-15 +1.2160e-15 +1.2118e-15 +1.2071e-15 +1.2020e-15 +1.1963e-15 +1.1901e-15 +1.1833e-15 +1.1759e-15 +1.1678e-15 +1.1590e-15 +1.1495e-15 +1.1393e-15 +1.1283e-15 +1.1164e-15 +1.1037e-15 +1.0902e-15 +1.0757e-15 +1.0603e-15 +1.0439e-15 +1.0264e-15 +1.0080e-15 +9.8841e-16 +9.6765e-16 +9.4563e-16 +9.2229e-16 +8.9755e-16 +8.7134e-16 +8.4359e-16 +8.1422e-16 +7.8317e-16 +7.5036e-16 +7.1578e-16 +6.7983e-16 +6.4317e-16 +6.0648e-16 +5.7041e-16 +5.3561e-16 +5.0276e-16 +4.7206e-16 +4.4243e-16 +4.1259e-16 +3.8125e-16 +3.4734e-16 +3.1258e-16 +2.8052e-16 +2.5463e-16 +2.3321e-16 +2.0804e-16 +1.7401e-16 +1.4346e-16 +1.2617e-16 +9.9043e-17 +6.3444e-17 +4.7904e-17 +3.4081e-17 +1.9469e-17 +1.2096e-17 +6.4315e-18 +2.7368e-18 +9.0997e-19 
+2.8184e+06 +5.6125e-16 +5.5598e-16 +5.5168e-16 +5.4830e-16 +5.4578e-16 +5.4407e-16 +5.4310e-16 +5.4282e-16 +5.4317e-16 +5.4409e-16 +5.4553e-16 +5.4743e-16 +5.4973e-16 +5.5237e-16 +5.5530e-16 +5.5846e-16 +5.6179e-16 +5.6523e-16 +5.6874e-16 +5.7224e-16 +5.7568e-16 +5.7901e-16 +5.8216e-16 +5.8509e-16 +5.8773e-16 +5.9002e-16 +5.9191e-16 +5.9334e-16 +5.9425e-16 +5.9459e-16 +5.9430e-16 +5.9331e-16 +5.9158e-16 +5.8905e-16 +5.8565e-16 +5.8134e-16 +5.7605e-16 +5.6972e-16 +5.6230e-16 +5.5374e-16 +5.4397e-16 +5.3293e-16 +5.2057e-16 +5.0684e-16 +4.9172e-16 +4.7549e-16 +4.5852e-16 +4.4120e-16 +4.2389e-16 +4.0697e-16 +3.9082e-16 +3.7580e-16 +3.6231e-16 +3.5070e-16 +3.4136e-16 +3.3455e-16 +3.2960e-16 +3.2528e-16 +3.2040e-16 +3.1373e-16 +3.0406e-16 +2.9019e-16 +2.7162e-16 +2.4985e-16 +2.2674e-16 +2.0414e-16 +1.8380e-16 +1.6613e-16 +1.5064e-16 +1.3682e-16 +1.2339e-16 +1.0809e-16 +8.9591e-17 +7.1622e-17 +5.7975e-17 +4.6298e-17 +3.5121e-17 +2.5836e-17 +1.8404e-17 +1.1955e-17 +5.9537e-18 +3.3635e-18 +1.4497e-18 +4.7918e-19 
+3.5481e+06 +2.8396e-16 +2.8413e-16 +2.8422e-16 +2.8421e-16 +2.8411e-16 +2.8393e-16 +2.8365e-16 +2.8328e-16 +2.8283e-16 +2.8229e-16 +2.8167e-16 +2.8096e-16 +2.8017e-16 +2.7930e-16 +2.7835e-16 +2.7731e-16 +2.7620e-16 +2.7501e-16 +2.7374e-16 +2.7240e-16 +2.7098e-16 +2.6948e-16 +2.6791e-16 +2.6627e-16 +2.6456e-16 +2.6278e-16 +2.6093e-16 +2.5901e-16 +2.5702e-16 +2.5497e-16 +2.5285e-16 +2.5067e-16 +2.4842e-16 +2.4611e-16 +2.4374e-16 +2.4131e-16 +2.3882e-16 +2.3627e-16 +2.3366e-16 +2.3100e-16 +2.2828e-16 +2.2551e-16 +2.2268e-16 +2.1980e-16 +2.1686e-16 +2.1384e-16 +2.1071e-16 +2.0744e-16 +2.0398e-16 +2.0031e-16 +1.9640e-16 +1.9221e-16 +1.8771e-16 +1.8287e-16 +1.7765e-16 +1.7203e-16 +1.6603e-16 +1.5972e-16 +1.5314e-16 +1.4636e-16 +1.3943e-16 +1.3240e-16 +1.2530e-16 +1.1800e-16 +1.1035e-16 +1.0222e-16 +9.3508e-17 +8.4580e-17 +7.6124e-17 +6.8807e-17 +6.2297e-17 +5.4988e-17 +4.5878e-17 +3.7310e-17 +3.1471e-17 +2.5551e-17 +1.8230e-17 +1.2026e-17 +8.7864e-18 +6.0640e-18 +3.1259e-18 +1.7221e-18 +6.8118e-19 +2.1661e-19 
+4.4668e+06 +1.3898e-16 +1.3914e-16 +1.3924e-16 +1.3930e-16 +1.3931e-16 +1.3927e-16 +1.3918e-16 +1.3905e-16 +1.3887e-16 +1.3865e-16 +1.3838e-16 +1.3806e-16 +1.3771e-16 +1.3731e-16 +1.3686e-16 +1.3638e-16 +1.3585e-16 +1.3528e-16 +1.3467e-16 +1.3402e-16 +1.3334e-16 +1.3261e-16 +1.3184e-16 +1.3104e-16 +1.3020e-16 +1.2932e-16 +1.2841e-16 +1.2746e-16 +1.2648e-16 +1.2546e-16 +1.2441e-16 +1.2333e-16 +1.2221e-16 +1.2106e-16 +1.1988e-16 +1.1867e-16 +1.1742e-16 +1.1615e-16 +1.1485e-16 +1.1352e-16 +1.1216e-16 +1.1077e-16 +1.0936e-16 +1.0792e-16 +1.0645e-16 +1.0494e-16 +1.0337e-16 +1.0172e-16 +9.9972e-17 +9.8109e-17 +9.6111e-17 +9.3961e-17 +9.1640e-17 +8.9129e-17 +8.6411e-17 +8.3470e-17 +8.0309e-17 +7.6946e-17 +7.3396e-17 +6.9676e-17 +6.5802e-17 +6.1790e-17 +5.7716e-17 +5.3812e-17 +5.0341e-17 +4.7565e-17 +4.5680e-17 +4.4068e-17 +4.1571e-17 +3.7059e-17 +3.0811e-17 +2.4912e-17 +2.1008e-17 +1.8063e-17 +1.4730e-17 +1.1851e-17 +9.4160e-18 +6.4324e-18 +4.4019e-18 +2.9737e-18 +1.7520e-18 +8.7979e-19 +3.1149e-19 +1.0908e-19 
+5.6234e+06 +5.7118e-17 +5.7234e-17 +5.7319e-17 +5.7376e-17 +5.7404e-17 +5.7405e-17 +5.7381e-17 +5.7332e-17 +5.7259e-17 +5.7165e-17 +5.7049e-17 +5.6914e-17 +5.6761e-17 +5.6590e-17 +5.6403e-17 +5.6200e-17 +5.5985e-17 +5.5756e-17 +5.5516e-17 +5.5267e-17 +5.5008e-17 +5.4741e-17 +5.4468e-17 +5.4189e-17 +5.3906e-17 +5.3620e-17 +5.3333e-17 +5.3044e-17 +5.2757e-17 +5.2471e-17 +5.2188e-17 +5.1909e-17 +5.1636e-17 +5.1369e-17 +5.1110e-17 +5.0860e-17 +5.0620e-17 +5.0392e-17 +5.0176e-17 +4.9974e-17 +4.9786e-17 +4.9615e-17 +4.9461e-17 +4.9326e-17 +4.9207e-17 +4.9080e-17 +4.8913e-17 +4.8676e-17 +4.8337e-17 +4.7865e-17 +4.7228e-17 +4.6395e-17 +4.5335e-17 +4.4017e-17 +4.2409e-17 +4.0490e-17 +3.8339e-17 +3.6089e-17 +3.3871e-17 +3.1820e-17 +3.0066e-17 +2.8744e-17 +2.7876e-17 +2.7180e-17 +2.6324e-17 +2.4974e-17 +2.2838e-17 +2.0162e-17 +1.7547e-17 +1.5585e-17 +1.4302e-17 +1.3001e-17 +1.1137e-17 +9.1444e-18 +7.5493e-18 +6.0104e-18 +4.3892e-18 +3.0493e-18 +2.0412e-18 +1.2748e-18 +8.2850e-19 +3.9050e-19 +1.7685e-19 +5.4876e-20 
+7.0795e+06 +2.7992e-17 +2.8052e-17 +2.8096e-17 +2.8127e-17 +2.8143e-17 +2.8145e-17 +2.8134e-17 +2.8109e-17 +2.8072e-17 +2.8023e-17 +2.7962e-17 +2.7889e-17 +2.7805e-17 +2.7710e-17 +2.7605e-17 +2.7490e-17 +2.7366e-17 +2.7232e-17 +2.7090e-17 +2.6939e-17 +2.6780e-17 +2.6614e-17 +2.6440e-17 +2.6260e-17 +2.6073e-17 +2.5880e-17 +2.5681e-17 +2.5478e-17 +2.5269e-17 +2.5056e-17 +2.4838e-17 +2.4617e-17 +2.4393e-17 +2.4165e-17 +2.3936e-17 +2.3704e-17 +2.3470e-17 +2.3235e-17 +2.2999e-17 +2.2762e-17 +2.2525e-17 +2.2288e-17 +2.2052e-17 +2.1817e-17 +2.1583e-17 +2.1345e-17 +2.1098e-17 +2.0836e-17 +2.0555e-17 +2.0248e-17 +1.9910e-17 +1.9535e-17 +1.9118e-17 +1.8654e-17 +1.8136e-17 +1.7561e-17 +1.6936e-17 +1.6276e-17 +1.5595e-17 +1.4907e-17 +1.4226e-17 +1.3567e-17 +1.2936e-17 +1.2320e-17 +1.1702e-17 +1.1063e-17 +1.0385e-17 +9.6219e-18 +8.7093e-18 +7.5879e-18 +6.3711e-18 +5.3921e-18 +4.8688e-18 +4.3837e-18 +3.5132e-18 +2.6368e-18 +2.1000e-18 +1.7556e-18 +1.1323e-18 +6.1242e-19 +3.6279e-19 +2.1140e-19 +9.0271e-20 +2.8146e-20 
+8.9125e+06 +1.1647e-17 +1.1616e-17 +1.1591e-17 +1.1571e-17 +1.1557e-17 +1.1547e-17 +1.1541e-17 +1.1540e-17 +1.1541e-17 +1.1546e-17 +1.1552e-17 +1.1561e-17 +1.1571e-17 +1.1582e-17 +1.1594e-17 +1.1606e-17 +1.1617e-17 +1.1628e-17 +1.1637e-17 +1.1645e-17 +1.1650e-17 +1.1653e-17 +1.1652e-17 +1.1648e-17 +1.1640e-17 +1.1628e-17 +1.1610e-17 +1.1587e-17 +1.1559e-17 +1.1524e-17 +1.1482e-17 +1.1433e-17 +1.1376e-17 +1.1311e-17 +1.1237e-17 +1.1155e-17 +1.1063e-17 +1.0960e-17 +1.0848e-17 +1.0724e-17 +1.0590e-17 +1.0443e-17 +1.0284e-17 +1.0112e-17 +9.9279e-18 +9.7328e-18 +9.5301e-18 +9.3229e-18 +9.1139e-18 +8.9063e-18 +8.7031e-18 +8.5071e-18 +8.3214e-18 +8.1490e-18 +7.9929e-18 +7.8549e-18 +7.7262e-18 +7.5923e-18 +7.4387e-18 +7.2508e-18 +7.0141e-18 +6.7140e-18 +6.3442e-18 +5.9213e-18 +5.4659e-18 +4.9986e-18 +4.5393e-18 +4.1022e-18 +3.6971e-18 +3.3337e-18 +3.0176e-18 +2.7493e-18 +2.5044e-18 +2.1385e-18 +1.5756e-18 +1.1784e-18 +9.8383e-19 +6.8395e-19 +5.1579e-19 +3.2673e-19 +1.6990e-19 +8.9012e-20 +3.6970e-20 +1.3333e-20 
+1.1220e+07 +5.3705e-18 +5.3750e-18 +5.3782e-18 +5.3801e-18 +5.3808e-18 +5.3801e-18 +5.3781e-18 +5.3748e-18 +5.3701e-18 +5.3641e-18 +5.3567e-18 +5.3478e-18 +5.3376e-18 +5.3260e-18 +5.3129e-18 +5.2984e-18 +5.2824e-18 +5.2649e-18 +5.2459e-18 +5.2254e-18 +5.2034e-18 +5.1799e-18 +5.1548e-18 +5.1281e-18 +5.0999e-18 +5.0701e-18 +5.0386e-18 +5.0056e-18 +4.9709e-18 +4.9345e-18 +4.8965e-18 +4.8568e-18 +4.8154e-18 +4.7723e-18 +4.7275e-18 +4.6809e-18 +4.6326e-18 +4.5825e-18 +4.5307e-18 +4.4770e-18 +4.4216e-18 +4.3643e-18 +4.3051e-18 +4.2442e-18 +4.1813e-18 +4.1164e-18 +4.0492e-18 +3.9794e-18 +3.9070e-18 +3.8316e-18 +3.7530e-18 +3.6711e-18 +3.5855e-18 +3.4962e-18 +3.4027e-18 +3.3051e-18 +3.2040e-18 +3.1006e-18 +2.9960e-18 +2.8913e-18 +2.7878e-18 +2.6865e-18 +2.5865e-18 +2.4807e-18 +2.3611e-18 +2.2196e-18 +2.0494e-18 +1.8594e-18 +1.6690e-18 +1.4975e-18 +1.3482e-18 +1.2046e-18 +1.0528e-18 +8.9883e-19 +7.4647e-19 +5.6767e-19 +4.0854e-19 +3.3982e-19 +2.2846e-19 +1.2598e-19 +8.3815e-20 +4.3121e-20 +1.4845e-20 +5.2840e-21 
+1.4125e+07 +2.2578e-18 +2.2666e-18 +2.2734e-18 +2.2783e-18 +2.2814e-18 +2.2827e-18 +2.2823e-18 +2.2802e-18 +2.2767e-18 +2.2717e-18 +2.2653e-18 +2.2576e-18 +2.2488e-18 +2.2388e-18 +2.2277e-18 +2.2157e-18 +2.2027e-18 +2.1890e-18 +2.1745e-18 +2.1593e-18 +2.1436e-18 +2.1274e-18 +2.1108e-18 +2.0938e-18 +2.0766e-18 +2.0592e-18 +2.0417e-18 +2.0241e-18 +2.0067e-18 +1.9893e-18 +1.9722e-18 +1.9554e-18 +1.9389e-18 +1.9230e-18 +1.9075e-18 +1.8927e-18 +1.8785e-18 +1.8652e-18 +1.8527e-18 +1.8411e-18 +1.8305e-18 +1.8210e-18 +1.8127e-18 +1.8057e-18 +1.7998e-18 +1.7944e-18 +1.7883e-18 +1.7806e-18 +1.7701e-18 +1.7559e-18 +1.7369e-18 +1.7120e-18 +1.6802e-18 +1.6405e-18 +1.5918e-18 +1.5334e-18 +1.4675e-18 +1.3976e-18 +1.3276e-18 +1.2611e-18 +1.2018e-18 +1.1535e-18 +1.1169e-18 +1.0841e-18 +1.0459e-18 +9.9322e-19 +9.1794e-19 +8.2678e-19 +7.3621e-19 +6.6247e-19 +6.0627e-19 +5.4856e-19 +4.7350e-19 +3.8743e-19 +3.0409e-19 +2.3951e-19 +1.9601e-19 +1.5511e-19 +1.0350e-19 +6.1897e-20 +3.4549e-20 +1.6974e-20 +6.6343e-21 +1.8118e-21 
+1.7783e+07 +9.8444e-19 +9.8801e-19 +9.9075e-19 +9.9268e-19 +9.9384e-19 +9.9426e-19 +9.9399e-19 +9.9304e-19 +9.9147e-19 +9.8930e-19 +9.8656e-19 +9.8330e-19 +9.7954e-19 +9.7532e-19 +9.7068e-19 +9.6565e-19 +9.6026e-19 +9.5455e-19 +9.4855e-19 +9.4230e-19 +9.3583e-19 +9.2918e-19 +9.2238e-19 +9.1546e-19 +9.0846e-19 +9.0142e-19 +8.9437e-19 +8.8734e-19 +8.8036e-19 +8.7348e-19 +8.6673e-19 +8.6014e-19 +8.5374e-19 +8.4757e-19 +8.4167e-19 +8.3607e-19 +8.3080e-19 +8.2590e-19 +8.2140e-19 +8.1734e-19 +8.1375e-19 +8.1066e-19 +8.0812e-19 +8.0615e-19 +8.0474e-19 +8.0356e-19 +8.0221e-19 +8.0026e-19 +7.9729e-19 +7.9288e-19 +7.8660e-19 +7.7804e-19 +7.6678e-19 +7.5240e-19 +7.3447e-19 +7.1268e-19 +6.8751e-19 +6.5996e-19 +6.3098e-19 +6.0155e-19 +5.7264e-19 +5.4522e-19 +5.1964e-19 +4.9454e-19 +4.6828e-19 +4.3918e-19 +4.0578e-19 +3.6883e-19 +3.3058e-19 +2.9332e-19 +2.6029e-19 +2.3596e-19 +2.2040e-19 +1.9175e-19 +1.3604e-19 +1.0013e-19 +8.7443e-20 +5.5864e-20 +4.0590e-20 +2.4599e-20 +1.6455e-20 +6.8866e-21 +3.0813e-21 +1.0287e-21 
+2.2387e+07 +4.4063e-19 +4.4058e-19 +4.4054e-19 +4.4051e-19 +4.4047e-19 +4.4043e-19 +4.4038e-19 +4.4031e-19 +4.4021e-19 +4.4007e-19 +4.3990e-19 +4.3968e-19 +4.3941e-19 +4.3908e-19 +4.3868e-19 +4.3821e-19 +4.3766e-19 +4.3703e-19 +4.3631e-19 +4.3548e-19 +4.3456e-19 +4.3352e-19 +4.3236e-19 +4.3108e-19 +4.2967e-19 +4.2812e-19 +4.2643e-19 +4.2459e-19 +4.2259e-19 +4.2042e-19 +4.1809e-19 +4.1558e-19 +4.1289e-19 +4.1001e-19 +4.0693e-19 +4.0365e-19 +4.0016e-19 +3.9646e-19 +3.9253e-19 +3.8838e-19 +3.8399e-19 +3.7935e-19 +3.7448e-19 +3.6934e-19 +3.6395e-19 +3.5835e-19 +3.5259e-19 +3.4672e-19 +3.4079e-19 +3.3487e-19 +3.2899e-19 +3.2322e-19 +3.1762e-19 +3.1222e-19 +3.0709e-19 +3.0224e-19 +2.9731e-19 +2.9173e-19 +2.8494e-19 +2.7637e-19 +2.6545e-19 +2.5163e-19 +2.3480e-19 +2.1621e-19 +1.9733e-19 +1.7962e-19 +1.6442e-19 +1.5139e-19 +1.3907e-19 +1.2602e-19 +1.1186e-19 +9.7571e-20 +8.4105e-20 +7.1763e-20 +6.0287e-20 +4.7945e-20 +3.6677e-20 +2.8925e-20 +1.7522e-20 +9.9825e-21 +5.6989e-21 +3.2134e-21 +1.3190e-21 +3.6251e-22 
+2.8184e+07 +1.9584e-19 +1.9633e-19 +1.9672e-19 +1.9699e-19 +1.9717e-19 +1.9724e-19 +1.9721e-19 +1.9709e-19 +1.9688e-19 +1.9658e-19 +1.9620e-19 +1.9573e-19 +1.9518e-19 +1.9455e-19 +1.9385e-19 +1.9308e-19 +1.9224e-19 +1.9134e-19 +1.9037e-19 +1.8934e-19 +1.8826e-19 +1.8712e-19 +1.8593e-19 +1.8470e-19 +1.8342e-19 +1.8209e-19 +1.8073e-19 +1.7934e-19 +1.7791e-19 +1.7645e-19 +1.7496e-19 +1.7345e-19 +1.7192e-19 +1.7036e-19 +1.6880e-19 +1.6722e-19 +1.6563e-19 +1.6404e-19 +1.6244e-19 +1.6084e-19 +1.5924e-19 +1.5765e-19 +1.5606e-19 +1.5449e-19 +1.5293e-19 +1.5133e-19 +1.4966e-19 +1.4785e-19 +1.4586e-19 +1.4364e-19 +1.4113e-19 +1.3829e-19 +1.3507e-19 +1.3141e-19 +1.2727e-19 +1.2261e-19 +1.1759e-19 +1.1247e-19 +1.0749e-19 +1.0292e-19 +9.9016e-20 +9.6025e-20 +9.3940e-20 +9.2008e-20 +8.9348e-20 +8.5079e-20 +7.8442e-20 +7.0171e-20 +6.1995e-20 +5.5615e-20 +5.0975e-20 +4.5783e-20 +3.8321e-20 +3.0401e-20 +2.4318e-20 +1.9792e-20 +1.5556e-20 +1.0820e-20 +7.3082e-21 +4.9539e-21 +2.7984e-21 +1.2868e-21 +5.0120e-22 +1.6898e-22 
+3.5481e+07 +8.0116e-20 +8.0126e-20 +8.0131e-20 +8.0128e-20 +8.0119e-20 +8.0102e-20 +8.0077e-20 +8.0044e-20 +8.0001e-20 +7.9949e-20 +7.9887e-20 +7.9815e-20 +7.9731e-20 +7.9636e-20 +7.9529e-20 +7.9409e-20 +7.9277e-20 +7.9131e-20 +7.8970e-20 +7.8796e-20 +7.8606e-20 +7.8401e-20 +7.8179e-20 +7.7942e-20 +7.7687e-20 +7.7415e-20 +7.7124e-20 +7.6816e-20 +7.6488e-20 +7.6141e-20 +7.5774e-20 +7.5386e-20 +7.4977e-20 +7.4547e-20 +7.4095e-20 +7.3620e-20 +7.3123e-20 +7.2602e-20 +7.2057e-20 +7.1487e-20 +7.0893e-20 +7.0273e-20 +6.9627e-20 +6.8955e-20 +6.8254e-20 +6.7520e-20 +6.6744e-20 +6.5917e-20 +6.5032e-20 +6.4082e-20 +6.3057e-20 +6.1950e-20 +6.0752e-20 +5.9457e-20 +5.8055e-20 +5.6539e-20 +5.4901e-20 +5.3132e-20 +5.1223e-20 +4.9166e-20 +4.6953e-20 +4.4575e-20 +4.2039e-20 +3.9398e-20 +3.6711e-20 +3.4036e-20 +3.1434e-20 +2.8946e-20 +2.6607e-20 +2.4442e-20 +2.2238e-20 +1.9472e-20 +1.5916e-20 +1.2879e-20 +1.1402e-20 +9.4139e-21 +6.5050e-21 +4.6256e-21 +3.2164e-21 +1.9842e-21 +1.0396e-21 +5.6985e-22 +1.7957e-22 +5.5413e-23 
+4.4668e+07 +3.2303e-20 +3.2222e-20 +3.2157e-20 +3.2106e-20 +3.2070e-20 +3.2045e-20 +3.2032e-20 +3.2029e-20 +3.2034e-20 +3.2047e-20 +3.2067e-20 +3.2092e-20 +3.2121e-20 +3.2153e-20 +3.2187e-20 +3.2222e-20 +3.2256e-20 +3.2288e-20 +3.2318e-20 +3.2343e-20 +3.2363e-20 +3.2377e-20 +3.2383e-20 +3.2380e-20 +3.2367e-20 +3.2343e-20 +3.2307e-20 +3.2258e-20 +3.2193e-20 +3.2113e-20 +3.2016e-20 +3.1901e-20 +3.1766e-20 +3.1611e-20 +3.1434e-20 +3.1235e-20 +3.1011e-20 +3.0762e-20 +3.0487e-20 +3.0184e-20 +2.9852e-20 +2.9491e-20 +2.9098e-20 +2.8673e-20 +2.8215e-20 +2.7725e-20 +2.7203e-20 +2.6652e-20 +2.6073e-20 +2.5467e-20 +2.4835e-20 +2.4179e-20 +2.3500e-20 +2.2800e-20 +2.2079e-20 +2.1340e-20 +2.0588e-20 +1.9828e-20 +1.9067e-20 +1.8312e-20 +1.7568e-20 +1.6843e-20 +1.6140e-20 +1.5456e-20 +1.4789e-20 +1.4133e-20 +1.3479e-20 +1.2735e-20 +1.1753e-20 +1.0393e-20 +8.7475e-21 +7.2102e-21 +6.1001e-21 +5.2797e-21 +4.4967e-21 +3.6104e-21 +2.6834e-21 +1.9057e-21 +1.2473e-21 +8.5455e-22 +4.6030e-22 +2.0256e-22 +9.5065e-23 +2.2690e-23 
+5.6234e+07 +1.4714e-20 +1.4705e-20 +1.4697e-20 +1.4691e-20 +1.4686e-20 +1.4682e-20 +1.4678e-20 +1.4674e-20 +1.4671e-20 +1.4667e-20 +1.4662e-20 +1.4657e-20 +1.4650e-20 +1.4642e-20 +1.4633e-20 +1.4622e-20 +1.4608e-20 +1.4592e-20 +1.4573e-20 +1.4552e-20 +1.4527e-20 +1.4499e-20 +1.4466e-20 +1.4430e-20 +1.4390e-20 +1.4345e-20 +1.4295e-20 +1.4240e-20 +1.4180e-20 +1.4114e-20 +1.4042e-20 +1.3965e-20 +1.3880e-20 +1.3789e-20 +1.3691e-20 +1.3586e-20 +1.3474e-20 +1.3353e-20 +1.3225e-20 +1.3088e-20 +1.2943e-20 +1.2789e-20 +1.2626e-20 +1.2453e-20 +1.2272e-20 +1.2081e-20 +1.1883e-20 +1.1678e-20 +1.1468e-20 +1.1254e-20 +1.1036e-20 +1.0816e-20 +1.0595e-20 +1.0373e-20 +1.0153e-20 +9.9344e-21 +9.7110e-21 +9.4735e-21 +9.2125e-21 +8.9186e-21 +8.5822e-21 +8.1938e-21 +7.7511e-21 +7.2708e-21 +6.7733e-21 +6.2787e-21 +5.8050e-21 +5.3389e-21 +4.8469e-21 +4.2961e-21 +3.6966e-21 +3.1129e-21 +2.6111e-21 +2.2473e-21 +2.0074e-21 +1.5999e-21 +1.0886e-21 +8.2073e-22 +5.2093e-22 +3.5185e-22 +2.0796e-22 +8.2070e-23 +3.6067e-23 +8.6141e-24 
+7.0795e+07 +6.3431e-21 +6.3295e-21 +6.3186e-21 +6.3102e-21 +6.3041e-21 +6.3000e-21 +6.2978e-21 +6.2971e-21 +6.2978e-21 +6.2996e-21 +6.3022e-21 +6.3056e-21 +6.3093e-21 +6.3132e-21 +6.3171e-21 +6.3207e-21 +6.3238e-21 +6.3262e-21 +6.3276e-21 +6.3278e-21 +6.3265e-21 +6.3236e-21 +6.3188e-21 +6.3119e-21 +6.3025e-21 +6.2906e-21 +6.2759e-21 +6.2581e-21 +6.2370e-21 +6.2124e-21 +6.1841e-21 +6.1518e-21 +6.1152e-21 +6.0742e-21 +6.0285e-21 +5.9779e-21 +5.9221e-21 +5.8610e-21 +5.7943e-21 +5.7217e-21 +5.6431e-21 +5.5581e-21 +5.4666e-21 +5.3684e-21 +5.2633e-21 +5.1521e-21 +5.0358e-21 +4.9155e-21 +4.7922e-21 +4.6670e-21 +4.5410e-21 +4.4150e-21 +4.2903e-21 +4.1678e-21 +4.0486e-21 +3.9334e-21 +3.8212e-21 +3.7094e-21 +3.5958e-21 +3.4779e-21 +3.3534e-21 +3.2199e-21 +3.0748e-21 +2.9143e-21 +2.7349e-21 +2.5327e-21 +2.3054e-21 +2.0680e-21 +1.8470e-21 +1.6682e-21 +1.5242e-21 +1.3651e-21 +1.1561e-21 +9.4775e-22 +7.8864e-22 +6.0812e-22 +4.2999e-22 +3.4296e-22 +2.2002e-22 +1.4205e-22 +6.6623e-23 +3.5297e-23 +1.3670e-23 +3.7969e-24 
+8.9125e+07 +2.6946e-21 +2.6912e-21 +2.6885e-21 +2.6864e-21 +2.6850e-21 +2.6840e-21 +2.6835e-21 +2.6833e-21 +2.6835e-21 +2.6839e-21 +2.6844e-21 +2.6850e-21 +2.6856e-21 +2.6862e-21 +2.6867e-21 +2.6869e-21 +2.6868e-21 +2.6865e-21 +2.6857e-21 +2.6844e-21 +2.6825e-21 +2.6800e-21 +2.6768e-21 +2.6729e-21 +2.6681e-21 +2.6623e-21 +2.6556e-21 +2.6478e-21 +2.6389e-21 +2.6288e-21 +2.6174e-21 +2.6047e-21 +2.5905e-21 +2.5749e-21 +2.5576e-21 +2.5388e-21 +2.5182e-21 +2.4959e-21 +2.4717e-21 +2.4456e-21 +2.4175e-21 +2.3874e-21 +2.3551e-21 +2.3206e-21 +2.2838e-21 +2.2445e-21 +2.2025e-21 +2.1574e-21 +2.1091e-21 +2.0573e-21 +2.0017e-21 +1.9420e-21 +1.8782e-21 +1.8098e-21 +1.7366e-21 +1.6587e-21 +1.5784e-21 +1.4994e-21 +1.4254e-21 +1.3599e-21 +1.3068e-21 +1.2697e-21 +1.2483e-21 +1.2322e-21 +1.2086e-21 +1.1650e-21 +1.0901e-21 +9.8785e-22 +8.7202e-22 +7.5659e-22 +6.4979e-22 +5.5253e-22 +4.6492e-22 +3.8527e-22 +3.1238e-22 +2.4937e-22 +1.9169e-22 +1.3232e-22 +8.8047e-23 +5.3549e-23 +2.8437e-23 +1.3220e-23 +4.6686e-24 +1.3296e-24 
+1.1220e+08 +1.1515e-21 +1.1558e-21 +1.1590e-21 +1.1613e-21 +1.1627e-21 +1.1632e-21 +1.1628e-21 +1.1616e-21 +1.1597e-21 +1.1570e-21 +1.1535e-21 +1.1495e-21 +1.1447e-21 +1.1394e-21 +1.1335e-21 +1.1271e-21 +1.1202e-21 +1.1129e-21 +1.1051e-21 +1.0969e-21 +1.0884e-21 +1.0796e-21 +1.0706e-21 +1.0613e-21 +1.0518e-21 +1.0421e-21 +1.0323e-21 +1.0224e-21 +1.0125e-21 +1.0026e-21 +9.9264e-22 +9.8277e-22 +9.7300e-22 +9.6336e-22 +9.5389e-22 +9.4462e-22 +9.3559e-22 +9.2683e-22 +9.1839e-22 +9.1030e-22 +9.0259e-22 +8.9531e-22 +8.8848e-22 +8.8215e-22 +8.7630e-22 +8.7061e-22 +8.6464e-22 +8.5799e-22 +8.5021e-22 +8.4088e-22 +8.2958e-22 +8.1589e-22 +7.9936e-22 +7.7959e-22 +7.5613e-22 +7.2868e-22 +6.9792e-22 +6.6504e-22 +6.3129e-22 +5.9786e-22 +5.6600e-22 +5.3691e-22 +5.1109e-22 +4.8699e-22 +4.6272e-22 +4.3637e-22 +4.0620e-22 +3.7220e-22 +3.3553e-22 +2.9736e-22 +2.5818e-22 +2.1763e-22 +1.7709e-22 +1.4674e-22 +1.3198e-22 +1.0718e-22 +7.4094e-23 +5.9551e-23 +3.8801e-23 +2.2932e-23 +1.1725e-23 +5.0173e-24 +2.3938e-24 +7.2925e-25 
+1.4125e+08 +4.5376e-22 +4.5227e-22 +4.5107e-22 +4.5012e-22 +4.4941e-22 +4.4892e-22 +4.4863e-22 +4.4852e-22 +4.4857e-22 +4.4876e-22 +4.4907e-22 +4.4948e-22 +4.4998e-22 +4.5053e-22 +4.5113e-22 +4.5175e-22 +4.5237e-22 +4.5297e-22 +4.5353e-22 +4.5404e-22 +4.5447e-22 +4.5481e-22 +4.5503e-22 +4.5511e-22 +4.5504e-22 +4.5479e-22 +4.5434e-22 +4.5368e-22 +4.5279e-22 +4.5164e-22 +4.5022e-22 +4.4850e-22 +4.4647e-22 +4.4411e-22 +4.4139e-22 +4.3830e-22 +4.3482e-22 +4.3093e-22 +4.2660e-22 +4.2182e-22 +4.1657e-22 +4.1083e-22 +4.0457e-22 +3.9779e-22 +3.9046e-22 +3.8263e-22 +3.7435e-22 +3.6566e-22 +3.5663e-22 +3.4731e-22 +3.3774e-22 +3.2799e-22 +3.1811e-22 +3.0815e-22 +2.9816e-22 +2.8818e-22 +2.7815e-22 +2.6795e-22 +2.5745e-22 +2.4653e-22 +2.3506e-22 +2.2293e-22 +2.1008e-22 +1.9669e-22 +1.8298e-22 +1.6916e-22 +1.5544e-22 +1.4194e-22 +1.2869e-22 +1.1574e-22 +1.0318e-22 +9.1194e-23 +7.9517e-23 +6.5837e-23 +4.9243e-23 +3.7303e-23 +2.9626e-23 +1.9020e-23 +1.3814e-23 +8.9565e-24 +5.4442e-24 +2.3282e-24 +8.8213e-25 +2.4028e-25 
+1.7783e+08 +1.9708e-22 +1.9686e-22 +1.9667e-22 +1.9651e-22 +1.9638e-22 +1.9626e-22 +1.9615e-22 +1.9606e-22 +1.9597e-22 +1.9588e-22 +1.9578e-22 +1.9568e-22 +1.9557e-22 +1.9544e-22 +1.9529e-22 +1.9512e-22 +1.9491e-22 +1.9467e-22 +1.9440e-22 +1.9408e-22 +1.9371e-22 +1.9330e-22 +1.9282e-22 +1.9229e-22 +1.9170e-22 +1.9103e-22 +1.9029e-22 +1.8948e-22 +1.8858e-22 +1.8760e-22 +1.8653e-22 +1.8536e-22 +1.8409e-22 +1.8272e-22 +1.8124e-22 +1.7965e-22 +1.7795e-22 +1.7612e-22 +1.7417e-22 +1.7209e-22 +1.6988e-22 +1.6752e-22 +1.6503e-22 +1.6239e-22 +1.5960e-22 +1.5666e-22 +1.5359e-22 +1.5039e-22 +1.4707e-22 +1.4364e-22 +1.4011e-22 +1.3648e-22 +1.3277e-22 +1.2898e-22 +1.2512e-22 +1.2119e-22 +1.1719e-22 +1.1307e-22 +1.0880e-22 +1.0435e-22 +9.9696e-23 +9.4798e-23 +8.9652e-23 +8.4327e-23 +7.8905e-23 +7.3467e-23 +6.8075e-23 +6.2536e-23 +5.6491e-23 +4.9601e-23 +4.2359e-23 +3.6322e-23 +3.2380e-23 +2.7829e-23 +2.0480e-23 +1.4968e-23 +1.3106e-23 +1.0452e-23 +5.2100e-24 +3.7000e-24 +2.1488e-24 +8.0038e-25 +3.5498e-25 +1.0311e-25 
+2.2387e+08 +8.7940e-23 +8.7939e-23 +8.7928e-23 +8.7907e-23 +8.7874e-23 +8.7830e-23 +8.7772e-23 +8.7701e-23 +8.7614e-23 +8.7512e-23 +8.7392e-23 +8.7255e-23 +8.7098e-23 +8.6922e-23 +8.6725e-23 +8.6506e-23 +8.6264e-23 +8.5998e-23 +8.5708e-23 +8.5391e-23 +8.5048e-23 +8.4678e-23 +8.4278e-23 +8.3849e-23 +8.3390e-23 +8.2899e-23 +8.2375e-23 +8.1817e-23 +8.1225e-23 +8.0598e-23 +7.9934e-23 +7.9233e-23 +7.8493e-23 +7.7714e-23 +7.6894e-23 +7.6033e-23 +7.5130e-23 +7.4183e-23 +7.3192e-23 +7.2156e-23 +7.1074e-23 +6.9944e-23 +6.8767e-23 +6.7540e-23 +6.6263e-23 +6.4937e-23 +6.3563e-23 +6.2143e-23 +6.0677e-23 +5.9167e-23 +5.7614e-23 +5.6020e-23 +5.4385e-23 +5.2711e-23 +5.0999e-23 +4.9252e-23 +4.7478e-23 +4.5692e-23 +4.3906e-23 +4.2136e-23 +4.0393e-23 +3.8692e-23 +3.7010e-23 +3.5221e-23 +3.3183e-23 +3.0751e-23 +2.7808e-23 +2.4547e-23 +2.1370e-23 +1.8669e-23 +1.6479e-23 +1.4372e-23 +1.2046e-23 +9.9564e-24 +8.5205e-24 +7.0097e-24 +5.1276e-24 +3.4365e-24 +2.2053e-24 +1.3139e-24 +8.2346e-25 +3.4900e-25 +1.4808e-25 +3.7003e-26 
+2.8184e+08 +3.5935e-23 +3.6007e-23 +3.6059e-23 +3.6091e-23 +3.6104e-23 +3.6098e-23 +3.6073e-23 +3.6031e-23 +3.5972e-23 +3.5897e-23 +3.5805e-23 +3.5699e-23 +3.5578e-23 +3.5443e-23 +3.5294e-23 +3.5133e-23 +3.4959e-23 +3.4774e-23 +3.4578e-23 +3.4371e-23 +3.4155e-23 +3.3929e-23 +3.3695e-23 +3.3453e-23 +3.3203e-23 +3.2947e-23 +3.2684e-23 +3.2416e-23 +3.2142e-23 +3.1865e-23 +3.1583e-23 +3.1298e-23 +3.1011e-23 +3.0722e-23 +3.0431e-23 +3.0140e-23 +2.9848e-23 +2.9557e-23 +2.9266e-23 +2.8978e-23 +2.8691e-23 +2.8407e-23 +2.8127e-23 +2.7851e-23 +2.7578e-23 +2.7301e-23 +2.7011e-23 +2.6698e-23 +2.6353e-23 +2.5965e-23 +2.5526e-23 +2.5026e-23 +2.4455e-23 +2.3804e-23 +2.3064e-23 +2.2226e-23 +2.1301e-23 +2.0313e-23 +1.9281e-23 +1.8228e-23 +1.7176e-23 +1.6144e-23 +1.5152e-23 +1.4202e-23 +1.3295e-23 +1.2434e-23 +1.1616e-23 +1.0787e-23 +9.8607e-24 +8.7524e-24 +7.5154e-24 +6.3776e-24 +5.4925e-24 +4.5930e-24 +3.4639e-24 +2.6436e-24 +2.0669e-24 +1.2225e-24 +9.3099e-25 +5.8594e-25 +2.8627e-25 +1.6952e-25 +5.1111e-26 +2.0865e-26 
+3.5481e+08 +1.6231e-23 +1.6215e-23 +1.6200e-23 +1.6185e-23 +1.6172e-23 +1.6158e-23 +1.6145e-23 +1.6130e-23 +1.6115e-23 +1.6098e-23 +1.6080e-23 +1.6059e-23 +1.6036e-23 +1.6010e-23 +1.5981e-23 +1.5949e-23 +1.5913e-23 +1.5872e-23 +1.5827e-23 +1.5776e-23 +1.5720e-23 +1.5659e-23 +1.5591e-23 +1.5517e-23 +1.5436e-23 +1.5348e-23 +1.5253e-23 +1.5149e-23 +1.5037e-23 +1.4917e-23 +1.4787e-23 +1.4648e-23 +1.4499e-23 +1.4340e-23 +1.4171e-23 +1.3990e-23 +1.3799e-23 +1.3596e-23 +1.3380e-23 +1.3153e-23 +1.2913e-23 +1.2660e-23 +1.2393e-23 +1.2113e-23 +1.1818e-23 +1.1513e-23 +1.1200e-23 +1.0883e-23 +1.0566e-23 +1.0252e-23 +9.9438e-24 +9.6460e-24 +9.3618e-24 +9.0946e-24 +8.8481e-24 +8.6245e-24 +8.4155e-24 +8.2068e-24 +7.9841e-24 +7.7331e-24 +7.4396e-24 +7.0892e-24 +6.6731e-24 +6.1971e-24 +5.6699e-24 +5.0999e-24 +4.4988e-24 +3.9164e-24 +3.4278e-24 +3.1057e-24 +2.9104e-24 +2.6598e-24 +2.2224e-24 +1.7616e-24 +1.4514e-24 +1.1303e-24 +7.6708e-25 +5.3727e-25 +3.7352e-25 +2.1831e-25 +1.3451e-25 +6.1418e-26 +2.5500e-26 +6.9833e-27 
+4.4668e+08 +6.5901e-24 +6.6035e-24 +6.6129e-24 +6.6183e-24 +6.6200e-24 +6.6180e-24 +6.6125e-24 +6.6036e-24 +6.5913e-24 +6.5759e-24 +6.5575e-24 +6.5361e-24 +6.5118e-24 +6.4849e-24 +6.4555e-24 +6.4235e-24 +6.3892e-24 +6.3528e-24 +6.3142e-24 +6.2736e-24 +6.2312e-24 +6.1871e-24 +6.1413e-24 +6.0941e-24 +6.0455e-24 +5.9956e-24 +5.9446e-24 +5.8926e-24 +5.8397e-24 +5.7861e-24 +5.7317e-24 +5.6769e-24 +5.6216e-24 +5.5661e-24 +5.5104e-24 +5.4546e-24 +5.3989e-24 +5.3434e-24 +5.2882e-24 +5.2335e-24 +5.1793e-24 +5.1258e-24 +5.0730e-24 +5.0212e-24 +4.9702e-24 +4.9185e-24 +4.8643e-24 +4.8057e-24 +4.7406e-24 +4.6673e-24 +4.5838e-24 +4.4883e-24 +4.3787e-24 +4.2532e-24 +4.1100e-24 +3.9474e-24 +3.7678e-24 +3.5756e-24 +3.3751e-24 +3.1707e-24 +2.9667e-24 +2.7676e-24 +2.5766e-24 +2.3936e-24 +2.2181e-24 +2.0497e-24 +1.8873e-24 +1.7253e-24 +1.5551e-24 +1.3682e-24 +1.1713e-24 +9.9020e-25 +8.4587e-25 +7.2983e-25 +6.1974e-25 +4.7442e-25 +3.1602e-25 +2.2161e-25 +1.5758e-25 +9.1037e-26 +5.1918e-26 +2.7591e-26 +1.0395e-26 +3.3869e-27 
+5.6234e+08 +2.9179e-24 +2.9145e-24 +2.9113e-24 +2.9083e-24 +2.9054e-24 +2.9025e-24 +2.8997e-24 +2.8967e-24 +2.8936e-24 +2.8903e-24 +2.8868e-24 +2.8829e-24 +2.8786e-24 +2.8739e-24 +2.8687e-24 +2.8629e-24 +2.8565e-24 +2.8494e-24 +2.8416e-24 +2.8329e-24 +2.8234e-24 +2.8129e-24 +2.8015e-24 +2.7889e-24 +2.7753e-24 +2.7604e-24 +2.7444e-24 +2.7270e-24 +2.7082e-24 +2.6881e-24 +2.6664e-24 +2.6432e-24 +2.6184e-24 +2.5919e-24 +2.5636e-24 +2.5336e-24 +2.5017e-24 +2.4679e-24 +2.4321e-24 +2.3943e-24 +2.3544e-24 +2.3123e-24 +2.2680e-24 +2.2214e-24 +2.1725e-24 +2.1215e-24 +2.0687e-24 +2.0144e-24 +1.9590e-24 +1.9026e-24 +1.8457e-24 +1.7886e-24 +1.7314e-24 +1.6746e-24 +1.6184e-24 +1.5630e-24 +1.5076e-24 +1.4505e-24 +1.3904e-24 +1.3256e-24 +1.2548e-24 +1.1763e-24 +1.0904e-24 +1.0017e-24 +9.1564e-25 +8.3777e-25 +7.7264e-25 +7.1393e-25 +6.4803e-25 +5.6172e-25 +4.6104e-25 +3.7658e-25 +3.3157e-25 +3.0548e-25 +2.6553e-25 +1.8577e-25 +1.1311e-25 +1.1001e-25 +6.6780e-26 +4.2496e-26 +2.6136e-26 +1.3275e-26 +4.6578e-27 +1.3966e-27 
+7.0795e+08 +1.2101e-24 +1.2059e-24 +1.2024e-24 +1.1994e-24 +1.1970e-24 +1.1951e-24 +1.1935e-24 +1.1924e-24 +1.1916e-24 +1.1910e-24 +1.1906e-24 +1.1904e-24 +1.1902e-24 +1.1901e-24 +1.1900e-24 +1.1898e-24 +1.1895e-24 +1.1890e-24 +1.1883e-24 +1.1873e-24 +1.1859e-24 +1.1841e-24 +1.1818e-24 +1.1791e-24 +1.1758e-24 +1.1718e-24 +1.1672e-24 +1.1618e-24 +1.1556e-24 +1.1486e-24 +1.1407e-24 +1.1318e-24 +1.1220e-24 +1.1110e-24 +1.0990e-24 +1.0857e-24 +1.0712e-24 +1.0555e-24 +1.0384e-24 +1.0199e-24 +9.9989e-25 +9.7842e-25 +9.5539e-25 +9.3074e-25 +9.0448e-25 +8.7698e-25 +8.4875e-25 +8.2029e-25 +7.9209e-25 +7.6466e-25 +7.3850e-25 +7.1412e-25 +6.9201e-25 +6.7267e-25 +6.5661e-25 +6.4416e-25 +6.3418e-25 +6.2472e-25 +6.1382e-25 +5.9951e-25 +5.7984e-25 +5.5284e-25 +5.1775e-25 +4.7706e-25 +4.3386e-25 +3.9123e-25 +3.5200e-25 +3.1615e-25 +2.8174e-25 +2.4685e-25 +2.1152e-25 +1.7833e-25 +1.4945e-25 +1.2427e-25 +1.0152e-25 +8.0739e-26 +6.1392e-26 +4.2915e-26 +2.7816e-26 +1.8743e-26 +8.4214e-27 +4.5976e-27 +2.2753e-27 +6.9500e-28 
+8.9125e+08 +5.2197e-25 +5.2165e-25 +5.2130e-25 +5.2091e-25 +5.2050e-25 +5.2003e-25 +5.1952e-25 +5.1894e-25 +5.1830e-25 +5.1758e-25 +5.1678e-25 +5.1589e-25 +5.1491e-25 +5.1381e-25 +5.1261e-25 +5.1129e-25 +5.0984e-25 +5.0825e-25 +5.0652e-25 +5.0465e-25 +5.0261e-25 +5.0041e-25 +4.9804e-25 +4.9549e-25 +4.9275e-25 +4.8982e-25 +4.8668e-25 +4.8334e-25 +4.7978e-25 +4.7599e-25 +4.7197e-25 +4.6772e-25 +4.6321e-25 +4.5845e-25 +4.5343e-25 +4.4814e-25 +4.4257e-25 +4.3672e-25 +4.3057e-25 +4.2413e-25 +4.1738e-25 +4.1032e-25 +4.0293e-25 +3.9521e-25 +3.8716e-25 +3.7876e-25 +3.7001e-25 +3.6089e-25 +3.5140e-25 +3.4154e-25 +3.3128e-25 +3.2063e-25 +3.0957e-25 +2.9809e-25 +2.8620e-25 +2.7388e-25 +2.6122e-25 +2.4836e-25 +2.3544e-25 +2.2259e-25 +2.0995e-25 +1.9765e-25 +1.8574e-25 +1.7406e-25 +1.6239e-25 +1.5053e-25 +1.3828e-25 +1.2584e-25 +1.1362e-25 +1.0202e-25 +9.0867e-26 +7.9197e-26 +6.6268e-26 +5.2564e-26 +3.9813e-26 +3.3192e-26 +2.8783e-26 +1.7955e-26 +1.1984e-26 +7.3432e-27 +4.7096e-27 +2.2771e-27 +9.4400e-28 +3.4247e-28 
+1.1220e+09 +2.5016e-25 +2.5020e-25 +2.5018e-25 +2.5010e-25 +2.4995e-25 +2.4974e-25 +2.4945e-25 +2.4910e-25 +2.4868e-25 +2.4819e-25 +2.4762e-25 +2.4699e-25 +2.4627e-25 +2.4548e-25 +2.4461e-25 +2.4367e-25 +2.4264e-25 +2.4153e-25 +2.4034e-25 +2.3906e-25 +2.3770e-25 +2.3625e-25 +2.3471e-25 +2.3309e-25 +2.3137e-25 +2.2957e-25 +2.2767e-25 +2.2567e-25 +2.2358e-25 +2.2139e-25 +2.1911e-25 +2.1672e-25 +2.1424e-25 +2.1165e-25 +2.0896e-25 +2.0616e-25 +2.0326e-25 +2.0025e-25 +1.9714e-25 +1.9391e-25 +1.9057e-25 +1.8712e-25 +1.8356e-25 +1.7988e-25 +1.7609e-25 +1.7217e-25 +1.6811e-25 +1.6390e-25 +1.5954e-25 +1.5500e-25 +1.5028e-25 +1.4536e-25 +1.4024e-25 +1.3491e-25 +1.2935e-25 +1.2355e-25 +1.1757e-25 +1.1147e-25 +1.0532e-25 +9.9199e-26 +9.3175e-26 +8.7320e-26 +8.1685e-26 +7.6261e-26 +7.1031e-26 +6.5974e-26 +6.1065e-26 +5.6172e-26 +5.1095e-26 +4.5641e-26 +4.0002e-26 +3.4861e-26 +3.0619e-26 +2.6143e-26 +2.0417e-26 +1.4900e-26 +1.0983e-26 +8.2383e-27 +5.1253e-27 +3.5408e-27 +2.0923e-27 +9.4781e-28 +3.8688e-28 +1.2034e-28 
+1.4125e+09 +1.0817e-25 +1.0801e-25 +1.0786e-25 +1.0772e-25 +1.0758e-25 +1.0744e-25 +1.0730e-25 +1.0716e-25 +1.0702e-25 +1.0686e-25 +1.0670e-25 +1.0652e-25 +1.0633e-25 +1.0613e-25 +1.0590e-25 +1.0565e-25 +1.0537e-25 +1.0507e-25 +1.0474e-25 +1.0438e-25 +1.0398e-25 +1.0355e-25 +1.0308e-25 +1.0256e-25 +1.0200e-25 +1.0140e-25 +1.0074e-25 +1.0004e-25 +9.9282e-26 +9.8467e-26 +9.7594e-26 +9.6660e-26 +9.5663e-26 +9.4600e-26 +9.3468e-26 +9.2266e-26 +9.0991e-26 +8.9641e-26 +8.8213e-26 +8.6704e-26 +8.5113e-26 +8.3436e-26 +8.1672e-26 +7.9818e-26 +7.7873e-26 +7.5842e-26 +7.3733e-26 +7.1555e-26 +6.9315e-26 +6.7021e-26 +6.4681e-26 +6.2303e-26 +5.9895e-26 +5.7465e-26 +5.5021e-26 +5.2573e-26 +5.0147e-26 +4.7781e-26 +4.5510e-26 +4.3370e-26 +4.1398e-26 +3.9631e-26 +3.8038e-26 +3.6407e-26 +3.4491e-26 +3.2046e-26 +2.8861e-26 +2.5165e-26 +2.1472e-26 +1.8298e-26 +1.5806e-26 +1.3717e-26 +1.1778e-26 +1.0004e-26 +8.4079e-27 +6.6621e-27 +4.8086e-27 +3.3623e-27 +2.3757e-27 +1.6914e-27 +8.0967e-28 +4.7459e-28 +1.9590e-28 +6.1529e-29 
+1.7783e+09 +4.8963e-26 +4.9062e-26 +4.9129e-26 +4.9165e-26 +4.9171e-26 +4.9147e-26 +4.9095e-26 +4.9016e-26 +4.8909e-26 +4.8777e-26 +4.8620e-26 +4.8438e-26 +4.8233e-26 +4.8006e-26 +4.7757e-26 +4.7488e-26 +4.7198e-26 +4.6890e-26 +4.6564e-26 +4.6220e-26 +4.5859e-26 +4.5483e-26 +4.5093e-26 +4.4689e-26 +4.4271e-26 +4.3842e-26 +4.3401e-26 +4.2950e-26 +4.2489e-26 +4.2019e-26 +4.1542e-26 +4.1058e-26 +4.0567e-26 +4.0072e-26 +3.9572e-26 +3.9068e-26 +3.8562e-26 +3.8054e-26 +3.7545e-26 +3.7036e-26 +3.6527e-26 +3.6021e-26 +3.5516e-26 +3.5015e-26 +3.4517e-26 +3.4013e-26 +3.3491e-26 +3.2939e-26 +3.2345e-26 +3.1698e-26 +3.0986e-26 +3.0197e-26 +2.9319e-26 +2.8341e-26 +2.7250e-26 +2.6039e-26 +2.4729e-26 +2.3362e-26 +2.1976e-26 +2.0612e-26 +1.9309e-26 +1.8108e-26 +1.7020e-26 +1.5979e-26 +1.4903e-26 +1.3712e-26 +1.2339e-26 +1.0887e-26 +9.5744e-27 +8.6105e-27 +7.9112e-27 +7.0157e-27 +5.6233e-27 +4.3361e-27 +3.7340e-27 +3.1345e-27 +2.2638e-27 +1.6088e-27 +1.0952e-27 +7.1747e-28 +3.5612e-28 +1.9073e-28 +8.1402e-29 +2.3096e-29 
+2.2387e+09 +2.2747e-26 +2.2734e-26 +2.2718e-26 +2.2700e-26 +2.2679e-26 +2.2654e-26 +2.2626e-26 +2.2594e-26 +2.2559e-26 +2.2519e-26 +2.2474e-26 +2.2425e-26 +2.2371e-26 +2.2311e-26 +2.2246e-26 +2.2175e-26 +2.2097e-26 +2.2014e-26 +2.1924e-26 +2.1826e-26 +2.1722e-26 +2.1610e-26 +2.1490e-26 +2.1363e-26 +2.1227e-26 +2.1083e-26 +2.0930e-26 +2.0768e-26 +2.0596e-26 +2.0415e-26 +2.0224e-26 +2.0023e-26 +1.9812e-26 +1.9590e-26 +1.9357e-26 +1.9112e-26 +1.8857e-26 +1.8590e-26 +1.8310e-26 +1.8019e-26 +1.7715e-26 +1.7398e-26 +1.7068e-26 +1.6725e-26 +1.6369e-26 +1.5999e-26 +1.5619e-26 +1.5228e-26 +1.4827e-26 +1.4418e-26 +1.4003e-26 +1.3581e-26 +1.3154e-26 +1.2723e-26 +1.2290e-26 +1.1854e-26 +1.1412e-26 +1.0959e-26 +1.0486e-26 +9.9896e-27 +9.4620e-27 +8.8973e-27 +8.2951e-27 +7.6716e-27 +7.0455e-27 +6.4358e-27 +5.8595e-27 +5.3128e-27 +4.7777e-27 +4.2364e-27 +3.6842e-27 +3.1337e-27 +2.6019e-27 +2.1245e-27 +1.7312e-27 +1.4041e-27 +1.1045e-27 +8.1966e-28 +5.7819e-28 +3.0978e-28 +1.8602e-28 +9.3823e-29 +4.0387e-29 +1.4323e-29 
+2.8184e+09 +9.9185e-27 +9.8984e-27 +9.8798e-27 +9.8623e-27 +9.8459e-27 +9.8301e-27 +9.8148e-27 +9.7998e-27 +9.7847e-27 +9.7694e-27 +9.7536e-27 +9.7371e-27 +9.7195e-27 +9.7007e-27 +9.6805e-27 +9.6585e-27 +9.6345e-27 +9.6084e-27 +9.5797e-27 +9.5484e-27 +9.5141e-27 +9.4767e-27 +9.4358e-27 +9.3912e-27 +9.3427e-27 +9.2901e-27 +9.2330e-27 +9.1713e-27 +9.1047e-27 +9.0329e-27 +8.9558e-27 +8.8730e-27 +8.7843e-27 +8.6895e-27 +8.5884e-27 +8.4806e-27 +8.3660e-27 +8.2443e-27 +8.1153e-27 +7.9786e-27 +7.8342e-27 +7.6816e-27 +7.5208e-27 +7.3514e-27 +7.1733e-27 +6.9880e-27 +6.7969e-27 +6.6019e-27 +6.4045e-27 +6.2064e-27 +6.0093e-27 +5.8149e-27 +5.6249e-27 +5.4408e-27 +5.2645e-27 +5.0969e-27 +4.9348e-27 +4.7720e-27 +4.6025e-27 +4.4202e-27 +4.2192e-27 +3.9934e-27 +3.7409e-27 +3.4717e-27 +3.1977e-27 +2.9308e-27 +2.6816e-27 +2.4429e-27 +2.1957e-27 +1.9214e-27 +1.6239e-27 +1.3359e-27 +1.0917e-27 +9.2417e-28 +8.3783e-28 +7.1786e-28 +5.0782e-28 +3.0366e-28 +2.3162e-28 +1.6084e-28 +9.7568e-29 +4.2902e-29 +1.6815e-29 +5.5059e-30 
+3.5481e+09 +4.9495e-27 +4.9422e-27 +4.9352e-27 +4.9285e-27 +4.9220e-27 +4.9156e-27 +4.9091e-27 +4.9024e-27 +4.8954e-27 +4.8881e-27 +4.8802e-27 +4.8718e-27 +4.8626e-27 +4.8525e-27 +4.8415e-27 +4.8294e-27 +4.8162e-27 +4.8016e-27 +4.7857e-27 +4.7682e-27 +4.7491e-27 +4.7282e-27 +4.7055e-27 +4.6808e-27 +4.6541e-27 +4.6251e-27 +4.5939e-27 +4.5602e-27 +4.5240e-27 +4.4851e-27 +4.4435e-27 +4.3991e-27 +4.3516e-27 +4.3011e-27 +4.2473e-27 +4.1902e-27 +4.1297e-27 +4.0657e-27 +3.9980e-27 +3.9265e-27 +3.8512e-27 +3.7718e-27 +3.6884e-27 +3.6007e-27 +3.5088e-27 +3.4131e-27 +3.3143e-27 +3.2130e-27 +3.1099e-27 +3.0055e-27 +2.9006e-27 +2.7958e-27 +2.6918e-27 +2.5891e-27 +2.4884e-27 +2.3902e-27 +2.2938e-27 +2.1975e-27 +2.0999e-27 +1.9994e-27 +1.8945e-27 +1.7837e-27 +1.6671e-27 +1.5496e-27 +1.4368e-27 +1.3344e-27 +1.2468e-27 +1.1652e-27 +1.0713e-27 +9.4764e-28 +8.0054e-28 +6.6695e-28 +5.7380e-28 +4.8925e-28 +3.8180e-28 +2.9653e-28 +2.3403e-28 +1.5279e-28 +1.0879e-28 +7.1302e-29 +3.8441e-29 +2.3721e-29 +8.1048e-30 +2.1160e-30 
+4.4668e+09 +2.2239e-27 +2.2259e-27 +2.2268e-27 +2.2267e-27 +2.2256e-27 +2.2235e-27 +2.2204e-27 +2.2163e-27 +2.2114e-27 +2.2056e-27 +2.1989e-27 +2.1913e-27 +2.1830e-27 +2.1739e-27 +2.1639e-27 +2.1533e-27 +2.1419e-27 +2.1299e-27 +2.1172e-27 +2.1038e-27 +2.0899e-27 +2.0753e-27 +2.0602e-27 +2.0445e-27 +2.0284e-27 +2.0117e-27 +1.9946e-27 +1.9770e-27 +1.9590e-27 +1.9406e-27 +1.9219e-27 +1.9028e-27 +1.8834e-27 +1.8638e-27 +1.8438e-27 +1.8236e-27 +1.8032e-27 +1.7826e-27 +1.7619e-27 +1.7410e-27 +1.7200e-27 +1.6989e-27 +1.6777e-27 +1.6565e-27 +1.6352e-27 +1.6135e-27 +1.5909e-27 +1.5669e-27 +1.5410e-27 +1.5128e-27 +1.4817e-27 +1.4473e-27 +1.4091e-27 +1.3667e-27 +1.3195e-27 +1.2672e-27 +1.2103e-27 +1.1497e-27 +1.0864e-27 +1.0215e-27 +9.5590e-28 +8.9058e-28 +8.2637e-28 +7.6366e-28 +7.0275e-28 +6.4396e-28 +5.8759e-28 +5.3408e-28 +4.8395e-28 +4.3760e-28 +3.9215e-28 +3.4044e-28 +2.7896e-28 +2.2333e-28 +1.8766e-28 +1.5491e-28 +1.1587e-28 +8.1961e-29 +5.7725e-29 +3.4826e-29 +1.8209e-29 +9.1179e-30 +3.4186e-30 +8.9405e-31 
+5.6234e+09 +1.1805e-27 +1.1815e-27 +1.1821e-27 +1.1821e-27 +1.1816e-27 +1.1805e-27 +1.1790e-27 +1.1769e-27 +1.1743e-27 +1.1712e-27 +1.1677e-27 +1.1636e-27 +1.1591e-27 +1.1541e-27 +1.1486e-27 +1.1426e-27 +1.1362e-27 +1.1293e-27 +1.1219e-27 +1.1141e-27 +1.1059e-27 +1.0972e-27 +1.0881e-27 +1.0786e-27 +1.0686e-27 +1.0582e-27 +1.0474e-27 +1.0362e-27 +1.0246e-27 +1.0126e-27 +1.0002e-27 +9.8741e-28 +9.7423e-28 +9.6068e-28 +9.4675e-28 +9.3245e-28 +9.1780e-28 +9.0278e-28 +8.8741e-28 +8.7169e-28 +8.5563e-28 +8.3923e-28 +8.2249e-28 +8.0543e-28 +7.8804e-28 +7.7030e-28 +7.5217e-28 +7.3362e-28 +7.1461e-28 +6.9510e-28 +6.7507e-28 +6.5447e-28 +6.3328e-28 +6.1145e-28 +5.8895e-28 +5.6576e-28 +5.4194e-28 +5.1761e-28 +4.9288e-28 +4.6787e-28 +4.4268e-28 +4.1745e-28 +3.9222e-28 +3.6690e-28 +3.4136e-28 +3.1548e-28 +2.8913e-28 +2.6192e-28 +2.3333e-28 +2.0291e-28 +1.7293e-28 +1.4910e-28 +1.3434e-28 +1.1671e-28 +8.7205e-29 +6.8166e-29 +5.8720e-29 +3.6701e-29 +2.5856e-29 +1.4771e-29 +9.6039e-30 +3.2732e-30 +1.2598e-30 +1.5735e-31 
+7.0795e+09 +5.1995e-28 +5.1893e-28 +5.1799e-28 +5.1712e-28 +5.1629e-28 +5.1551e-28 +5.1474e-28 +5.1399e-28 +5.1324e-28 +5.1247e-28 +5.1167e-28 +5.1083e-28 +5.0993e-28 +5.0897e-28 +5.0792e-28 +5.0678e-28 +5.0553e-28 +5.0416e-28 +5.0265e-28 +5.0100e-28 +4.9919e-28 +4.9720e-28 +4.9502e-28 +4.9264e-28 +4.9005e-28 +4.8723e-28 +4.8417e-28 +4.8085e-28 +4.7727e-28 +4.7341e-28 +4.6926e-28 +4.6479e-28 +4.6001e-28 +4.5490e-28 +4.4944e-28 +4.4361e-28 +4.3742e-28 +4.3084e-28 +4.2386e-28 +4.1647e-28 +4.0865e-28 +4.0039e-28 +3.9168e-28 +3.8250e-28 +3.7286e-28 +3.6280e-28 +3.5242e-28 +3.4178e-28 +3.3097e-28 +3.2007e-28 +3.0915e-28 +2.9830e-28 +2.8760e-28 +2.7712e-28 +2.6694e-28 +2.5714e-28 +2.4774e-28 +2.3872e-28 +2.3009e-28 +2.2184e-28 +2.1395e-28 +2.0642e-28 +1.9899e-28 +1.9073e-28 +1.8059e-28 +1.6750e-28 +1.5060e-28 +1.3137e-28 +1.1283e-28 +9.7967e-29 +8.6918e-29 +7.6205e-29 +6.3225e-29 +5.0808e-29 +4.1912e-29 +3.3021e-29 +2.3218e-29 +1.6163e-29 +1.1683e-29 +7.0560e-30 +3.9932e-30 +1.4762e-30 +4.8047e-31 +3.5024e-32 
+8.9125e+09 +2.7370e-28 +2.7409e-28 +2.7432e-28 +2.7441e-28 +2.7435e-28 +2.7415e-28 +2.7380e-28 +2.7332e-28 +2.7270e-28 +2.7195e-28 +2.7107e-28 +2.7006e-28 +2.6893e-28 +2.6767e-28 +2.6630e-28 +2.6481e-28 +2.6320e-28 +2.6149e-28 +2.5967e-28 +2.5774e-28 +2.5572e-28 +2.5359e-28 +2.5137e-28 +2.4905e-28 +2.4665e-28 +2.4415e-28 +2.4157e-28 +2.3891e-28 +2.3617e-28 +2.3336e-28 +2.3047e-28 +2.2750e-28 +2.2447e-28 +2.2138e-28 +2.1822e-28 +2.1501e-28 +2.1173e-28 +2.0841e-28 +2.0503e-28 +2.0160e-28 +1.9813e-28 +1.9462e-28 +1.9106e-28 +1.8747e-28 +1.8385e-28 +1.8018e-28 +1.7645e-28 +1.7267e-28 +1.6881e-28 +1.6487e-28 +1.6084e-28 +1.5671e-28 +1.5246e-28 +1.4809e-28 +1.4359e-28 +1.3895e-28 +1.3409e-28 +1.2895e-28 +1.2344e-28 +1.1746e-28 +1.1095e-28 +1.0382e-28 +9.6063e-29 +8.7943e-29 +7.9751e-29 +7.1783e-29 +6.4326e-29 +5.7594e-29 +5.1747e-29 +4.6924e-29 +4.2469e-29 +3.6711e-29 +2.8737e-29 +2.1661e-29 +1.8232e-29 +1.4505e-29 +9.8171e-30 +7.6639e-30 +5.1910e-30 +3.0177e-30 +1.5246e-30 +5.6624e-31 +1.1387e-31 +1.0452e-32 
+1.1220e+10 +1.2897e-28 +1.2891e-28 +1.2883e-28 +1.2874e-28 +1.2862e-28 +1.2849e-28 +1.2832e-28 +1.2814e-28 +1.2793e-28 +1.2769e-28 +1.2743e-28 +1.2713e-28 +1.2680e-28 +1.2644e-28 +1.2605e-28 +1.2562e-28 +1.2516e-28 +1.2465e-28 +1.2411e-28 +1.2353e-28 +1.2291e-28 +1.2224e-28 +1.2153e-28 +1.2077e-28 +1.1997e-28 +1.1912e-28 +1.1821e-28 +1.1726e-28 +1.1626e-28 +1.1520e-28 +1.1408e-28 +1.1291e-28 +1.1169e-28 +1.1040e-28 +1.0905e-28 +1.0764e-28 +1.0617e-28 +1.0464e-28 +1.0303e-28 +1.0137e-28 +9.9629e-29 +9.7823e-29 +9.5946e-29 +9.3996e-29 +9.1972e-29 +8.9866e-29 +8.7670e-29 +8.5374e-29 +8.2969e-29 +8.0446e-29 +7.7796e-29 +7.5011e-29 +7.2080e-29 +6.8996e-29 +6.5748e-29 +6.2335e-29 +5.8813e-29 +5.5270e-29 +5.1795e-29 +4.8477e-29 +4.5404e-29 +4.2665e-29 +4.0286e-29 +3.8114e-29 +3.5966e-29 +3.3660e-29 +3.1027e-29 +2.8068e-29 +2.4900e-29 +2.1644e-29 +1.8472e-29 +1.5631e-29 +1.3331e-29 +1.1608e-29 +1.0201e-29 +7.8549e-30 +5.0404e-30 +3.5912e-30 +2.0625e-30 +1.0726e-30 +4.5104e-31 +1.9875e-31 +2.4465e-32 +4.2963e-35 
+1.4125e+10 +6.5515e-29 +6.5506e-29 +6.5483e-29 +6.5445e-29 +6.5391e-29 +6.5321e-29 +6.5234e-29 +6.5130e-29 +6.5008e-29 +6.4867e-29 +6.4706e-29 +6.4526e-29 +6.4325e-29 +6.4103e-29 +6.3860e-29 +6.3594e-29 +6.3305e-29 +6.2992e-29 +6.2655e-29 +6.2293e-29 +6.1906e-29 +6.1493e-29 +6.1053e-29 +6.0586e-29 +6.0092e-29 +5.9568e-29 +5.9016e-29 +5.8434e-29 +5.7821e-29 +5.7178e-29 +5.6503e-29 +5.5796e-29 +5.5056e-29 +5.4282e-29 +5.3475e-29 +5.2633e-29 +5.1756e-29 +5.0843e-29 +4.9894e-29 +4.8907e-29 +4.7883e-29 +4.6821e-29 +4.5720e-29 +4.4579e-29 +4.3399e-29 +4.2186e-29 +4.0949e-29 +3.9697e-29 +3.8436e-29 +3.7176e-29 +3.5926e-29 +3.4693e-29 +3.3486e-29 +3.2314e-29 +3.1184e-29 +3.0103e-29 +2.9052e-29 +2.7999e-29 +2.6914e-29 +2.5763e-29 +2.4517e-29 +2.3143e-29 +2.1621e-29 +1.9963e-29 +1.8187e-29 +1.6312e-29 +1.4362e-29 +1.2460e-29 +1.0788e-29 +9.5267e-30 +8.6220e-30 +7.7241e-30 +6.5541e-30 +5.2737e-30 +4.1302e-30 +3.1585e-30 +2.3637e-30 +1.6351e-30 +7.5340e-31 +3.7791e-31 +1.3538e-31 +1.8231e-32 +4.2001e-34 -6.7133e-35 
+1.7783e+10 +2.8235e-29 +2.8255e-29 +2.8263e-29 +2.8258e-29 +2.8241e-29 +2.8211e-29 +2.8170e-29 +2.8117e-29 +2.8052e-29 +2.7977e-29 +2.7890e-29 +2.7792e-29 +2.7683e-29 +2.7564e-29 +2.7435e-29 +2.7295e-29 +2.7146e-29 +2.6986e-29 +2.6818e-29 +2.6639e-29 +2.6452e-29 +2.6256e-29 +2.6050e-29 +2.5837e-29 +2.5615e-29 +2.5384e-29 +2.5146e-29 +2.4900e-29 +2.4646e-29 +2.4384e-29 +2.4116e-29 +2.3840e-29 +2.3558e-29 +2.3269e-29 +2.2973e-29 +2.2671e-29 +2.2363e-29 +2.2049e-29 +2.1730e-29 +2.1405e-29 +2.1075e-29 +2.0739e-29 +2.0399e-29 +2.0054e-29 +1.9703e-29 +1.9346e-29 +1.8976e-29 +1.8591e-29 +1.8188e-29 +1.7761e-29 +1.7309e-29 +1.6826e-29 +1.6309e-29 +1.5755e-29 +1.5159e-29 +1.4520e-29 +1.3842e-29 +1.3138e-29 +1.2418e-29 +1.1693e-29 +1.0974e-29 +1.0272e-29 +9.5963e-30 +8.9474e-30 +8.3258e-30 +7.7317e-30 +7.1627e-30 +6.5834e-30 +5.9365e-30 +5.1668e-30 +4.3100e-30 +3.5174e-30 +2.9005e-30 +2.3369e-30 +1.7061e-30 +1.1929e-30 +8.0954e-31 +4.1381e-31 +2.4205e-31 +1.0284e-31 +3.1096e-32 +1.5799e-33 +1.2913e-35 -1.7161e-36 
+2.2387e+10 +1.4194e-29 +1.4208e-29 +1.4214e-29 +1.4215e-29 +1.4208e-29 +1.4196e-29 +1.4177e-29 +1.4153e-29 +1.4122e-29 +1.4085e-29 +1.4043e-29 +1.3995e-29 +1.3942e-29 +1.3882e-29 +1.3818e-29 +1.3748e-29 +1.3673e-29 +1.3593e-29 +1.3508e-29 +1.3418e-29 +1.3323e-29 +1.3223e-29 +1.3119e-29 +1.3010e-29 +1.2897e-29 +1.2780e-29 +1.2658e-29 +1.2532e-29 +1.2402e-29 +1.2268e-29 +1.2131e-29 +1.1989e-29 +1.1844e-29 +1.1695e-29 +1.1543e-29 +1.1387e-29 +1.1229e-29 +1.1067e-29 +1.0902e-29 +1.0733e-29 +1.0563e-29 +1.0389e-29 +1.0212e-29 +1.0033e-29 +9.8516e-30 +9.6657e-30 +9.4737e-30 +9.2738e-30 +9.0641e-30 +8.8426e-30 +8.6076e-30 +8.3570e-30 +8.0891e-30 +7.8019e-30 +7.4936e-30 +7.1626e-30 +6.8121e-30 +6.4473e-30 +6.0737e-30 +5.6965e-30 +5.3212e-30 +4.9531e-30 +4.5950e-30 +4.2428e-30 +3.8910e-30 +3.5342e-30 +3.1677e-30 +2.7962e-30 +2.4305e-30 +2.0816e-30 +1.7579e-30 +1.4641e-30 +1.2004e-30 +9.4389e-31 +6.7990e-31 +4.5883e-31 +2.9615e-31 +1.5755e-31 +6.0615e-32 +1.8297e-32 +1.4818e-33 +1.3966e-34 +1.2326e-36 -1.7482e-37 
+2.8184e+10 +6.8684e-30 +6.8605e-30 +6.8527e-30 +6.8449e-30 +6.8371e-30 +6.8290e-30 +6.8205e-30 +6.8115e-30 +6.8018e-30 +6.7913e-30 +6.7799e-30 +6.7673e-30 +6.7536e-30 +6.7384e-30 +6.7217e-30 +6.7034e-30 +6.6832e-30 +6.6611e-30 +6.6369e-30 +6.6104e-30 +6.5816e-30 +6.5503e-30 +6.5163e-30 +6.4796e-30 +6.4398e-30 +6.3970e-30 +6.3510e-30 +6.3016e-30 +6.2487e-30 +6.1921e-30 +6.1318e-30 +6.0675e-30 +5.9991e-30 +5.9265e-30 +5.8496e-30 +5.7681e-30 +5.6820e-30 +5.5912e-30 +5.4954e-30 +5.3945e-30 +5.2884e-30 +5.1769e-30 +5.0600e-30 +4.9374e-30 +4.8091e-30 +4.6753e-30 +4.5365e-30 +4.3928e-30 +4.2448e-30 +4.0927e-30 +3.9370e-30 +3.7780e-30 +3.6160e-30 +3.4515e-30 +3.2847e-30 +3.1162e-30 +2.9469e-30 +2.7781e-30 +2.6113e-30 +2.4478e-30 +2.2889e-30 +2.1359e-30 +1.9895e-30 +1.8481e-30 +1.7097e-30 +1.5723e-30 +1.4338e-30 +1.2874e-30 +1.1239e-30 +9.3428e-31 +7.3255e-31 +5.6146e-31 +4.5022e-31 +3.5219e-31 +2.2009e-31 +1.0263e-31 +4.2098e-32 +2.4872e-32 +8.8461e-33 +1.3148e-33 -4.2935e-35 -4.1411e-36 -3.6505e-38 +5.2110e-39 
+3.5481e+10 +3.2294e-30 +3.2290e-30 +3.2278e-30 +3.2256e-30 +3.2226e-30 +3.2186e-30 +3.2137e-30 +3.2078e-30 +3.2010e-30 +3.1933e-30 +3.1845e-30 +3.1748e-30 +3.1641e-30 +3.1523e-30 +3.1395e-30 +3.1257e-30 +3.1109e-30 +3.0950e-30 +3.0780e-30 +3.0599e-30 +3.0408e-30 +3.0205e-30 +2.9991e-30 +2.9766e-30 +2.9529e-30 +2.9281e-30 +2.9022e-30 +2.8750e-30 +2.8467e-30 +2.8172e-30 +2.7864e-30 +2.7545e-30 +2.7213e-30 +2.6868e-30 +2.6511e-30 +2.6142e-30 +2.5759e-30 +2.5364e-30 +2.4956e-30 +2.4534e-30 +2.4099e-30 +2.3651e-30 +2.3189e-30 +2.2714e-30 +2.2224e-30 +2.1718e-30 +2.1190e-30 +2.0637e-30 +2.0056e-30 +1.9441e-30 +1.8790e-30 +1.8099e-30 +1.7363e-30 +1.6579e-30 +1.5743e-30 +1.4852e-30 +1.3919e-30 +1.2962e-30 +1.2001e-30 +1.1055e-30 +1.0144e-30 +9.2869e-31 +8.4917e-31 +7.7335e-31 +6.9819e-31 +6.2065e-31 +5.3812e-31 +4.5294e-31 +3.7081e-31 +2.9735e-31 +2.3269e-31 +1.7001e-31 +1.0576e-31 +5.4678e-32 +2.9651e-32 +1.2376e-32 -2.0636e-34 +3.6407e-33 -1.0957e-34 +9.3796e-35 -6.9237e-36 -6.7543e-37 -5.9557e-39 +8.4891e-40 
+4.4668e+10 +1.5390e-30 +1.5421e-30 +1.5440e-30 +1.5449e-30 +1.5446e-30 +1.5434e-30 +1.5411e-30 +1.5378e-30 +1.5335e-30 +1.5284e-30 +1.5223e-30 +1.5153e-30 +1.5075e-30 +1.4988e-30 +1.4893e-30 +1.4791e-30 +1.4681e-30 +1.4564e-30 +1.4440e-30 +1.4310e-30 +1.4173e-30 +1.4030e-30 +1.3881e-30 +1.3727e-30 +1.3567e-30 +1.3402e-30 +1.3233e-30 +1.3059e-30 +1.2881e-30 +1.2699e-30 +1.2513e-30 +1.2324e-30 +1.2132e-30 +1.1937e-30 +1.1740e-30 +1.1540e-30 +1.1338e-30 +1.1135e-30 +1.0930e-30 +1.0723e-30 +1.0516e-30 +1.0308e-30 +1.0100e-30 +9.8919e-31 +9.6833e-31 +9.4711e-31 +9.2513e-31 +9.0198e-31 +8.7723e-31 +8.5047e-31 +8.2129e-31 +7.8927e-31 +7.5399e-31 +7.1505e-31 +6.7203e-31 +6.2467e-31 +5.7414e-31 +5.2240e-31 +4.7143e-31 +4.2317e-31 +3.7961e-31 +3.4269e-31 +3.1284e-31 +2.8623e-31 +2.5825e-31 +2.2433e-31 +1.8053e-31 +1.3085e-31 +8.4578e-32 +5.0907e-32 +3.1792e-32 +1.9964e-32 +9.2197e-33 +1.5038e-33 -3.0028e-34 +9.8149e-35 -7.9791e-36 -6.8045e-37 -2.4123e-37 +2.0785e-37 -1.5337e-38 -1.4962e-39 -1.3193e-41 +1.8805e-42 
+5.6234e+10 +6.3979e-31 +6.3901e-31 +6.3811e-31 +6.3710e-31 +6.3596e-31 +6.3467e-31 +6.3323e-31 +6.3163e-31 +6.2984e-31 +6.2787e-31 +6.2570e-31 +6.2332e-31 +6.2071e-31 +6.1787e-31 +6.1479e-31 +6.1144e-31 +6.0783e-31 +6.0394e-31 +5.9976e-31 +5.9527e-31 +5.9047e-31 +5.8534e-31 +5.7988e-31 +5.7407e-31 +5.6790e-31 +5.6135e-31 +5.5442e-31 +5.4710e-31 +5.3937e-31 +5.3123e-31 +5.2265e-31 +5.1364e-31 +5.0417e-31 +4.9424e-31 +4.8384e-31 +4.7295e-31 +4.6156e-31 +4.4966e-31 +4.3724e-31 +4.2429e-31 +4.1079e-31 +3.9674e-31 +3.8213e-31 +3.6694e-31 +3.5116e-31 +3.3486e-31 +3.1811e-31 +3.0096e-31 +2.8351e-31 +2.6582e-31 +2.4796e-31 +2.2999e-31 +2.1201e-31 +1.9407e-31 +1.7624e-31 +1.5860e-31 +1.4122e-31 +1.2417e-31 +1.0750e-31 +9.1290e-32 +7.5603e-32 +6.0506e-32 +4.6177e-32 +3.3099e-32 +2.1808e-32 +1.2841e-32 +6.6781e-33 +3.1024e-33 +1.4347e-33 +9.8746e-34 +1.0931e-33 +1.1091e-33 +5.8540e-34 +7.5550e-36 -6.6016e-35 +1.7114e-35 -1.3909e-36 -1.1861e-37 -4.2048e-38 +3.6231e-38 -2.6734e-39 -2.6080e-40 -2.2997e-42 +3.2779e-43 
+7.0795e+10 +1.9515e-31 +1.9598e-31 +1.9646e-31 +1.9661e-31 +1.9644e-31 +1.9596e-31 +1.9518e-31 +1.9411e-31 +1.9276e-31 +1.9114e-31 +1.8926e-31 +1.8713e-31 +1.8477e-31 +1.8218e-31 +1.7937e-31 +1.7635e-31 +1.7314e-31 +1.6974e-31 +1.6616e-31 +1.6242e-31 +1.5852e-31 +1.5448e-31 +1.5030e-31 +1.4600e-31 +1.4158e-31 +1.3706e-31 +1.3244e-31 +1.2774e-31 +1.2296e-31 +1.1813e-31 +1.1324e-31 +1.0830e-31 +1.0334e-31 +9.8350e-32 +9.3351e-32 +8.8350e-32 +8.3359e-32 +7.8386e-32 +7.3443e-32 +6.8539e-32 +6.3686e-32 +5.8893e-32 +5.4171e-32 +4.9529e-32 +4.4980e-32 +4.0545e-32 +3.6249e-32 +3.2114e-32 +2.8167e-32 +2.4431e-32 +2.0931e-32 +1.7690e-32 +1.4734e-32 +1.2087e-32 +9.7718e-33 +7.8100e-33 +6.1804e-33 +4.8407e-33 +3.7483e-33 +2.8604e-33 +2.1344e-33 +1.5277e-33 +1.0098e-33 +5.8415e-34 +2.5991e-34 +4.6379e-35 -4.9932e-35 -5.5839e-35 -2.0374e-35 +7.8051e-36 +9.0093e-36 +4.4710e-37 -1.9264e-36 -3.3888e-38 +2.9628e-37 -7.6806e-38 +6.2425e-39 +5.3232e-40 +1.8871e-40 -1.6261e-40 +1.1998e-41 +1.1705e-42 +1.0321e-44 -1.4711e-45 
+8.9125e+10 +3.0147e-34 +2.6662e-34 +2.3400e-34 +2.0354e-34 +1.7517e-34 +1.4882e-34 +1.2443e-34 +1.0193e-34 +8.1259e-35 +6.2352e-35 +4.5141e-35 +2.9562e-35 +1.5547e-35 +3.0330e-36 -8.0470e-36 -1.7758e-35 -2.6166e-35 -3.3337e-35 -3.9335e-35 -4.4227e-35 -4.8078e-35 -5.0954e-35 -5.2920e-35 -5.4042e-35 -5.4385e-35 -5.4016e-35 -5.2999e-35 -5.1400e-35 -4.9284e-35 -4.6718e-35 -4.3767e-35 -4.0497e-35 -3.6972e-35 -3.3259e-35 -2.9423e-35 -2.5530e-35 -2.1646e-35 -1.7835e-35 -1.4163e-35 -1.0697e-35 -7.5013e-36 -4.6418e-36 -2.1840e-36 -1.9363e-37 +1.2789e-36 +2.2685e-36 +2.8395e-36 +3.0566e-36 +2.9845e-36 +2.6878e-36 +2.2310e-36 +1.6787e-36 +1.0957e-36 +5.4648e-37 +9.5663e-38 -1.9870e-37 -3.3940e-37 -3.6208e-37 -3.0269e-37 -1.9718e-37 -8.1510e-38 +8.3670e-39 +4.8881e-38 +5.0873e-38 +3.1166e-38 +6.5765e-39 -7.1952e-39 -8.0466e-39 -2.9359e-39 +1.1248e-39 +1.2983e-39 +6.4429e-41 -2.7761e-40 -4.8833e-42 +4.2696e-41 -1.1068e-41 +8.9956e-43 +7.6710e-44 +2.7194e-44 -2.3432e-44 +1.7290e-45 +1.6867e-46 +1.4873e-48 -2.1200e-49 
