# 220209, ag
# run with n=1000 muons per angle and energy
# first row: angles [degrees]
# first column: energies [MeV]
# other entries: flux [1 / cm² s sr MeV]
EMPTY +0.0000e+00 +1.0000e+00 +2.0000e+00 +3.0000e+00 +4.0000e+00 +5.0000e+00 +6.0000e+00 +7.0000e+00 +8.0000e+00 +9.0000e+00 +1.0000e+01 +1.1000e+01 +1.2000e+01 +1.3000e+01 +1.4000e+01 +1.5000e+01 +1.6000e+01 +1.7000e+01 +1.8000e+01 +1.9000e+01 +2.0000e+01 +2.1000e+01 +2.2000e+01 +2.3000e+01 +2.4000e+01 +2.5000e+01 +2.6000e+01 +2.7000e+01 +2.8000e+01 +2.9000e+01 +3.0000e+01 +3.1000e+01 +3.2000e+01 +3.3000e+01 +3.4000e+01 +3.5000e+01 +3.6000e+01 +3.7000e+01 +3.8000e+01 +3.9000e+01 +4.0000e+01 +4.1000e+01 +4.2000e+01 +4.3000e+01 +4.4000e+01 +4.5000e+01 +4.6000e+01 +4.7000e+01 +4.8000e+01 +4.9000e+01 +5.0000e+01 +5.1000e+01 +5.2000e+01 +5.3000e+01 +5.4000e+01 +5.5000e+01 +5.6000e+01 +5.7000e+01 +5.8000e+01 +5.9000e+01 +6.0000e+01 +6.1000e+01 +6.2000e+01 +6.3000e+01 +6.4000e+01 +6.5000e+01 +6.6000e+01 +6.7000e+01 +6.8000e+01 +6.9000e+01 +7.0000e+01 +7.1000e+01 +7.2000e+01 +7.3000e+01 +7.4000e+01 +7.5000e+01 +7.6000e+01 +7.7000e+01 +7.8000e+01 +7.9000e+01 +8.0000e+01 +8.1000e+01 +8.2000e+01 
+8.9125e+01 +1.6780e-29 -1.7746e-29 +7.4209e-29 +4.4544e-29 +3.0137e-29 -7.4612e-30 +4.1248e-29 -7.3132e-29 +1.8725e-28 -3.4057e-29 +6.1145e-29 +8.6532e-30 -1.0384e-28 -8.7305e-29 -7.8584e-29 -1.0664e-28 -8.9090e-29 +1.6118e-28 +1.9256e-28 +1.8507e-28 +3.0806e-29 +1.0780e-28 +1.7284e-28 +7.2144e-29 +2.0215e-28 +1.2814e-28 +1.9882e-29 +3.9766e-29 +2.8034e-29 +7.7701e-29 +1.0565e-28 +4.0238e-30 +1.1741e-28 -4.1360e-29 -1.0161e-28 +3.8135e-29 -4.3135e-29 +5.3781e-29 +8.5643e-31 +2.3158e-29 -6.0940e-29 +2.7444e-29 -2.6593e-29 -2.1902e-29 +6.0659e-30 +1.0803e-29 -9.8001e-30 +1.2931e-29 -9.9447e-30 -1.4834e-30 -4.8210e-30 -2.7231e-30 -5.4096e-30 -7.9826e-30 -9.9129e-30 -1.9976e-30 -3.0070e-30 -1.8113e-30 +1.9406e-31 -2.6903e-30 -1.2911e-30 -4.8752e-31 +3.9421e-31 +1.7348e-31 -4.4906e-32 -2.9639e-31 +1.2370e-31 -2.3097e-30 -1.2705e-30 +1.0815e-31 +2.4914e-31 -1.5384e-32 +1.7217e-31 +6.9615e-31 +9.5266e-31 -5.3295e-31 +5.6566e-32 -3.6636e-32 -1.2062e-33 +1.0843e-32 -1.9686e-32 -6.5852e-33 +1.4867e-34 
+1.1220e+02 -4.6904e-13 -4.3980e-13 -4.1179e-13 -3.8499e-13 -3.5935e-13 -3.3487e-13 -3.1151e-13 -2.8925e-13 -2.6806e-13 -2.4792e-13 -2.2880e-13 -2.1066e-13 -1.9350e-13 -1.7728e-13 -1.6197e-13 -1.4755e-13 -1.3399e-13 -1.2127e-13 -1.0936e-13 -9.8233e-14 -8.7864e-14 -7.8228e-14 -6.9297e-14 -6.1046e-14 -5.3448e-14 -4.6478e-14 -4.0110e-14 -3.4316e-14 -2.9072e-14 -2.4350e-14 -2.0126e-14 -1.6372e-14 -1.3062e-14 -1.0172e-14 -7.6733e-15 -5.5412e-15 -3.7492e-15 -2.2712e-15 -1.0811e-15 -1.5273e-16 +5.3996e-16 +1.0231e-15 +1.3229e-15 +1.4653e-15 +1.4766e-15 +1.3828e-15 +1.2101e-15 +9.8461e-16 +7.3240e-16 +4.7963e-16 +2.5241e-16 +7.6852e-17 -2.1212e-17 -3.6237e-17 +4.4079e-18 +7.0348e-17 +1.3121e-16 +1.5660e-16 +1.1617e-16 -2.0466e-17 -2.4876e-16 -4.6345e-16 -5.4106e-16 -3.5815e-16 +2.0537e-16 +9.7976e-16 +1.2851e-15 +3.9005e-16 -2.0204e-15 -3.1614e-15 +1.1268e-15 +8.3152e-15 -1.4783e-15 -2.3120e-14 +3.7320e-14 +1.1546e-13 +1.7841e-14 -4.3980e-15 +3.7023e-16 +1.0783e-16 -8.3851e-18 +2.3800e-18 -7.5949e-20 
+1.4125e+02 +4.6138e-14 +1.3194e-12 +2.4964e-12 +3.5800e-12 +4.5729e-12 +5.4780e-12 +6.2979e-12 +7.0355e-12 +7.6936e-12 +8.2748e-12 +8.7821e-12 +9.2181e-12 +9.5856e-12 +9.8874e-12 +1.0126e-11 +1.0305e-11 +1.0426e-11 +1.0493e-11 +1.0508e-11 +1.0474e-11 +1.0394e-11 +1.0270e-11 +1.0105e-11 +9.9024e-12 +9.6645e-12 +9.3943e-12 +9.0944e-12 +8.7676e-12 +8.4167e-12 +8.0445e-12 +7.6537e-12 +7.2472e-12 +6.8276e-12 +6.3978e-12 +5.9605e-12 +5.5185e-12 +5.0746e-12 +4.6316e-12 +4.1922e-12 +3.7592e-12 +3.3353e-12 +2.9234e-12 +2.5262e-12 +2.1465e-12 +1.7871e-12 +1.4507e-12 +1.1401e-12 +8.5814e-13 +6.0750e-13 +3.9098e-13 +2.1137e-13 +7.1429e-14 -2.6122e-14 -8.2477e-14 -1.0518e-13 -1.0234e-13 -8.2078e-14 -5.2523e-14 -2.1788e-14 +2.0078e-15 +1.3464e-14 +1.5027e-14 +1.0559e-14 +3.9242e-15 -1.0380e-15 -2.3853e-15 -1.5177e-15 -1.7342e-16 +1.5925e-16 -1.4527e-16 +1.2123e-16 +1.4062e-15 +2.1763e-15 +1.1926e-15 -7.0583e-16 -1.1124e-16 +4.8189e-15 +9.4346e-16 -7.5439e-17 -2.1929e-17 +1.3541e-18 +9.9698e-20 -3.2591e-21 
+1.7783e+02 -4.8777e-13 -7.4270e-13 -9.7450e-13 -1.1839e-12 -1.3716e-12 -1.5384e-12 -1.6851e-12 -1.8122e-12 -1.9207e-12 -2.0112e-12 -2.0844e-12 -2.1411e-12 -2.1821e-12 -2.2080e-12 -2.2197e-12 -2.2177e-12 -2.2030e-12 -2.1762e-12 -2.1380e-12 -2.0892e-12 -2.0305e-12 -1.9628e-12 -1.8866e-12 -1.8027e-12 -1.7119e-12 -1.6150e-12 -1.5125e-12 -1.4054e-12 -1.2943e-12 -1.1799e-12 -1.0631e-12 -9.4444e-13 -8.2477e-13 -7.0482e-13 -5.8531e-13 -4.6697e-13 -3.5056e-13 -2.3679e-13 -1.2642e-13 -2.0171e-14 +8.1212e-14 +1.7700e-13 +2.6644e-13 +3.4881e-13 +4.2337e-13 +4.8939e-13 +5.4611e-13 +5.9282e-13 +6.2877e-13 +6.5322e-13 +6.6544e-13 +6.6469e-13 +6.5025e-13 +6.2210e-13 +5.8140e-13 +5.2939e-13 +4.6734e-13 +3.9650e-13 +3.1813e-13 +2.3349e-13 +1.4640e-13 +6.8133e-14 +1.1295e-14 -1.1509e-14 +1.2113e-14 +7.6427e-14 +1.4377e-13 +1.7326e-13 +1.3258e-13 +5.3170e-14 -4.9658e-15 -9.4810e-15 +1.9792e-17 -6.0771e-15 +1.2603e-14 +4.0579e-14 +6.3072e-15 -1.5442e-15 +1.1463e-16 -1.7049e-16 +2.6348e-15 -1.0710e-16 +3.5652e-18 
+2.2387e+02 +4.4102e-12 +4.0800e-12 +3.7663e-12 +3.4687e-12 +3.1870e-12 +2.9205e-12 +2.6689e-12 +2.4319e-12 +2.2088e-12 +1.9995e-12 +1.8034e-12 +1.6201e-12 +1.4492e-12 +1.2903e-12 +1.1429e-12 +1.0067e-12 +8.8128e-13 +7.6613e-13 +6.6089e-13 +5.6513e-13 +4.7843e-13 +4.0038e-13 +3.3056e-13 +2.6855e-13 +2.1394e-13 +1.6631e-13 +1.2524e-13 +9.0313e-14 +6.1116e-14 +3.7229e-14 +1.8236e-14 +3.7192e-15 -6.7383e-15 -1.3554e-14 -1.7144e-14 -1.7927e-14 -1.6319e-14 -1.2737e-14 -7.5987e-15 -1.3211e-15 +5.6787e-15 +1.2984e-14 +2.0177e-14 +2.6840e-14 +3.2558e-14 +3.6912e-14 +3.9486e-14 +3.9862e-14 +3.7623e-14 +3.2353e-14 +2.3633e-14 +1.1048e-14 -5.7981e-15 -2.5733e-14 -4.5045e-14 -5.9790e-14 -6.6024e-14 -5.9801e-14 -3.7179e-14 +5.7859e-15 +6.8379e-14 +1.3644e-13 +1.9340e-13 +2.2265e-13 +2.0782e-13 +1.4839e-13 +7.1832e-14 +8.4563e-15 -1.6055e-14 -1.0435e-14 +1.1639e-15 +2.8475e-15 +3.0058e-16 -7.0555e-18 -3.4330e-16 -8.0215e-17 +2.5906e-15 -2.7929e-15 +2.0586e-14 -2.0248e-15 +2.2308e-16 +2.7791e-15 +6.7375e-17 
+2.8184e+02 +7.9966e-12 +7.6274e-12 +7.2673e-12 +6.9161e-12 +6.5739e-12 +6.2406e-12 +5.9163e-12 +5.6008e-12 +5.2942e-12 +4.9964e-12 +4.7074e-12 +4.4271e-12 +4.1556e-12 +3.8928e-12 +3.6386e-12 +3.3930e-12 +3.1561e-12 +2.9277e-12 +2.7079e-12 +2.4965e-12 +2.2937e-12 +2.0993e-12 +1.9133e-12 +1.7356e-12 +1.5664e-12 +1.4054e-12 +1.2528e-12 +1.1084e-12 +9.7219e-13 +8.4422e-13 +7.2441e-13 +6.1273e-13 +5.0915e-13 +4.1365e-13 +3.2619e-13 +2.4673e-13 +1.7526e-13 +1.1173e-13 +5.6117e-14 +8.3894e-15 -3.1484e-14 -6.3534e-14 -8.7793e-14 -1.0429e-13 -1.1306e-13 -1.1413e-13 -1.0753e-13 -9.3297e-14 -7.1458e-14 -4.2045e-14 -5.0883e-15 +3.9380e-14 +9.1315e-14 +1.4966e-13 +2.1170e-13 +2.7458e-13 +3.3546e-13 +3.9147e-13 +4.3976e-13 +4.7747e-13 +5.0062e-13 +5.0197e-13 +4.7371e-13 +4.0802e-13 +2.9732e-13 +1.5581e-13 +3.5930e-14 -5.9904e-15 +7.1928e-14 +2.0399e-13 +2.7635e-13 +2.2583e-13 +1.2101e-13 +3.9403e-14 +1.7224e-14 +2.9836e-14 +8.9417e-15 -2.4233e-16 +2.8665e-17 +5.2533e-17 +8.0105e-18 +1.5831e-17 +1.2684e-17 
+3.5481e+02 +2.9135e-12 +2.6024e-12 +2.3162e-12 +2.0539e-12 +1.8146e-12 +1.5976e-12 +1.4020e-12 +1.2269e-12 +1.0716e-12 +9.3501e-13 +8.1646e-13 +7.1505e-13 +6.2995e-13 +5.6030e-13 +5.0525e-13 +4.6396e-13 +4.3558e-13 +4.1926e-13 +4.1415e-13 +4.1941e-13 +4.3418e-13 +4.5763e-13 +4.8890e-13 +5.2714e-13 +5.7152e-13 +6.2117e-13 +6.7525e-13 +7.3292e-13 +7.9332e-13 +8.5562e-13 +9.1895e-13 +9.8248e-13 +1.0454e-12 +1.1067e-12 +1.1657e-12 +1.2216e-12 +1.2734e-12 +1.3202e-12 +1.3614e-12 +1.3959e-12 +1.4231e-12 +1.4419e-12 +1.4516e-12 +1.4514e-12 +1.4403e-12 +1.4175e-12 +1.3822e-12 +1.3335e-12 +1.2707e-12 +1.1927e-12 +1.0989e-12 +9.8823e-13 +8.6006e-13 +7.1680e-13 +5.6628e-13 +4.1679e-13 +2.7664e-13 +1.5411e-13 +5.7501e-14 -4.8823e-15 -2.9747e-14 -2.8231e-14 -1.4079e-14 -1.0328e-15 -2.6848e-15 -1.9748e-14 -3.0256e-14 -9.9555e-15 +5.8100e-14 +1.3642e-13 +1.6319e-13 +1.1296e-13 +5.4840e-14 +4.1576e-14 +2.2739e-14 -2.3948e-16 +3.4168e-14 +2.7579e-14 +8.3555e-16 -1.5300e-16 +4.3641e-15 -1.8266e-16 +4.6830e-18 
+4.4668e+02 +1.3356e-12 +1.2073e-12 +1.0872e-12 +9.7501e-13 +8.7049e-13 +7.7342e-13 +6.8357e-13 +6.0070e-13 +5.2457e-13 +4.5495e-13 +3.9160e-13 +3.3427e-13 +2.8274e-13 +2.3678e-13 +1.9613e-13 +1.6057e-13 +1.2985e-13 +1.0375e-13 +8.2027e-14 +6.4439e-14 +5.0753e-14 +4.0732e-14 +3.4140e-14 +3.0739e-14 +3.0293e-14 +3.2566e-14 +3.7319e-14 +4.4318e-14 +5.3325e-14 +6.4103e-14 +7.6416e-14 +9.0028e-14 +1.0470e-13 +1.2020e-13 +1.3628e-13 +1.5272e-13 +1.6927e-13 +1.8570e-13 +2.0177e-13 +2.1724e-13 +2.3188e-13 +2.4546e-13 +2.5773e-13 +2.6845e-13 +2.7740e-13 +2.8433e-13 +2.8900e-13 +2.9119e-13 +2.9066e-13 +2.8716e-13 +2.8046e-13 +2.7032e-13 +2.5652e-13 +2.3915e-13 +2.1884e-13 +1.9629e-13 +1.7217e-13 +1.4717e-13 +1.2197e-13 +9.7260e-14 +7.3626e-14 +5.1375e-14 +3.0764e-14 +1.2052e-14 -4.4830e-15 -1.6641e-14 -1.8848e-14 -5.1879e-15 +2.7298e-14 +5.9546e-14 +6.2664e-14 +2.7997e-14 -5.6704e-16 +7.9521e-15 +1.4384e-14 +4.0291e-16 -3.1838e-15 +1.8717e-14 +2.5891e-15 +3.6638e-15 +2.3064e-15 +6.2443e-16 +6.5932e-16 
+5.6234e+02 +3.9022e-12 +3.9050e-12 +3.8973e-12 +3.8796e-12 +3.8522e-12 +3.8158e-12 +3.7706e-12 +3.7172e-12 +3.6559e-12 +3.5873e-12 +3.5118e-12 +3.4298e-12 +3.3418e-12 +3.2483e-12 +3.1495e-12 +3.0462e-12 +2.9385e-12 +2.8271e-12 +2.7124e-12 +2.5948e-12 +2.4747e-12 +2.3526e-12 +2.2289e-12 +2.1042e-12 +1.9788e-12 +1.8532e-12 +1.7278e-12 +1.6031e-12 +1.4795e-12 +1.3575e-12 +1.2375e-12 +1.1200e-12 +1.0054e-12 +8.9412e-13 +7.8668e-13 +6.8350e-13 +5.8501e-13 +4.9168e-13 +4.0394e-13 +3.2224e-13 +2.4703e-13 +1.7875e-13 +1.1786e-13 +6.4788e-14 +1.9995e-14 -1.6076e-14 -4.2978e-14 -6.0266e-14 -6.7492e-14 -6.4209e-14 -4.9970e-14 -2.4330e-14 +1.3126e-14 +6.0557e-14 +1.1246e-13 +1.6299e-13 +2.0632e-13 +2.3661e-13 +2.4802e-13 +2.3472e-13 +1.9495e-13 +1.3876e-13 +7.8341e-14 +2.5861e-14 -6.5924e-15 -1.4949e-14 -9.2492e-15 -9.6024e-16 +2.5531e-16 -1.8160e-15 +2.6277e-15 +1.5741e-14 +1.9795e-14 +5.5528e-15 +1.9286e-15 +1.2672e-14 +6.8161e-15 +3.1460e-16 +9.8321e-17 +1.7670e-15 +1.1246e-16 +1.5678e-15 -2.9918e-17 
+7.0795e+02 +1.0459e-12 +1.0770e-12 +1.1066e-12 +1.1345e-12 +1.1609e-12 +1.1856e-12 +1.2087e-12 +1.2302e-12 +1.2500e-12 +1.2681e-12 +1.2846e-12 +1.2993e-12 +1.3124e-12 +1.3238e-12 +1.3335e-12 +1.3414e-12 +1.3476e-12 +1.3520e-12 +1.3547e-12 +1.3556e-12 +1.3547e-12 +1.3520e-12 +1.3476e-12 +1.3413e-12 +1.3331e-12 +1.3232e-12 +1.3114e-12 +1.2977e-12 +1.2822e-12 +1.2648e-12 +1.2455e-12 +1.2242e-12 +1.2011e-12 +1.1761e-12 +1.1491e-12 +1.1201e-12 +1.0892e-12 +1.0564e-12 +1.0215e-12 +9.8472e-13 +9.4588e-13 +9.0504e-13 +8.6218e-13 +8.1728e-13 +7.7033e-13 +7.2133e-13 +6.7027e-13 +6.1712e-13 +5.6189e-13 +5.0456e-13 +4.4512e-13 +3.8356e-13 +3.1988e-13 +2.5548e-13 +1.9397e-13 +1.3916e-13 +9.4870e-14 +6.4923e-14 +5.3135e-14 +6.3323e-14 +9.4901e-14 +1.3458e-13 +1.6677e-13 +1.7588e-13 +1.4657e-13 +8.2797e-14 +2.2575e-14 +7.3515e-15 +6.7580e-14 +1.5181e-13 +1.7197e-13 +9.2399e-14 +1.3559e-14 +1.3955e-14 +2.7852e-14 +1.8430e-14 +1.8031e-14 +8.3509e-15 +4.4809e-15 +2.7978e-15 +1.5229e-15 +5.6496e-17 -3.9830e-17 
+8.9125e+02 +2.1226e-12 +2.2176e-12 +2.2976e-12 +2.3630e-12 +2.4146e-12 +2.4527e-12 +2.4782e-12 +2.4914e-12 +2.4931e-12 +2.4838e-12 +2.4641e-12 +2.4346e-12 +2.3959e-12 +2.3485e-12 +2.2931e-12 +2.2303e-12 +2.1605e-12 +2.0845e-12 +2.0028e-12 +1.9159e-12 +1.8246e-12 +1.7293e-12 +1.6307e-12 +1.5293e-12 +1.4258e-12 +1.3206e-12 +1.2145e-12 +1.1080e-12 +1.0016e-12 +8.9604e-13 +7.9182e-13 +6.8955e-13 +5.8981e-13 +4.9319e-13 +4.0028e-13 +3.1167e-13 +2.2794e-13 +1.4969e-13 +7.7498e-14 +1.1954e-14 -4.6353e-14 -9.6837e-14 -1.3891e-13 -1.7198e-13 -1.9546e-13 -2.0877e-13 -2.1132e-13 -2.0251e-13 -1.8176e-13 -1.4849e-13 -1.0210e-13 -4.2015e-14 +3.2314e-14 +1.1800e-13 +2.0659e-13 +2.8912e-13 +3.5666e-13 +4.0024e-13 +4.1090e-13 +3.7969e-13 +3.0496e-13 +2.0612e-13 +1.0636e-13 +2.8891e-14 -3.2656e-15 +1.6683e-14 +6.6975e-14 +1.2296e-13 +1.6134e-13 +1.6897e-13 +1.3729e-13 +7.2429e-14 +1.8489e-14 +6.7682e-15 +6.2711e-15 +7.0491e-17 +2.2501e-15 +6.9369e-16 +1.3242e-16 +3.3351e-15 +1.7970e-16 -2.8514e-17 +1.2497e-16 
+1.1220e+03 +3.0889e-12 +3.2591e-12 +3.4085e-12 +3.5378e-12 +3.6477e-12 +3.7390e-12 +3.8123e-12 +3.8683e-12 +3.9078e-12 +3.9316e-12 +3.9402e-12 +3.9344e-12 +3.9149e-12 +3.8825e-12 +3.8378e-12 +3.7816e-12 +3.7145e-12 +3.6374e-12 +3.5509e-12 +3.4556e-12 +3.3525e-12 +3.2420e-12 +3.1250e-12 +3.0022e-12 +2.8743e-12 +2.7419e-12 +2.6059e-12 +2.4669e-12 +2.3257e-12 +2.1828e-12 +2.0392e-12 +1.8954e-12 +1.7523e-12 +1.6104e-12 +1.4705e-12 +1.3334e-12 +1.1997e-12 +1.0702e-12 +9.4557e-13 +8.2650e-13 +7.1374e-13 +6.0799e-13 +5.0996e-13 +4.2037e-13 +3.3994e-13 +2.6936e-13 +2.0937e-13 +1.6067e-13 +1.2397e-13 +9.9995e-14 +8.9449e-14 +9.3049e-14 +1.1147e-13 +1.4283e-13 +1.8108e-13 +2.1981e-13 +2.5260e-13 +2.7303e-13 +2.7467e-13 +2.5112e-13 +2.0158e-13 +1.4158e-13 +8.9548e-14 +6.3936e-14 +8.2944e-14 +1.4392e-13 +2.0747e-13 +2.3054e-13 +1.7892e-13 +8.4791e-14 +1.0022e-14 -8.2024e-15 +3.0059e-15 +1.2059e-14 +7.0041e-15 -1.3320e-16 +1.4003e-14 +1.1247e-14 +7.3564e-16 +5.2836e-15 +4.9596e-16 +4.1383e-16 -1.1455e-17 
+1.4125e+03 +2.0517e-13 +2.7726e-13 +3.4293e-13 +4.0239e-13 +4.5586e-13 +5.0353e-13 +5.4562e-13 +5.8233e-13 +6.1388e-13 +6.4047e-13 +6.6231e-13 +6.7961e-13 +6.9257e-13 +7.0141e-13 +7.0634e-13 +7.0756e-13 +7.0527e-13 +6.9970e-13 +6.9104e-13 +6.7951e-13 +6.6532e-13 +6.4866e-13 +6.2976e-13 +6.0882e-13 +5.8605e-13 +5.6165e-13 +5.3584e-13 +5.0882e-13 +4.8080e-13 +4.5199e-13 +4.2260e-13 +3.9284e-13 +3.6291e-13 +3.3303e-13 +3.0339e-13 +2.7422e-13 +2.4572e-13 +2.1810e-13 +1.9156e-13 +1.6631e-13 +1.4257e-13 +1.2054e-13 +1.0043e-13 +8.2444e-14 +6.6797e-14 +5.3694e-14 +4.3344e-14 +3.5956e-14 +3.1738e-14 +3.0898e-14 +3.3645e-14 +4.0187e-14 +5.0725e-14 +6.4969e-14 +8.1827e-14 +1.0014e-13 +1.1874e-13 +1.3646e-13 +1.5215e-13 +1.6463e-13 +1.7263e-13 +1.7454e-13 +1.6866e-13 +1.5333e-13 +1.2691e-13 +9.1289e-14 +5.4614e-14 +2.5642e-14 +1.2052e-14 +1.3462e-14 +2.5860e-14 +4.1586e-14 +4.3569e-14 +2.6012e-14 +2.4601e-14 +3.2658e-14 +3.6984e-15 +5.2418e-15 +5.7085e-16 +1.4959e-15 +2.5996e-15 +7.6859e-16 +6.2406e-17 
+1.7783e+03 +2.2317e-12 +2.0981e-12 +1.9728e-12 +1.8554e-12 +1.7459e-12 +1.6438e-12 +1.5489e-12 +1.4610e-12 +1.3798e-12 +1.3051e-12 +1.2366e-12 +1.1740e-12 +1.1171e-12 +1.0656e-12 +1.0192e-12 +9.7783e-13 +9.4106e-13 +9.0868e-13 +8.8043e-13 +8.5606e-13 +8.3530e-13 +8.1790e-13 +8.0359e-13 +7.9213e-13 +7.8325e-13 +7.7670e-13 +7.7222e-13 +7.6954e-13 +7.6841e-13 +7.6858e-13 +7.6978e-13 +7.7176e-13 +7.7426e-13 +7.7702e-13 +7.7977e-13 +7.8228e-13 +7.8427e-13 +7.8548e-13 +7.8567e-13 +7.8457e-13 +7.8192e-13 +7.7747e-13 +7.7096e-13 +7.6212e-13 +7.5071e-13 +7.3646e-13 +7.1911e-13 +6.9841e-13 +6.7410e-13 +6.4592e-13 +6.1361e-13 +5.7692e-13 +5.3559e-13 +4.8989e-13 +4.4092e-13 +3.8985e-13 +3.3786e-13 +2.8612e-13 +2.3582e-13 +1.8812e-13 +1.4432e-13 +1.0606e-13 +7.5035e-14 +5.2938e-14 +4.1441e-14 +3.9881e-14 +4.3486e-14 +4.7071e-14 +4.6163e-14 +4.1624e-14 +3.6701e-14 +3.3892e-14 +3.3716e-14 +3.4450e-14 +2.8120e-14 +1.3619e-14 +2.7510e-15 +7.2379e-15 +1.7505e-15 +2.3487e-15 +1.0326e-15 +1.8208e-17 +2.1577e-16 
+2.2387e+03 +2.3137e-12 +1.9778e-12 +1.6665e-12 +1.3790e-12 +1.1145e-12 +8.7226e-13 +6.5159e-13 +4.5171e-13 +2.7185e-13 +1.1127e-13 -3.0792e-14 -1.5509e-13 -2.6238e-13 -3.5342e-13 -4.2896e-13 -4.8975e-13 -5.3655e-13 -5.7012e-13 -5.9121e-13 -6.0057e-13 -5.9896e-13 -5.8714e-13 -5.6585e-13 -5.3586e-13 -4.9791e-13 -4.5277e-13 -4.0118e-13 -3.4391e-13 -2.8171e-13 -2.1532e-13 -1.4551e-13 -7.3035e-14 +1.3558e-15 +7.6906e-14 +1.5286e-13 +2.2847e-13 +3.0297e-13 +3.7561e-13 +4.4563e-13 +5.1229e-13 +5.7482e-13 +6.3248e-13 +6.8450e-13 +7.3014e-13 +7.6863e-13 +7.9922e-13 +8.2116e-13 +8.3370e-13 +8.3607e-13 +8.2753e-13 +8.0731e-13 +7.7467e-13 +7.2887e-13 +6.7083e-13 +6.0410e-13 +5.3250e-13 +4.5985e-13 +3.8994e-13 +3.2659e-13 +2.7361e-13 +2.3301e-13 +2.0154e-13 +1.7503e-13 +1.4930e-13 +1.2022e-13 +8.7260e-14 +5.6224e-14 +3.3565e-14 +2.4601e-14 +2.6219e-14 +3.1526e-14 +3.3518e-14 +2.4956e-14 +6.3930e-15 +3.7561e-15 +1.4106e-14 +3.3251e-15 +1.1668e-15 +4.8023e-15 +3.3150e-15 +2.4321e-16 +1.5604e-15 +3.1029e-16 
+2.8184e+03 +3.0616e-12 +2.6837e-12 +2.3320e-12 +2.0057e-12 +1.7040e-12 +1.4262e-12 +1.1713e-12 +9.3872e-13 +7.2751e-13 +5.3692e-13 +3.6615e-13 +2.1439e-13 +8.0843e-14 -3.5284e-14 -1.3480e-13 -2.1849e-13 -2.8717e-13 -3.4164e-13 -3.8269e-13 -4.1112e-13 -4.2775e-13 -4.3335e-13 -4.2874e-13 -4.1472e-13 -3.9208e-13 -3.6162e-13 -3.2415e-13 -2.8047e-13 -2.3138e-13 -1.7766e-13 -1.2014e-13 -5.9599e-14 +3.1542e-15 +6.7321e-14 +1.3210e-13 +1.9670e-13 +2.6031e-13 +3.2213e-13 +3.8136e-13 +4.3721e-13 +4.8887e-13 +5.3555e-13 +5.7643e-13 +6.1073e-13 +6.3765e-13 +6.5637e-13 +6.6611e-13 +6.6606e-13 +6.5543e-13 +6.3340e-13 +5.9919e-13 +5.5199e-13 +4.9104e-13 +4.1806e-13 +3.3880e-13 +2.5940e-13 +1.8597e-13 +1.2463e-13 +8.1524e-14 +6.2760e-14 +7.0350e-14 +9.4428e-14 +1.2298e-13 +1.4400e-13 +1.4557e-13 +1.2464e-13 +9.3727e-14 +6.6922e-14 +5.5859e-14 +5.3822e-14 +4.5886e-14 +2.5162e-14 +5.6859e-15 -5.1402e-16 +9.4317e-16 +7.2547e-15 +1.7656e-14 +8.6860e-15 +1.1140e-15 +3.4492e-16 +5.3655e-16 +1.6197e-15 +6.4296e-17 
+3.5481e+03 +1.9551e-12 +1.8346e-12 +1.7199e-12 +1.6109e-12 +1.5076e-12 +1.4096e-12 +1.3169e-12 +1.2294e-12 +1.1468e-12 +1.0691e-12 +9.9612e-13 +9.2765e-13 +8.6358e-13 +8.0376e-13 +7.4806e-13 +6.9631e-13 +6.4838e-13 +6.0412e-13 +5.6337e-13 +5.2601e-13 +4.9187e-13 +4.6081e-13 +4.3269e-13 +4.0735e-13 +3.8466e-13 +3.6446e-13 +3.4661e-13 +3.3097e-13 +3.1738e-13 +3.0569e-13 +2.9577e-13 +2.8747e-13 +2.8064e-13 +2.7512e-13 +2.7079e-13 +2.6748e-13 +2.6506e-13 +2.6337e-13 +2.6228e-13 +2.6162e-13 +2.6127e-13 +2.6106e-13 +2.6086e-13 +2.6051e-13 +2.5987e-13 +2.5880e-13 +2.5715e-13 +2.5476e-13 +2.5150e-13 +2.4722e-13 +2.4177e-13 +2.3500e-13 +2.2678e-13 +2.1739e-13 +2.0782e-13 +1.9913e-13 +1.9236e-13 +1.8856e-13 +1.8880e-13 +1.9411e-13 +2.0407e-13 +2.1394e-13 +2.1822e-13 +2.1141e-13 +1.8806e-13 +1.4861e-13 +1.0378e-13 +6.5363e-14 +4.3335e-14 +3.4223e-14 +2.8531e-14 +1.9883e-14 +1.0062e-14 +2.9269e-15 +4.6907e-15 +1.0855e-14 +7.2906e-15 +3.3727e-15 +6.5426e-16 +3.5420e-15 +6.2804e-16 +3.1449e-17 -3.3189e-17 
+4.4668e+03 +1.5760e-12 +1.5323e-12 +1.4904e-12 +1.4502e-12 +1.4118e-12 +1.3750e-12 +1.3397e-12 +1.3060e-12 +1.2737e-12 +1.2428e-12 +1.2133e-12 +1.1850e-12 +1.1579e-12 +1.1319e-12 +1.1070e-12 +1.0832e-12 +1.0603e-12 +1.0383e-12 +1.0171e-12 +9.9668e-13 +9.7698e-13 +9.5792e-13 +9.3944e-13 +9.2149e-13 +9.0399e-13 +8.8689e-13 +8.7012e-13 +8.5363e-13 +8.3734e-13 +8.2121e-13 +8.0516e-13 +7.8914e-13 +7.7308e-13 +7.5692e-13 +7.4060e-13 +7.2405e-13 +7.0722e-13 +6.9005e-13 +6.7246e-13 +6.5440e-13 +6.3581e-13 +6.1663e-13 +5.9678e-13 +5.7622e-13 +5.5488e-13 +5.3269e-13 +5.0960e-13 +4.8554e-13 +4.6045e-13 +4.3427e-13 +4.0694e-13 +3.7839e-13 +3.4857e-13 +3.1785e-13 +2.8729e-13 +2.5800e-13 +2.3110e-13 +2.0773e-13 +1.8899e-13 +1.7601e-13 +1.6874e-13 +1.6373e-13 +1.5694e-13 +1.4430e-13 +1.2183e-13 +9.0884e-14 +6.2195e-14 +4.7457e-14 +5.5372e-14 +7.2383e-14 +7.4975e-14 +5.1866e-14 +2.3581e-14 +1.0032e-14 +1.1990e-14 +1.6494e-14 +6.0990e-15 -1.3021e-16 +4.8325e-15 +1.3373e-15 +2.0034e-15 +1.2667e-16 +8.7429e-17 
+5.6234e+03 +2.3027e-12 +2.1202e-12 +1.9486e-12 +1.7878e-12 +1.6374e-12 +1.4971e-12 +1.3665e-12 +1.2453e-12 +1.1332e-12 +1.0299e-12 +9.3512e-13 +8.4844e-13 +7.6957e-13 +6.9821e-13 +6.3403e-13 +5.7670e-13 +5.2590e-13 +4.8132e-13 +4.4263e-13 +4.0952e-13 +3.8165e-13 +3.5871e-13 +3.4037e-13 +3.2632e-13 +3.1624e-13 +3.0979e-13 +3.0667e-13 +3.0655e-13 +3.0911e-13 +3.1402e-13 +3.2097e-13 +3.2964e-13 +3.3969e-13 +3.5082e-13 +3.6270e-13 +3.7501e-13 +3.8743e-13 +3.9963e-13 +4.1130e-13 +4.2212e-13 +4.3175e-13 +4.3989e-13 +4.4620e-13 +4.5038e-13 +4.5209e-13 +4.5102e-13 +4.4684e-13 +4.3923e-13 +4.2788e-13 +4.1246e-13 +3.9265e-13 +3.6812e-13 +3.3857e-13 +3.0443e-13 +2.6732e-13 +2.2897e-13 +1.9113e-13 +1.5553e-13 +1.2391e-13 +9.7996e-14 +7.8827e-14 +6.5398e-14 +5.6339e-14 +5.0281e-14 +4.5866e-14 +4.2834e-14 +4.2854e-14 +4.7790e-14 +5.8366e-14 +6.6796e-14 +6.1503e-14 +4.0274e-14 +2.5203e-14 +2.9340e-14 +2.3445e-14 +4.2531e-15 +3.7504e-15 +2.6708e-15 +6.1246e-15 +1.6863e-15 +9.6398e-16 +1.1519e-15 +1.5169e-16 
+7.0795e+03 +1.9687e-12 +1.8206e-12 +1.6818e-12 +1.5519e-12 +1.4307e-12 +1.3178e-12 +1.2131e-12 +1.1162e-12 +1.0268e-12 +9.4477e-13 +8.6968e-13 +8.0132e-13 +7.3939e-13 +6.8363e-13 +6.3375e-13 +5.8947e-13 +5.5052e-13 +5.1662e-13 +4.8749e-13 +4.6285e-13 +4.4242e-13 +4.2594e-13 +4.1311e-13 +4.0366e-13 +3.9731e-13 +3.9379e-13 +3.9281e-13 +3.9410e-13 +3.9738e-13 +4.0237e-13 +4.0880e-13 +4.1638e-13 +4.2484e-13 +4.3389e-13 +4.4327e-13 +4.5269e-13 +4.6188e-13 +4.7056e-13 +4.7844e-13 +4.8525e-13 +4.9072e-13 +4.9456e-13 +4.9650e-13 +4.9625e-13 +4.9355e-13 +4.8811e-13 +4.7965e-13 +4.6790e-13 +4.5258e-13 +4.3341e-13 +4.1011e-13 +3.8240e-13 +3.5002e-13 +3.1354e-13 +2.7491e-13 +2.3617e-13 +1.9939e-13 +1.6664e-13 +1.3997e-13 +1.2144e-13 +1.1201e-13 +1.0941e-13 +1.1082e-13 +1.1338e-13 +1.1427e-13 +1.1153e-13 +1.0470e-13 +9.3470e-14 +7.7943e-14 +6.1232e-14 +4.7792e-14 +3.9528e-14 +3.1726e-14 +2.1344e-14 +1.4280e-14 +1.0516e-14 +3.7809e-15 +3.7467e-15 +9.1561e-16 +1.9867e-15 +1.4167e-15 +4.4475e-16 +2.6729e-16 
+8.9125e+03 +1.6000e-12 +1.5350e-12 +1.4727e-12 +1.4130e-12 +1.3560e-12 +1.3015e-12 +1.2495e-12 +1.1999e-12 +1.1526e-12 +1.1076e-12 +1.0647e-12 +1.0241e-12 +9.8543e-13 +9.4880e-13 +9.1410e-13 +8.8125e-13 +8.5020e-13 +8.2087e-13 +7.9319e-13 +7.6710e-13 +7.4253e-13 +7.1941e-13 +6.9767e-13 +6.7725e-13 +6.5807e-13 +6.4007e-13 +6.2318e-13 +6.0733e-13 +5.9246e-13 +5.7849e-13 +5.6536e-13 +5.5300e-13 +5.4134e-13 +5.3032e-13 +5.1986e-13 +5.0990e-13 +5.0037e-13 +4.9120e-13 +4.8233e-13 +4.7368e-13 +4.6519e-13 +4.5679e-13 +4.4841e-13 +4.3998e-13 +4.3144e-13 +4.2272e-13 +4.1374e-13 +4.0445e-13 +3.9477e-13 +3.8464e-13 +3.7398e-13 +3.6273e-13 +3.5083e-13 +3.3826e-13 +3.2513e-13 +3.1154e-13 +2.9759e-13 +2.8340e-13 +2.6907e-13 +2.5471e-13 +2.4015e-13 +2.2446e-13 +2.0655e-13 +1.8534e-13 +1.5977e-13 +1.3031e-13 +1.0014e-13 +7.2684e-14 +5.1057e-14 +3.5808e-14 +2.6342e-14 +2.1212e-14 +1.6772e-14 +1.1521e-14 +1.2003e-14 +1.3367e-14 +2.6791e-15 +3.3958e-15 +1.5240e-15 +7.6381e-16 +1.2810e-15 +3.4517e-16 +1.0272e-16 
+1.1220e+04 +1.7717e-12 +1.7593e-12 +1.7455e-12 +1.7302e-12 +1.7136e-12 +1.6957e-12 +1.6765e-12 +1.6561e-12 +1.6347e-12 +1.6121e-12 +1.5885e-12 +1.5639e-12 +1.5384e-12 +1.5121e-12 +1.4849e-12 +1.4570e-12 +1.4284e-12 +1.3992e-12 +1.3693e-12 +1.3390e-12 +1.3081e-12 +1.2769e-12 +1.2452e-12 +1.2133e-12 +1.1810e-12 +1.1486e-12 +1.1160e-12 +1.0834e-12 +1.0507e-12 +1.0180e-12 +9.8535e-13 +9.5284e-13 +9.2051e-13 +8.8842e-13 +8.5661e-13 +8.2514e-13 +7.9407e-13 +7.6345e-13 +7.3333e-13 +7.0377e-13 +6.7483e-13 +6.4656e-13 +6.1902e-13 +5.9225e-13 +5.6631e-13 +5.4127e-13 +5.1716e-13 +4.9406e-13 +4.7201e-13 +4.5106e-13 +4.3127e-13 +4.1271e-13 +3.9540e-13 +3.7908e-13 +3.6289e-13 +3.4595e-13 +3.2738e-13 +3.0627e-13 +2.8174e-13 +2.5291e-13 +2.1966e-13 +1.8416e-13 +1.4898e-13 +1.1668e-13 +8.9821e-14 +6.9797e-14 +5.5972e-14 +4.7501e-14 +4.3375e-14 +4.1341e-14 +3.8594e-14 +3.2937e-14 +2.3764e-14 +1.2924e-14 +9.3422e-15 +1.0759e-14 +4.2390e-15 +3.5186e-15 +4.8243e-15 +1.5501e-15 +7.7257e-16 +9.7205e-16 +2.5996e-16 
+1.4125e+04 +1.2891e-12 +1.2207e-12 +1.1555e-12 +1.0935e-12 +1.0346e-12 +9.7871e-13 +9.2575e-13 +8.7564e-13 +8.2830e-13 +7.8366e-13 +7.4163e-13 +7.0213e-13 +6.6510e-13 +6.3043e-13 +5.9807e-13 +5.6792e-13 +5.3990e-13 +5.1395e-13 +4.8998e-13 +4.6790e-13 +4.4765e-13 +4.2914e-13 +4.1229e-13 +3.9702e-13 +3.8325e-13 +3.7091e-13 +3.5991e-13 +3.5018e-13 +3.4163e-13 +3.3419e-13 +3.2777e-13 +3.2231e-13 +3.1771e-13 +3.1390e-13 +3.1080e-13 +3.0832e-13 +3.0640e-13 +3.0495e-13 +3.0389e-13 +3.0315e-13 +3.0264e-13 +3.0228e-13 +3.0199e-13 +3.0170e-13 +3.0133e-13 +3.0079e-13 +3.0001e-13 +2.9891e-13 +2.9740e-13 +2.9542e-13 +2.9287e-13 +2.8968e-13 +2.8577e-13 +2.8092e-13 +2.7465e-13 +2.6648e-13 +2.5594e-13 +2.4254e-13 +2.2579e-13 +2.0520e-13 +1.8094e-13 +1.5497e-13 +1.2962e-13 +1.0717e-13 +8.9930e-14 +7.8272e-14 +6.9224e-14 +5.9472e-14 +4.6441e-14 +3.3061e-14 +2.4720e-14 +2.3351e-14 +2.1908e-14 +1.5590e-14 +1.1629e-14 +1.0283e-14 +3.7441e-15 +2.9956e-15 +1.4733e-15 +1.3573e-15 +9.4983e-16 +3.4245e-16 +2.0173e-16 
+1.7783e+04 +1.2976e-12 +1.2594e-12 +1.2235e-12 +1.1898e-12 +1.1583e-12 +1.1290e-12 +1.1015e-12 +1.0760e-12 +1.0523e-12 +1.0303e-12 +1.0099e-12 +9.9104e-13 +9.7359e-13 +9.5747e-13 +9.4260e-13 +9.2887e-13 +9.1619e-13 +9.0447e-13 +8.9362e-13 +8.8354e-13 +8.7414e-13 +8.6533e-13 +8.5701e-13 +8.4909e-13 +8.4148e-13 +8.3408e-13 +8.2679e-13 +8.1954e-13 +8.1222e-13 +8.0473e-13 +7.9700e-13 +7.8891e-13 +7.8039e-13 +7.7133e-13 +7.6165e-13 +7.5124e-13 +7.4002e-13 +7.2789e-13 +7.1477e-13 +7.0055e-13 +6.8514e-13 +6.6845e-13 +6.5039e-13 +6.3086e-13 +6.0977e-13 +5.8702e-13 +5.6253e-13 +5.3620e-13 +5.0793e-13 +4.7764e-13 +4.4523e-13 +4.1060e-13 +3.7367e-13 +3.3484e-13 +2.9525e-13 +2.5615e-13 +2.1877e-13 +1.8435e-13 +1.5411e-13 +1.2929e-13 +1.1057e-13 +9.7027e-14 +8.7464e-14 +8.0671e-14 +7.5442e-14 +7.0799e-14 +6.6152e-14 +6.0954e-14 +5.4741e-14 +4.7668e-14 +4.0172e-14 +3.2493e-14 +2.4371e-14 +1.6606e-14 +1.3672e-14 +1.4042e-14 +9.4273e-15 +3.1885e-15 +1.6014e-15 +1.8702e-15 +3.8877e-16 +6.3925e-16 +1.5784e-16 
+2.2387e+04 +1.1898e-12 +1.1967e-12 +1.2016e-12 +1.2046e-12 +1.2058e-12 +1.2052e-12 +1.2029e-12 +1.1989e-12 +1.1933e-12 +1.1861e-12 +1.1775e-12 +1.1674e-12 +1.1560e-12 +1.1432e-12 +1.1292e-12 +1.1140e-12 +1.0976e-12 +1.0801e-12 +1.0617e-12 +1.0422e-12 +1.0219e-12 +1.0006e-12 +9.7864e-13 +9.5589e-13 +9.3246e-13 +9.0842e-13 +8.8381e-13 +8.5869e-13 +8.3312e-13 +8.0717e-13 +7.8088e-13 +7.5432e-13 +7.2754e-13 +7.0061e-13 +6.7357e-13 +6.4650e-13 +6.1943e-13 +5.9244e-13 +5.6559e-13 +5.3892e-13 +5.1250e-13 +4.8638e-13 +4.6063e-13 +4.3530e-13 +4.1045e-13 +3.8614e-13 +3.6242e-13 +3.3935e-13 +3.1699e-13 +2.9541e-13 +2.7465e-13 +2.5477e-13 +2.3584e-13 +2.1791e-13 +2.0103e-13 +1.8526e-13 +1.7065e-13 +1.5726e-13 +1.4514e-13 +1.3434e-13 +1.2474e-13 +1.1566e-13 +1.0633e-13 +9.5983e-14 +8.3856e-14 +7.0215e-14 +5.7116e-14 +4.6801e-14 +4.1035e-14 +3.8062e-14 +3.4550e-14 +2.8264e-14 +1.9836e-14 +1.1265e-14 +7.4465e-15 +7.9222e-15 +6.0259e-15 +3.8654e-15 +3.0297e-15 +9.7841e-16 +7.2157e-16 +5.5567e-16 +1.2638e-16 
+2.8184e+04 +1.0315e-12 +1.0253e-12 +1.0193e-12 +1.0134e-12 +1.0076e-12 +1.0019e-12 +9.9628e-13 +9.9069e-13 +9.8512e-13 +9.7954e-13 +9.7393e-13 +9.6826e-13 +9.6250e-13 +9.5664e-13 +9.5063e-13 +9.4447e-13 +9.3813e-13 +9.3157e-13 +9.2477e-13 +9.1772e-13 +9.1038e-13 +9.0273e-13 +8.9474e-13 +8.8639e-13 +8.7766e-13 +8.6851e-13 +8.5893e-13 +8.4888e-13 +8.3835e-13 +8.2730e-13 +8.1572e-13 +8.0357e-13 +7.9084e-13 +7.7749e-13 +7.6351e-13 +7.4886e-13 +7.3352e-13 +7.1747e-13 +7.0068e-13 +6.8313e-13 +6.6478e-13 +6.4562e-13 +6.2563e-13 +6.0477e-13 +5.8301e-13 +5.6035e-13 +5.3674e-13 +5.1217e-13 +4.8660e-13 +4.6002e-13 +4.3240e-13 +4.0372e-13 +3.7394e-13 +3.4325e-13 +3.1214e-13 +2.8111e-13 +2.5069e-13 +2.2140e-13 +1.9376e-13 +1.6827e-13 +1.4533e-13 +1.2490e-13 +1.0688e-13 +9.1163e-14 +7.7655e-14 +6.6189e-14 +5.6497e-14 +4.8296e-14 +4.1286e-14 +3.5008e-14 +2.8933e-14 +2.2920e-14 +1.7832e-14 +1.4175e-14 +1.0769e-14 +7.4107e-15 +5.1773e-15 +3.1378e-15 +2.4206e-15 +9.2679e-16 +6.2862e-16 +3.0516e-16 +1.7513e-16 
+3.5481e+04 +6.7251e-13 +7.2177e-13 +7.6685e-13 +8.0786e-13 +8.4491e-13 +8.7812e-13 +9.0761e-13 +9.3350e-13 +9.5589e-13 +9.7490e-13 +9.9065e-13 +1.0033e-12 +1.0128e-12 +1.0195e-12 +1.0234e-12 +1.0245e-12 +1.0232e-12 +1.0193e-12 +1.0131e-12 +1.0047e-12 +9.9425e-13 +9.8176e-13 +9.6740e-13 +9.5128e-13 +9.3353e-13 +9.1424e-13 +8.9354e-13 +8.7155e-13 +8.4838e-13 +8.2415e-13 +7.9897e-13 +7.7295e-13 +7.4622e-13 +7.1889e-13 +6.9108e-13 +6.6289e-13 +6.3445e-13 +6.0587e-13 +5.7727e-13 +5.4877e-13 +5.2047e-13 +4.9249e-13 +4.6496e-13 +4.3798e-13 +4.1167e-13 +3.8615e-13 +3.6154e-13 +3.3794e-13 +3.1547e-13 +2.9426e-13 +2.7441e-13 +2.5604e-13 +2.3927e-13 +2.2397e-13 +2.0967e-13 +1.9586e-13 +1.8202e-13 +1.6763e-13 +1.5218e-13 +1.3516e-13 +1.1658e-13 +9.7994e-14 +8.1227e-14 +6.8105e-14 +6.0432e-14 +5.7993e-14 +5.7019e-14 +5.3384e-14 +4.3825e-14 +3.1510e-14 +2.2484e-14 +1.9757e-14 +1.8442e-14 +1.4374e-14 +9.9445e-15 +6.8733e-15 +4.8651e-15 +5.7266e-15 +3.1050e-15 +1.5064e-15 +7.1250e-16 +2.8541e-16 +1.0560e-16 
+4.4668e+04 +6.7268e-13 +6.8344e-13 +6.9314e-13 +7.0180e-13 +7.0942e-13 +7.1604e-13 +7.2167e-13 +7.2632e-13 +7.3003e-13 +7.3279e-13 +7.3465e-13 +7.3561e-13 +7.3569e-13 +7.3491e-13 +7.3329e-13 +7.3085e-13 +7.2761e-13 +7.2358e-13 +7.1879e-13 +7.1326e-13 +7.0699e-13 +7.0002e-13 +6.9236e-13 +6.8403e-13 +6.7505e-13 +6.6543e-13 +6.5520e-13 +6.4437e-13 +6.3296e-13 +6.2100e-13 +6.0850e-13 +5.9548e-13 +5.8195e-13 +5.6795e-13 +5.5347e-13 +5.3856e-13 +5.2321e-13 +5.0746e-13 +4.9132e-13 +4.7481e-13 +4.5795e-13 +4.4075e-13 +4.2324e-13 +4.0544e-13 +3.8736e-13 +3.6902e-13 +3.5045e-13 +3.3165e-13 +3.1265e-13 +2.9347e-13 +2.7413e-13 +2.5464e-13 +2.3503e-13 +2.1550e-13 +1.9656e-13 +1.7874e-13 +1.6258e-13 +1.4860e-13 +1.3735e-13 +1.2936e-13 +1.2451e-13 +1.2085e-13 +1.1607e-13 +1.0790e-13 +9.4049e-14 +7.4771e-14 +5.4722e-14 +3.9004e-14 +3.1776e-14 +3.0133e-14 +2.8011e-14 +2.1959e-14 +1.5333e-14 +1.1321e-14 +8.9529e-15 +7.2676e-15 +5.9049e-15 +2.8077e-15 +1.6320e-15 +1.1249e-15 +5.9118e-16 +1.2822e-16 +5.7150e-17 
+5.6234e+04 +6.8552e-13 +7.5010e-13 +8.0906e-13 +8.6254e-13 +9.1073e-13 +9.5377e-13 +9.9185e-13 +1.0251e-12 +1.0537e-12 +1.0779e-12 +1.0977e-12 +1.1134e-12 +1.1250e-12 +1.1329e-12 +1.1371e-12 +1.1378e-12 +1.1352e-12 +1.1294e-12 +1.1206e-12 +1.1090e-12 +1.0946e-12 +1.0778e-12 +1.0587e-12 +1.0373e-12 +1.0139e-12 +9.8871e-13 +9.6180e-13 +9.3337e-13 +9.0357e-13 +8.7257e-13 +8.4055e-13 +8.0765e-13 +7.7405e-13 +7.3991e-13 +7.0539e-13 +6.7066e-13 +6.3589e-13 +6.0123e-13 +5.6685e-13 +5.3292e-13 +4.9959e-13 +4.6704e-13 +4.3543e-13 +4.0491e-13 +3.7567e-13 +3.4785e-13 +3.2163e-13 +2.9716e-13 +2.7462e-13 +2.5417e-13 +2.3596e-13 +2.2017e-13 +2.0696e-13 +1.9615e-13 +1.8705e-13 +1.7890e-13 +1.7096e-13 +1.6248e-13 +1.5271e-13 +1.4090e-13 +1.2673e-13 +1.1114e-13 +9.5293e-14 +8.0347e-14 +6.7454e-14 +5.7060e-14 +4.8366e-14 +4.0449e-14 +3.2542e-14 +2.5069e-14 +1.8987e-14 +1.4824e-14 +1.1998e-14 +9.9895e-15 +9.0347e-15 +7.9359e-15 +4.7150e-15 +2.8910e-15 +2.2745e-15 +1.2539e-15 +4.1888e-16 +3.3383e-16 +1.3446e-16 
+7.0795e+04 +8.4718e-13 +8.8353e-13 +9.1593e-13 +9.4450e-13 +9.6936e-13 +9.9064e-13 +1.0085e-12 +1.0229e-12 +1.0342e-12 +1.0423e-12 +1.0475e-12 +1.0498e-12 +1.0494e-12 +1.0463e-12 +1.0408e-12 +1.0329e-12 +1.0228e-12 +1.0105e-12 +9.9622e-13 +9.8005e-13 +9.6213e-13 +9.4256e-13 +9.2147e-13 +8.9898e-13 +8.7522e-13 +8.5030e-13 +8.2434e-13 +7.9748e-13 +7.6982e-13 +7.4150e-13 +7.1263e-13 +6.8333e-13 +6.5373e-13 +6.2394e-13 +5.9409e-13 +5.6431e-13 +5.3470e-13 +5.0540e-13 +4.7653e-13 +4.4820e-13 +4.2054e-13 +3.9366e-13 +3.6770e-13 +3.4277e-13 +3.1900e-13 +2.9650e-13 +2.7540e-13 +2.5582e-13 +2.3788e-13 +2.2170e-13 +2.0740e-13 +1.9511e-13 +1.8494e-13 +1.7671e-13 +1.6976e-13 +1.6337e-13 +1.5683e-13 +1.4944e-13 +1.4049e-13 +1.2925e-13 +1.1551e-13 +1.0041e-13 +8.5344e-14 +7.1713e-14 +6.0901e-14 +5.3293e-14 +4.7513e-14 +4.2008e-14 +3.5474e-14 +2.8475e-14 +2.2414e-14 +1.8047e-14 +1.4454e-14 +1.0836e-14 +7.6994e-15 +5.4192e-15 +3.7776e-15 +2.5160e-15 +1.9232e-15 +1.1252e-15 +4.1987e-16 +3.2613e-16 +8.1785e-17 
+8.9125e+04 +8.0947e-13 +7.9470e-13 +7.7998e-13 +7.6530e-13 +7.5067e-13 +7.3608e-13 +7.2155e-13 +7.0707e-13 +6.9264e-13 +6.7827e-13 +6.6396e-13 +6.4971e-13 +6.3552e-13 +6.2140e-13 +6.0734e-13 +5.9336e-13 +5.7945e-13 +5.6561e-13 +5.5184e-13 +5.3816e-13 +5.2455e-13 +5.1103e-13 +4.9759e-13 +4.8424e-13 +4.7098e-13 +4.5780e-13 +4.4472e-13 +4.3174e-13 +4.1885e-13 +4.0606e-13 +3.9337e-13 +3.8079e-13 +3.6831e-13 +3.5594e-13 +3.4368e-13 +3.3153e-13 +3.1950e-13 +3.0758e-13 +2.9578e-13 +2.8410e-13 +2.7254e-13 +2.6110e-13 +2.4980e-13 +2.3862e-13 +2.2757e-13 +2.1666e-13 +2.0588e-13 +1.9524e-13 +1.8474e-13 +1.7438e-13 +1.6416e-13 +1.5409e-13 +1.4417e-13 +1.3443e-13 +1.2498e-13 +1.1589e-13 +1.0729e-13 +9.9258e-14 +9.1898e-14 +8.5309e-14 +7.9457e-14 +7.3929e-14 +6.8244e-14 +6.1920e-14 +5.4484e-14 +4.6094e-14 +3.8027e-14 +3.1669e-14 +2.8095e-14 +2.6039e-14 +2.3192e-14 +1.8405e-14 +1.3550e-14 +1.0335e-14 +8.3010e-15 +6.3350e-15 +3.7368e-15 +2.3606e-15 +1.7883e-15 +1.2750e-15 +3.7947e-16 +3.0094e-16 +8.7372e-17 
+1.1220e+05 +5.9331e-13 +5.9078e-13 +5.8775e-13 +5.8426e-13 +5.8032e-13 +5.7593e-13 +5.7112e-13 +5.6589e-13 +5.6025e-13 +5.5423e-13 +5.4784e-13 +5.4108e-13 +5.3398e-13 +5.2653e-13 +5.1877e-13 +5.1070e-13 +5.0234e-13 +4.9369e-13 +4.8478e-13 +4.7561e-13 +4.6620e-13 +4.5656e-13 +4.4671e-13 +4.3665e-13 +4.2641e-13 +4.1600e-13 +4.0542e-13 +3.9470e-13 +3.8384e-13 +3.7286e-13 +3.6177e-13 +3.5059e-13 +3.3933e-13 +3.2800e-13 +3.1662e-13 +3.0520e-13 +2.9375e-13 +2.8228e-13 +2.7082e-13 +2.5937e-13 +2.4794e-13 +2.3656e-13 +2.2522e-13 +2.1396e-13 +2.0277e-13 +1.9168e-13 +1.8070e-13 +1.6983e-13 +1.5910e-13 +1.4851e-13 +1.3809e-13 +1.2784e-13 +1.1777e-13 +1.0799e-13 +9.8680e-14 +9.0073e-14 +8.2383e-14 +7.5826e-14 +7.0621e-14 +6.6982e-14 +6.4875e-14 +6.3524e-14 +6.2026e-14 +5.9475e-14 +5.4974e-14 +4.8346e-14 +4.0681e-14 +3.3199e-14 +2.6976e-14 +2.2044e-14 +1.7963e-14 +1.4344e-14 +1.0938e-14 +7.7803e-15 +5.7493e-15 +4.6590e-15 +3.1303e-15 +1.9825e-15 +1.5683e-15 +1.0916e-15 +4.5693e-16 +2.3562e-16 +9.3328e-17 
+1.4125e+05 +2.9056e-13 +2.8796e-13 +2.8556e-13 +2.8334e-13 +2.8127e-13 +2.7936e-13 +2.7759e-13 +2.7594e-13 +2.7440e-13 +2.7296e-13 +2.7161e-13 +2.7032e-13 +2.6910e-13 +2.6792e-13 +2.6677e-13 +2.6565e-13 +2.6452e-13 +2.6339e-13 +2.6224e-13 +2.6106e-13 +2.5983e-13 +2.5854e-13 +2.5718e-13 +2.5573e-13 +2.5418e-13 +2.5252e-13 +2.5073e-13 +2.4881e-13 +2.4673e-13 +2.4449e-13 +2.4206e-13 +2.3945e-13 +2.3663e-13 +2.3360e-13 +2.3033e-13 +2.2682e-13 +2.2305e-13 +2.1901e-13 +2.1469e-13 +2.1007e-13 +2.0514e-13 +1.9988e-13 +1.9429e-13 +1.8835e-13 +1.8205e-13 +1.7537e-13 +1.6831e-13 +1.6084e-13 +1.5295e-13 +1.4464e-13 +1.3588e-13 +1.2667e-13 +1.1700e-13 +1.0695e-13 +9.6816e-14 +8.6884e-14 +7.7448e-14 +6.8802e-14 +6.1241e-14 +5.5057e-14 +5.0365e-14 +4.6765e-14 +4.3764e-14 +4.0867e-14 +3.7584e-14 +3.3702e-14 +2.9493e-14 +2.5281e-14 +2.1368e-14 +1.7919e-14 +1.5032e-14 +1.2692e-14 +1.0597e-14 +8.4056e-15 +5.8467e-15 +3.7359e-15 +3.3487e-15 +2.1808e-15 +1.3323e-15 +9.1257e-16 +4.5495e-16 +1.6928e-16 +8.1907e-17 
+1.7783e+05 +4.2130e-13 +4.0714e-13 +3.9375e-13 +3.8110e-13 +3.6917e-13 +3.5793e-13 +3.4735e-13 +3.3741e-13 +3.2808e-13 +3.1933e-13 +3.1113e-13 +3.0347e-13 +2.9630e-13 +2.8961e-13 +2.8336e-13 +2.7753e-13 +2.7210e-13 +2.6703e-13 +2.6231e-13 +2.5789e-13 +2.5376e-13 +2.4989e-13 +2.4624e-13 +2.4281e-13 +2.3955e-13 +2.3644e-13 +2.3345e-13 +2.3056e-13 +2.2773e-13 +2.2495e-13 +2.2219e-13 +2.1941e-13 +2.1660e-13 +2.1371e-13 +2.1074e-13 +2.0764e-13 +2.0440e-13 +2.0099e-13 +1.9737e-13 +1.9353e-13 +1.8943e-13 +1.8505e-13 +1.8036e-13 +1.7534e-13 +1.6995e-13 +1.6417e-13 +1.5798e-13 +1.5134e-13 +1.4423e-13 +1.3663e-13 +1.2850e-13 +1.1982e-13 +1.1056e-13 +1.0083e-13 +9.0965e-14 +8.1305e-14 +7.2198e-14 +6.3992e-14 +5.7034e-14 +5.1669e-14 +4.8014e-14 +4.5516e-14 +4.3499e-14 +4.1289e-14 +3.8219e-14 +3.4054e-14 +2.9328e-14 +2.4654e-14 +2.0556e-14 +1.6917e-14 +1.3332e-14 +9.7874e-15 +7.2873e-15 +6.3533e-15 +5.3837e-15 +3.7959e-15 +2.7261e-15 +2.0061e-15 +1.5191e-15 +6.2033e-16 +3.1707e-16 +1.4728e-16 +6.3015e-17 
+2.2387e+05 +2.4308e-13 +2.4533e-13 +2.4718e-13 +2.4867e-13 +2.4978e-13 +2.5054e-13 +2.5096e-13 +2.5104e-13 +2.5079e-13 +2.5024e-13 +2.4937e-13 +2.4822e-13 +2.4678e-13 +2.4507e-13 +2.4310e-13 +2.4087e-13 +2.3840e-13 +2.3570e-13 +2.3278e-13 +2.2965e-13 +2.2632e-13 +2.2280e-13 +2.1910e-13 +2.1522e-13 +2.1119e-13 +2.0701e-13 +2.0269e-13 +1.9825e-13 +1.9368e-13 +1.8901e-13 +1.8423e-13 +1.7938e-13 +1.7444e-13 +1.6944e-13 +1.6438e-13 +1.5928e-13 +1.5414e-13 +1.4897e-13 +1.4379e-13 +1.3861e-13 +1.3343e-13 +1.2827e-13 +1.2313e-13 +1.1803e-13 +1.1298e-13 +1.0798e-13 +1.0305e-13 +9.8200e-14 +9.3437e-14 +8.8772e-14 +8.4217e-14 +7.9780e-14 +7.5473e-14 +7.1306e-14 +6.7294e-14 +6.3448e-14 +5.9783e-14 +5.6311e-14 +5.3046e-14 +5.0001e-14 +4.7119e-14 +4.4141e-14 +4.0770e-14 +3.6712e-14 +3.1674e-14 +2.5807e-14 +2.0032e-14 +1.5352e-14 +1.2605e-14 +1.1411e-14 +1.0847e-14 +1.0084e-14 +8.5525e-15 +6.2030e-15 +4.5520e-15 +3.7228e-15 +2.2405e-15 +1.5819e-15 +8.9107e-16 +6.8832e-16 +2.9348e-16 +1.3275e-16 +5.5796e-17 
+2.8184e+05 +1.4782e-13 +1.5276e-13 +1.5723e-13 +1.6125e-13 +1.6483e-13 +1.6797e-13 +1.7071e-13 +1.7303e-13 +1.7496e-13 +1.7652e-13 +1.7770e-13 +1.7853e-13 +1.7901e-13 +1.7916e-13 +1.7899e-13 +1.7851e-13 +1.7773e-13 +1.7667e-13 +1.7533e-13 +1.7374e-13 +1.7189e-13 +1.6981e-13 +1.6751e-13 +1.6499e-13 +1.6227e-13 +1.5936e-13 +1.5628e-13 +1.5303e-13 +1.4963e-13 +1.4609e-13 +1.4242e-13 +1.3863e-13 +1.3474e-13 +1.3076e-13 +1.2669e-13 +1.2256e-13 +1.1837e-13 +1.1414e-13 +1.0987e-13 +1.0559e-13 +1.0129e-13 +9.7003e-14 +9.2728e-14 +8.8481e-14 +8.4274e-14 +8.0118e-14 +7.6026e-14 +7.2010e-14 +6.8082e-14 +6.4253e-14 +6.0536e-14 +5.6944e-14 +5.3487e-14 +5.0175e-14 +4.7016e-14 +4.4016e-14 +4.1182e-14 +3.8518e-14 +3.6033e-14 +3.3732e-14 +3.1592e-14 +2.9510e-14 +2.7365e-14 +2.5037e-14 +2.2408e-14 +1.9492e-14 +1.6534e-14 +1.3804e-14 +1.1542e-14 +9.7829e-15 +8.4646e-15 +7.4257e-15 +6.2445e-15 +4.7099e-15 +3.4379e-15 +2.5949e-15 +1.7278e-15 +1.2481e-15 +6.4578e-16 +5.3430e-16 +2.5924e-16 +1.2266e-16 +5.4507e-17 
+3.5481e+05 +1.2356e-13 +1.2245e-13 +1.2137e-13 +1.2034e-13 +1.1933e-13 +1.1836e-13 +1.1742e-13 +1.1650e-13 +1.1560e-13 +1.1472e-13 +1.1385e-13 +1.1300e-13 +1.1215e-13 +1.1131e-13 +1.1046e-13 +1.0962e-13 +1.0877e-13 +1.0790e-13 +1.0703e-13 +1.0614e-13 +1.0523e-13 +1.0430e-13 +1.0334e-13 +1.0235e-13 +1.0132e-13 +1.0027e-13 +9.9167e-14 +9.8025e-14 +9.6837e-14 +9.5598e-14 +9.4306e-14 +9.2957e-14 +9.1548e-14 +9.0075e-14 +8.8536e-14 +8.6926e-14 +8.5243e-14 +8.3482e-14 +8.1641e-14 +7.9716e-14 +7.7704e-14 +7.5601e-14 +7.3405e-14 +7.1111e-14 +6.8716e-14 +6.6217e-14 +6.3611e-14 +6.0893e-14 +5.8062e-14 +5.5112e-14 +5.2042e-14 +4.8848e-14 +4.5526e-14 +4.2099e-14 +3.8630e-14 +3.5187e-14 +3.1838e-14 +2.8648e-14 +2.5687e-14 +2.3021e-14 +2.0690e-14 +1.8654e-14 +1.6860e-14 +1.5253e-14 +1.3782e-14 +1.2439e-14 +1.1302e-14 +1.0457e-14 +9.9353e-15 +9.3629e-15 +8.1837e-15 +6.2272e-15 +4.3220e-15 +3.1766e-15 +2.5686e-15 +2.1180e-15 +1.5851e-15 +1.0546e-15 +5.3549e-16 +4.8451e-16 +1.7531e-16 +8.7989e-17 +2.7514e-17 
+4.4668e+05 +6.9632e-14 +7.0468e-14 +7.1172e-14 +7.1748e-14 +7.2199e-14 +7.2530e-14 +7.2744e-14 +7.2847e-14 +7.2842e-14 +7.2733e-14 +7.2525e-14 +7.2221e-14 +7.1825e-14 +7.1342e-14 +7.0775e-14 +7.0130e-14 +6.9409e-14 +6.8617e-14 +6.7758e-14 +6.6836e-14 +6.5855e-14 +6.4820e-14 +6.3733e-14 +6.2601e-14 +6.1426e-14 +6.0212e-14 +5.8965e-14 +5.7687e-14 +5.6383e-14 +5.5057e-14 +5.3714e-14 +5.2356e-14 +5.0989e-14 +4.9616e-14 +4.8242e-14 +4.6870e-14 +4.5505e-14 +4.4150e-14 +4.2810e-14 +4.1490e-14 +4.0192e-14 +3.8922e-14 +3.7682e-14 +3.6478e-14 +3.5314e-14 +3.4192e-14 +3.3119e-14 +3.2097e-14 +3.1131e-14 +3.0224e-14 +2.9382e-14 +2.8608e-14 +2.7905e-14 +2.7255e-14 +2.6602e-14 +2.5885e-14 +2.5045e-14 +2.4024e-14 +2.2760e-14 +2.1194e-14 +1.9318e-14 +1.7271e-14 +1.5216e-14 +1.3318e-14 +1.1742e-14 +1.0531e-14 +9.5224e-15 +8.5302e-15 +7.4010e-15 +6.2143e-15 +5.1543e-15 +4.3189e-15 +3.5811e-15 +2.8154e-15 +2.0245e-15 +1.3812e-15 +1.1057e-15 +8.1768e-16 +4.2282e-16 +2.9332e-16 +1.7776e-16 +8.7474e-17 +3.1332e-17 
+5.6234e+05 +5.3499e-14 +5.3939e-14 +5.4323e-14 +5.4651e-14 +5.4924e-14 +5.5143e-14 +5.5309e-14 +5.5423e-14 +5.5486e-14 +5.5499e-14 +5.5463e-14 +5.5378e-14 +5.5247e-14 +5.5068e-14 +5.4845e-14 +5.4576e-14 +5.4265e-14 +5.3910e-14 +5.3514e-14 +5.3077e-14 +5.2601e-14 +5.2085e-14 +5.1531e-14 +5.0941e-14 +5.0314e-14 +4.9652e-14 +4.8956e-14 +4.8227e-14 +4.7465e-14 +4.6672e-14 +4.5848e-14 +4.4995e-14 +4.4113e-14 +4.3203e-14 +4.2267e-14 +4.1305e-14 +4.0318e-14 +3.9307e-14 +3.8273e-14 +3.7217e-14 +3.6140e-14 +3.5043e-14 +3.3927e-14 +3.2792e-14 +3.1639e-14 +3.0471e-14 +2.9287e-14 +2.8088e-14 +2.6875e-14 +2.5650e-14 +2.4413e-14 +2.3165e-14 +2.1908e-14 +2.0641e-14 +1.9366e-14 +1.8083e-14 +1.6793e-14 +1.5496e-14 +1.4193e-14 +1.2885e-14 +1.1584e-14 +1.0337e-14 +9.1943e-15 +8.2094e-15 +7.4336e-15 +6.8553e-15 +6.3519e-15 +5.7896e-15 +5.0606e-15 +4.2511e-15 +3.5338e-15 +3.0114e-15 +2.6036e-15 +2.1973e-15 +1.6721e-15 +1.1880e-15 +1.0483e-15 +6.5703e-16 +3.4881e-16 +2.2554e-16 +1.0818e-16 +5.6365e-17 +2.9115e-17 
+7.0795e+05 +3.1259e-14 +3.1496e-14 +3.1682e-14 +3.1819e-14 +3.1908e-14 +3.1951e-14 +3.1949e-14 +3.1905e-14 +3.1820e-14 +3.1695e-14 +3.1532e-14 +3.1332e-14 +3.1099e-14 +3.0832e-14 +3.0533e-14 +3.0206e-14 +2.9850e-14 +2.9467e-14 +2.9060e-14 +2.8630e-14 +2.8178e-14 +2.7706e-14 +2.7217e-14 +2.6710e-14 +2.6189e-14 +2.5654e-14 +2.5108e-14 +2.4551e-14 +2.3987e-14 +2.3415e-14 +2.2839e-14 +2.2259e-14 +2.1677e-14 +2.1095e-14 +2.0515e-14 +1.9937e-14 +1.9364e-14 +1.8798e-14 +1.8240e-14 +1.7692e-14 +1.7154e-14 +1.6630e-14 +1.6120e-14 +1.5627e-14 +1.5151e-14 +1.4695e-14 +1.4260e-14 +1.3848e-14 +1.3461e-14 +1.3099e-14 +1.2765e-14 +1.2461e-14 +1.2187e-14 +1.1935e-14 +1.1674e-14 +1.1377e-14 +1.1011e-14 +1.0548e-14 +9.9575e-15 +9.2089e-15 +8.3030e-15 +7.3281e-15 +6.3889e-15 +5.5897e-15 +5.0338e-15 +4.7273e-15 +4.5053e-15 +4.1854e-15 +3.6208e-15 +2.9285e-15 +2.3438e-15 +1.9909e-15 +1.7041e-15 +1.3505e-15 +1.0544e-15 +8.3373e-16 +5.6162e-16 +4.0346e-16 +2.7627e-16 +1.5226e-16 +8.8619e-17 +3.8815e-17 +1.4031e-17 
+8.9125e+05 +1.4743e-14 +1.4492e-14 +1.4261e-14 +1.4051e-14 +1.3860e-14 +1.3687e-14 +1.3531e-14 +1.3392e-14 +1.3268e-14 +1.3158e-14 +1.3061e-14 +1.2977e-14 +1.2904e-14 +1.2842e-14 +1.2789e-14 +1.2745e-14 +1.2708e-14 +1.2677e-14 +1.2652e-14 +1.2631e-14 +1.2614e-14 +1.2600e-14 +1.2587e-14 +1.2575e-14 +1.2562e-14 +1.2548e-14 +1.2532e-14 +1.2512e-14 +1.2489e-14 +1.2459e-14 +1.2424e-14 +1.2382e-14 +1.2331e-14 +1.2271e-14 +1.2201e-14 +1.2120e-14 +1.2026e-14 +1.1920e-14 +1.1799e-14 +1.1664e-14 +1.1512e-14 +1.1344e-14 +1.1157e-14 +1.0952e-14 +1.0726e-14 +1.0480e-14 +1.0212e-14 +9.9205e-15 +9.6056e-15 +9.2658e-15 +8.9002e-15 +8.5079e-15 +8.0878e-15 +7.6432e-15 +7.1838e-15 +6.7201e-15 +6.2624e-15 +5.8211e-15 +5.4067e-15 +5.0294e-15 +4.6943e-15 +4.3906e-15 +4.1048e-15 +3.8235e-15 +3.5331e-15 +3.2286e-15 +2.9196e-15 +2.6172e-15 +2.3293e-15 +2.0415e-15 +1.7287e-15 +1.3930e-15 +1.1059e-15 +9.0772e-16 +6.9997e-16 +4.9900e-16 +4.2053e-16 +2.3724e-16 +1.8226e-16 +9.5040e-17 +5.7271e-17 +2.7143e-17 +9.7056e-18 
+1.1220e+06 +8.7235e-15 +9.0107e-15 +9.2736e-15 +9.5128e-15 +9.7288e-15 +9.9223e-15 +1.0094e-14 +1.0244e-14 +1.0373e-14 +1.0482e-14 +1.0571e-14 +1.0642e-14 +1.0693e-14 +1.0727e-14 +1.0743e-14 +1.0743e-14 +1.0726e-14 +1.0693e-14 +1.0646e-14 +1.0584e-14 +1.0508e-14 +1.0418e-14 +1.0316e-14 +1.0201e-14 +1.0075e-14 +9.9381e-15 +9.7904e-15 +9.6327e-15 +9.4657e-15 +9.2899e-15 +9.1059e-15 +8.9143e-15 +8.7156e-15 +8.5104e-15 +8.2993e-15 +8.0829e-15 +7.8617e-15 +7.6363e-15 +7.4073e-15 +7.1752e-15 +6.9407e-15 +6.7043e-15 +6.4665e-15 +6.2280e-15 +5.9894e-15 +5.7511e-15 +5.5138e-15 +5.2781e-15 +5.0444e-15 +4.8135e-15 +4.5859e-15 +4.3621e-15 +4.1427e-15 +3.9286e-15 +3.7211e-15 +3.5214e-15 +3.3311e-15 +3.1513e-15 +2.9834e-15 +2.8288e-15 +2.6868e-15 +2.5511e-15 +2.4145e-15 +2.2694e-15 +2.1087e-15 +1.9284e-15 +1.7304e-15 +1.5170e-15 +1.2936e-15 +1.0862e-15 +9.2993e-16 +8.3039e-16 +7.1570e-16 +5.4433e-16 +4.1451e-16 +3.4263e-16 +2.3777e-16 +1.8361e-16 +1.1926e-16 +7.7087e-17 +3.6811e-17 +1.8074e-17 +6.1502e-18 
+1.4125e+06 +4.8744e-15 +4.9434e-15 +5.0026e-15 +5.0521e-15 +5.0923e-15 +5.1236e-15 +5.1462e-15 +5.1604e-15 +5.1666e-15 +5.1651e-15 +5.1561e-15 +5.1401e-15 +5.1173e-15 +5.0881e-15 +5.0526e-15 +5.0114e-15 +4.9647e-15 +4.9127e-15 +4.8559e-15 +4.7944e-15 +4.7288e-15 +4.6592e-15 +4.5859e-15 +4.5094e-15 +4.4298e-15 +4.3476e-15 +4.2630e-15 +4.1763e-15 +4.0879e-15 +3.9981e-15 +3.9072e-15 +3.8154e-15 +3.7232e-15 +3.6309e-15 +3.5387e-15 +3.4469e-15 +3.3560e-15 +3.2661e-15 +3.1776e-15 +3.0909e-15 +3.0062e-15 +2.9239e-15 +2.8442e-15 +2.7675e-15 +2.6942e-15 +2.6244e-15 +2.5586e-15 +2.4970e-15 +2.4400e-15 +2.3878e-15 +2.3408e-15 +2.2994e-15 +2.2637e-15 +2.2323e-15 +2.2008e-15 +2.1643e-15 +2.1183e-15 +2.0580e-15 +1.9786e-15 +1.8756e-15 +1.7475e-15 +1.6031e-15 +1.4527e-15 +1.3068e-15 +1.1758e-15 +1.0644e-15 +9.6720e-16 +8.7813e-16 +7.9122e-16 +7.0319e-16 +6.1190e-16 +5.1762e-16 +4.2679e-16 +3.4357e-16 +2.6150e-16 +1.9092e-16 +1.5270e-16 +1.0844e-16 +6.6436e-17 +3.9735e-17 +2.1900e-17 +1.0863e-17 +3.9491e-18 
+1.7783e+06 +2.3036e-15 +2.2300e-15 +2.1624e-15 +2.1004e-15 +2.0438e-15 +1.9925e-15 +1.9463e-15 +1.9048e-15 +1.8679e-15 +1.8353e-15 +1.8069e-15 +1.7824e-15 +1.7615e-15 +1.7442e-15 +1.7300e-15 +1.7189e-15 +1.7105e-15 +1.7047e-15 +1.7013e-15 +1.7000e-15 +1.7005e-15 +1.7028e-15 +1.7065e-15 +1.7114e-15 +1.7173e-15 +1.7240e-15 +1.7313e-15 +1.7389e-15 +1.7466e-15 +1.7542e-15 +1.7615e-15 +1.7682e-15 +1.7741e-15 +1.7790e-15 +1.7827e-15 +1.7849e-15 +1.7855e-15 +1.7842e-15 +1.7808e-15 +1.7750e-15 +1.7666e-15 +1.7555e-15 +1.7413e-15 +1.7239e-15 +1.7031e-15 +1.6786e-15 +1.6501e-15 +1.6176e-15 +1.5807e-15 +1.5392e-15 +1.4929e-15 +1.4417e-15 +1.3851e-15 +1.3238e-15 +1.2590e-15 +1.1924e-15 +1.1253e-15 +1.0593e-15 +9.9597e-16 +9.3674e-16 +8.8235e-16 +8.3128e-16 +7.8159e-16 +7.3135e-16 +6.7863e-16 +6.2270e-16 +5.6491e-16 +5.0682e-16 +4.4965e-16 +3.9215e-16 +3.3194e-16 +2.7054e-16 +2.1946e-16 +1.8421e-16 +1.4539e-16 +1.0536e-16 +8.8451e-17 +6.1916e-17 +4.2647e-17 +2.3672e-17 +1.3460e-17 +6.9157e-18 +2.9727e-18 
+2.2387e+06 +1.1505e-15 +1.1462e-15 +1.1424e-15 +1.1390e-15 +1.1359e-15 +1.1332e-15 +1.1308e-15 +1.1286e-15 +1.1267e-15 +1.1250e-15 +1.1235e-15 +1.1220e-15 +1.1206e-15 +1.1193e-15 +1.1180e-15 +1.1166e-15 +1.1152e-15 +1.1136e-15 +1.1119e-15 +1.1100e-15 +1.1079e-15 +1.1055e-15 +1.1028e-15 +1.0998e-15 +1.0964e-15 +1.0925e-15 +1.0883e-15 +1.0835e-15 +1.0782e-15 +1.0723e-15 +1.0659e-15 +1.0587e-15 +1.0510e-15 +1.0424e-15 +1.0332e-15 +1.0231e-15 +1.0122e-15 +1.0004e-15 +9.8773e-16 +9.7410e-16 +9.5948e-16 +9.4384e-16 +9.2714e-16 +9.0934e-16 +8.9041e-16 +8.7030e-16 +8.4897e-16 +8.2640e-16 +8.0253e-16 +7.7734e-16 +7.5078e-16 +7.2283e-16 +6.9343e-16 +6.6275e-16 +6.3122e-16 +5.9933e-16 +5.6755e-16 +5.3636e-16 +5.0622e-16 +4.7763e-16 +4.5072e-16 +4.2471e-16 +3.9864e-16 +3.7156e-16 +3.4253e-16 +3.1184e-16 +2.8202e-16 +2.5579e-16 +2.3509e-16 +2.1593e-16 +1.9166e-16 +1.6075e-16 +1.3489e-16 +1.1999e-16 +9.6229e-17 +6.3513e-17 +4.7680e-17 +3.6539e-17 +2.0689e-17 +1.5647e-17 +7.9185e-18 +4.0746e-18 +1.3730e-18 
+2.8184e+06 +5.1625e-16 +5.5475e-16 +5.9000e-16 +6.2209e-16 +6.5112e-16 +6.7718e-16 +7.0037e-16 +7.2080e-16 +7.3854e-16 +7.5370e-16 +7.6637e-16 +7.7666e-16 +7.8464e-16 +7.9043e-16 +7.9412e-16 +7.9579e-16 +7.9555e-16 +7.9350e-16 +7.8972e-16 +7.8432e-16 +7.7739e-16 +7.6902e-16 +7.5932e-16 +7.4837e-16 +7.3627e-16 +7.2313e-16 +7.0902e-16 +6.9406e-16 +6.7833e-16 +6.6193e-16 +6.4495e-16 +6.2750e-16 +6.0967e-16 +5.9155e-16 +5.7323e-16 +5.5483e-16 +5.3642e-16 +5.1811e-16 +4.9999e-16 +4.8215e-16 +4.6470e-16 +4.4773e-16 +4.3133e-16 +4.1561e-16 +4.0064e-16 +3.8654e-16 +3.7340e-16 +3.6130e-16 +3.5036e-16 +3.4066e-16 +3.3229e-16 +3.2537e-16 +3.1997e-16 +3.1586e-16 +3.1232e-16 +3.0855e-16 +3.0376e-16 +2.9717e-16 +2.8799e-16 +2.7543e-16 +2.5919e-16 +2.4035e-16 +2.2025e-16 +2.0022e-16 +1.8160e-16 +1.6515e-16 +1.5061e-16 +1.3763e-16 +1.2574e-16 +1.1355e-16 +9.9276e-17 +8.2588e-17 +6.6965e-17 +5.5042e-17 +4.4690e-17 +3.4664e-17 +2.6121e-17 +1.9174e-17 +1.3247e-17 +7.4836e-18 +4.8959e-18 +1.9033e-18 +7.6831e-19 
+3.5481e+06 +2.5841e-16 +2.5530e-16 +2.5242e-16 +2.4975e-16 +2.4728e-16 +2.4500e-16 +2.4290e-16 +2.4097e-16 +2.3920e-16 +2.3758e-16 +2.3610e-16 +2.3475e-16 +2.3352e-16 +2.3239e-16 +2.3137e-16 +2.3044e-16 +2.2958e-16 +2.2879e-16 +2.2807e-16 +2.2739e-16 +2.2674e-16 +2.2613e-16 +2.2553e-16 +2.2494e-16 +2.2435e-16 +2.2375e-16 +2.2312e-16 +2.2246e-16 +2.2175e-16 +2.2099e-16 +2.2017e-16 +2.1927e-16 +2.1829e-16 +2.1722e-16 +2.1604e-16 +2.1474e-16 +2.1332e-16 +2.1177e-16 +2.1007e-16 +2.0821e-16 +2.0619e-16 +2.0400e-16 +2.0161e-16 +1.9904e-16 +1.9625e-16 +1.9325e-16 +1.9002e-16 +1.8656e-16 +1.8284e-16 +1.7887e-16 +1.7464e-16 +1.7012e-16 +1.6532e-16 +1.6024e-16 +1.5490e-16 +1.4935e-16 +1.4361e-16 +1.3772e-16 +1.3170e-16 +1.2560e-16 +1.1942e-16 +1.1306e-16 +1.0644e-16 +9.9429e-17 +9.1948e-17 +8.4102e-17 +7.6379e-17 +6.9302e-17 +6.3242e-17 +5.7422e-17 +5.0553e-17 +4.2324e-17 +3.4953e-17 +2.9886e-17 +2.4676e-17 +1.8183e-17 +1.2328e-17 +8.9937e-18 +6.6401e-18 +3.8799e-18 +2.3608e-18 +1.0479e-18 +4.3513e-19 
+4.4668e+06 +1.2755e-16 +1.2581e-16 +1.2420e-16 +1.2271e-16 +1.2134e-16 +1.2008e-16 +1.1892e-16 +1.1786e-16 +1.1690e-16 +1.1602e-16 +1.1522e-16 +1.1450e-16 +1.1386e-16 +1.1327e-16 +1.1275e-16 +1.1228e-16 +1.1186e-16 +1.1147e-16 +1.1113e-16 +1.1082e-16 +1.1053e-16 +1.1026e-16 +1.1000e-16 +1.0975e-16 +1.0951e-16 +1.0926e-16 +1.0900e-16 +1.0872e-16 +1.0843e-16 +1.0811e-16 +1.0775e-16 +1.0736e-16 +1.0693e-16 +1.0644e-16 +1.0590e-16 +1.0530e-16 +1.0463e-16 +1.0390e-16 +1.0308e-16 +1.0218e-16 +1.0119e-16 +1.0010e-16 +9.8918e-17 +9.7626e-17 +9.6221e-17 +9.4699e-17 +9.3054e-17 +9.1279e-17 +8.9369e-17 +8.7318e-17 +8.5121e-17 +8.2772e-17 +8.0265e-17 +7.7599e-17 +7.4779e-17 +7.1812e-17 +6.8705e-17 +6.5463e-17 +6.2093e-17 +5.8601e-17 +5.5039e-17 +5.1585e-17 +4.8444e-17 +4.5819e-17 +4.3908e-17 +4.2536e-17 +4.0869e-17 +3.8004e-17 +3.3261e-17 +2.7601e-17 +2.2723e-17 +1.9541e-17 +1.6933e-17 +1.3968e-17 +1.1405e-17 +9.2809e-18 +6.6255e-18 +4.5216e-18 +3.4541e-18 +1.7615e-18 +9.7967e-19 +5.2871e-19 +2.0336e-19 
+5.6234e+06 +5.2810e-17 +4.9850e-17 +4.7155e-17 +4.4717e-17 +4.2525e-17 +4.0571e-17 +3.8844e-17 +3.7335e-17 +3.6034e-17 +3.4932e-17 +3.4019e-17 +3.3285e-17 +3.2722e-17 +3.2318e-17 +3.2065e-17 +3.1954e-17 +3.1973e-17 +3.2115e-17 +3.2368e-17 +3.2725e-17 +3.3174e-17 +3.3706e-17 +3.4313e-17 +3.4983e-17 +3.5708e-17 +3.6478e-17 +3.7283e-17 +3.8114e-17 +3.8961e-17 +3.9814e-17 +4.0665e-17 +4.1502e-17 +4.2317e-17 +4.3101e-17 +4.3842e-17 +4.4533e-17 +4.5162e-17 +4.5722e-17 +4.6201e-17 +4.6590e-17 +4.6881e-17 +4.7062e-17 +4.7125e-17 +4.7060e-17 +4.6857e-17 +4.6507e-17 +4.6000e-17 +4.5327e-17 +4.4477e-17 +4.3442e-17 +4.2211e-17 +4.0775e-17 +3.9125e-17 +3.7288e-17 +3.5348e-17 +3.3394e-17 +3.1516e-17 +2.9804e-17 +2.8347e-17 +2.7236e-17 +2.6483e-17 +2.5881e-17 +2.5183e-17 +2.4142e-17 +2.2513e-17 +2.0293e-17 +1.7898e-17 +1.5788e-17 +1.4337e-17 +1.3268e-17 +1.2015e-17 +1.0294e-17 +8.5547e-18 +7.1604e-18 +5.8014e-18 +4.3527e-18 +3.1098e-18 +2.1711e-18 +1.3634e-18 +9.8449e-19 +5.1230e-19 +2.6663e-19 +9.1268e-20 
+7.0795e+06 +2.5768e-17 +2.5229e-17 +2.4733e-17 +2.4276e-17 +2.3857e-17 +2.3474e-17 +2.3126e-17 +2.2812e-17 +2.2529e-17 +2.2277e-17 +2.2052e-17 +2.1855e-17 +2.1683e-17 +2.1534e-17 +2.1407e-17 +2.1301e-17 +2.1213e-17 +2.1142e-17 +2.1087e-17 +2.1045e-17 +2.1016e-17 +2.0998e-17 +2.0988e-17 +2.0986e-17 +2.0989e-17 +2.0997e-17 +2.1007e-17 +2.1018e-17 +2.1029e-17 +2.1037e-17 +2.1041e-17 +2.1039e-17 +2.1031e-17 +2.1013e-17 +2.0985e-17 +2.0945e-17 +2.0892e-17 +2.0823e-17 +2.0737e-17 +2.0633e-17 +2.0508e-17 +2.0362e-17 +2.0192e-17 +1.9998e-17 +1.9776e-17 +1.9527e-17 +1.9248e-17 +1.8937e-17 +1.8593e-17 +1.8215e-17 +1.7800e-17 +1.7347e-17 +1.6855e-17 +1.6325e-17 +1.5766e-17 +1.5188e-17 +1.4598e-17 +1.4007e-17 +1.3422e-17 +1.2853e-17 +1.2304e-17 +1.1765e-17 +1.1225e-17 +1.0672e-17 +1.0093e-17 +9.4630e-18 +8.7341e-18 +7.8550e-18 +6.8020e-18 +5.7542e-18 +4.9812e-18 +4.5668e-18 +4.1117e-18 +3.3270e-18 +2.5450e-18 +2.0443e-18 +1.7482e-18 +1.2404e-18 +6.7580e-19 +4.5457e-19 +2.2381e-19 +1.1834e-19 +4.1772e-20 
+8.9125e+06 +1.0873e-17 +1.1177e-17 +1.1454e-17 +1.1705e-17 +1.1930e-17 +1.2130e-17 +1.2307e-17 +1.2460e-17 +1.2590e-17 +1.2699e-17 +1.2787e-17 +1.2854e-17 +1.2902e-17 +1.2931e-17 +1.2943e-17 +1.2937e-17 +1.2914e-17 +1.2876e-17 +1.2823e-17 +1.2755e-17 +1.2674e-17 +1.2581e-17 +1.2475e-17 +1.2358e-17 +1.2231e-17 +1.2094e-17 +1.1948e-17 +1.1794e-17 +1.1632e-17 +1.1464e-17 +1.1290e-17 +1.1111e-17 +1.0927e-17 +1.0740e-17 +1.0549e-17 +1.0357e-17 +1.0163e-17 +9.9686e-18 +9.7743e-18 +9.5808e-18 +9.3889e-18 +9.1993e-18 +9.0130e-18 +8.8304e-18 +8.6526e-18 +8.4801e-18 +8.3138e-18 +8.1543e-18 +8.0026e-18 +7.8592e-18 +7.7250e-18 +7.6007e-18 +7.4870e-18 +7.3809e-18 +7.2728e-18 +7.1531e-18 +7.0117e-18 +6.8388e-18 +6.6244e-18 +6.3587e-18 +6.0374e-18 +5.6725e-18 +5.2789e-18 +4.8717e-18 +4.4656e-18 +4.0732e-18 +3.7023e-18 +3.3605e-18 +3.0548e-18 +2.7879e-18 +2.5606e-18 +2.3382e-18 +1.9936e-18 +1.4900e-18 +1.1327e-18 +9.6538e-19 +6.9739e-19 +5.3016e-19 +3.5833e-19 +2.2131e-19 +1.0559e-19 +4.4941e-20 +2.0395e-20 
+1.1220e+07 +4.9655e-18 +4.9446e-18 +4.9246e-18 +4.9052e-18 +4.8866e-18 +4.8685e-18 +4.8509e-18 +4.8337e-18 +4.8169e-18 +4.8004e-18 +4.7840e-18 +4.7677e-18 +4.7514e-18 +4.7350e-18 +4.7185e-18 +4.7018e-18 +4.6847e-18 +4.6672e-18 +4.6493e-18 +4.6308e-18 +4.6116e-18 +4.5917e-18 +4.5710e-18 +4.5494e-18 +4.5269e-18 +4.5032e-18 +4.4785e-18 +4.4525e-18 +4.4252e-18 +4.3965e-18 +4.3664e-18 +4.3347e-18 +4.3014e-18 +4.2664e-18 +4.2295e-18 +4.1908e-18 +4.1502e-18 +4.1075e-18 +4.0626e-18 +4.0156e-18 +3.9663e-18 +3.9146e-18 +3.8605e-18 +3.8038e-18 +3.7445e-18 +3.6825e-18 +3.6178e-18 +3.5501e-18 +3.4796e-18 +3.4060e-18 +3.3293e-18 +3.2494e-18 +3.1662e-18 +3.0800e-18 +2.9916e-18 +2.9017e-18 +2.8111e-18 +2.7206e-18 +2.6311e-18 +2.5433e-18 +2.4565e-18 +2.3654e-18 +2.2640e-18 +2.1462e-18 +2.0061e-18 +1.8446e-18 +1.6754e-18 +1.5132e-18 +1.3704e-18 +1.2415e-18 +1.1133e-18 +9.7787e-19 +8.4217e-19 +7.0742e-19 +5.4940e-19 +4.0128e-19 +3.3652e-19 +2.4730e-19 +1.4079e-19 +9.5195e-20 +4.8629e-20 +2.1784e-20 +1.0304e-20 
+1.4125e+07 +2.0841e-18 +1.9825e-18 +1.8895e-18 +1.8047e-18 +1.7279e-18 +1.6588e-18 +1.5970e-18 +1.5422e-18 +1.4943e-18 +1.4527e-18 +1.4173e-18 +1.3878e-18 +1.3638e-18 +1.3450e-18 +1.3312e-18 +1.3220e-18 +1.3171e-18 +1.3162e-18 +1.3191e-18 +1.3254e-18 +1.3349e-18 +1.3471e-18 +1.3619e-18 +1.3788e-18 +1.3977e-18 +1.4182e-18 +1.4400e-18 +1.4628e-18 +1.4863e-18 +1.5102e-18 +1.5342e-18 +1.5580e-18 +1.5813e-18 +1.6038e-18 +1.6251e-18 +1.6451e-18 +1.6633e-18 +1.6795e-18 +1.6934e-18 +1.7047e-18 +1.7130e-18 +1.7181e-18 +1.7196e-18 +1.7174e-18 +1.7110e-18 +1.7001e-18 +1.6845e-18 +1.6639e-18 +1.6379e-18 +1.6062e-18 +1.5686e-18 +1.5248e-18 +1.4744e-18 +1.4182e-18 +1.3584e-18 +1.2975e-18 +1.2380e-18 +1.1823e-18 +1.1328e-18 +1.0920e-18 +1.0603e-18 +1.0319e-18 +1.0001e-18 +9.5814e-19 +8.9923e-19 +8.2325e-19 +7.4159e-19 +6.6682e-19 +6.0911e-19 +5.6095e-19 +5.0691e-19 +4.3790e-19 +3.6136e-19 +2.8800e-19 +2.3049e-19 +1.9112e-19 +1.5590e-19 +1.1022e-19 +7.0415e-20 +3.9621e-20 +2.3204e-20 +1.0396e-20 +3.9888e-21 
+1.7783e+07 +9.0780e-19 +8.6690e-19 +8.2943e-19 +7.9529e-19 +7.6433e-19 +7.3646e-19 +7.1153e-19 +6.8945e-19 +6.7008e-19 +6.5330e-19 +6.3900e-19 +6.2705e-19 +6.1734e-19 +6.0975e-19 +6.0414e-19 +6.0042e-19 +5.9844e-19 +5.9811e-19 +5.9928e-19 +6.0185e-19 +6.0570e-19 +6.1070e-19 +6.1673e-19 +6.2368e-19 +6.3142e-19 +6.3984e-19 +6.4881e-19 +6.5821e-19 +6.6792e-19 +6.7784e-19 +6.8782e-19 +6.9776e-19 +7.0753e-19 +7.1701e-19 +7.2609e-19 +7.3464e-19 +7.4254e-19 +7.4968e-19 +7.5593e-19 +7.6117e-19 +7.6528e-19 +7.6815e-19 +7.6965e-19 +7.6966e-19 +7.6807e-19 +7.6475e-19 +7.5957e-19 +7.5244e-19 +7.4321e-19 +7.3178e-19 +7.1801e-19 +7.0180e-19 +6.8303e-19 +6.6183e-19 +6.3877e-19 +6.1443e-19 +5.8942e-19 +5.6432e-19 +5.3974e-19 +5.1627e-19 +4.9410e-19 +4.7226e-19 +4.4957e-19 +4.2485e-19 +3.9693e-19 +3.6560e-19 +3.3234e-19 +2.9882e-19 +2.6686e-19 +2.3951e-19 +2.2039e-19 +2.0663e-19 +1.7860e-19 +1.2852e-19 +9.6031e-20 +8.5831e-20 +5.8058e-20 +4.1884e-20 +2.7221e-20 +1.8442e-20 +1.0702e-20 +4.8700e-21 +1.7875e-21 
+2.2387e+07 +4.1226e-19 +4.1756e-19 +4.2233e-19 +4.2657e-19 +4.3031e-19 +4.3354e-19 +4.3629e-19 +4.3858e-19 +4.4041e-19 +4.4180e-19 +4.4276e-19 +4.4332e-19 +4.4347e-19 +4.4325e-19 +4.4265e-19 +4.4170e-19 +4.4041e-19 +4.3880e-19 +4.3687e-19 +4.3465e-19 +4.3214e-19 +4.2937e-19 +4.2634e-19 +4.2307e-19 +4.1957e-19 +4.1586e-19 +4.1196e-19 +4.0787e-19 +4.0362e-19 +3.9920e-19 +3.9465e-19 +3.8998e-19 +3.8519e-19 +3.8030e-19 +3.7533e-19 +3.7029e-19 +3.6520e-19 +3.6006e-19 +3.5490e-19 +3.4973e-19 +3.4456e-19 +3.3940e-19 +3.3428e-19 +3.2920e-19 +3.2418e-19 +3.1924e-19 +3.1438e-19 +3.0962e-19 +3.0498e-19 +3.0048e-19 +2.9611e-19 +2.9191e-19 +2.8787e-19 +2.8387e-19 +2.7952e-19 +2.7442e-19 +2.6815e-19 +2.6032e-19 +2.5051e-19 +2.3833e-19 +2.2371e-19 +2.0757e-19 +1.9100e-19 +1.7511e-19 +1.6097e-19 +1.4892e-19 +1.3797e-19 +1.2699e-19 +1.1503e-19 +1.0235e-19 +8.9814e-20 +7.8064e-20 +6.7274e-20 +5.7161e-20 +4.6260e-20 +3.5941e-20 +2.9146e-20 +1.9245e-20 +1.1283e-20 +6.6073e-21 +4.1811e-21 +1.6091e-21 +8.8516e-22 
+2.8184e+07 +1.8169e-19 +1.7678e-19 +1.7227e-19 +1.6814e-19 +1.6437e-19 +1.6096e-19 +1.5789e-19 +1.5514e-19 +1.5269e-19 +1.5054e-19 +1.4866e-19 +1.4705e-19 +1.4568e-19 +1.4454e-19 +1.4362e-19 +1.4289e-19 +1.4236e-19 +1.4199e-19 +1.4178e-19 +1.4170e-19 +1.4175e-19 +1.4191e-19 +1.4217e-19 +1.4250e-19 +1.4290e-19 +1.4334e-19 +1.4382e-19 +1.4431e-19 +1.4481e-19 +1.4529e-19 +1.4575e-19 +1.4616e-19 +1.4652e-19 +1.4680e-19 +1.4699e-19 +1.4708e-19 +1.4705e-19 +1.4689e-19 +1.4657e-19 +1.4609e-19 +1.4543e-19 +1.4458e-19 +1.4351e-19 +1.4222e-19 +1.4069e-19 +1.3890e-19 +1.3684e-19 +1.3450e-19 +1.3185e-19 +1.2888e-19 +1.2559e-19 +1.2194e-19 +1.1794e-19 +1.1362e-19 +1.0917e-19 +1.0475e-19 +1.0054e-19 +9.6710e-20 +9.3446e-20 +9.0918e-20 +8.9114e-20 +8.7475e-20 +8.5345e-20 +8.2066e-20 +7.6991e-20 +7.0140e-20 +6.2718e-20 +5.6049e-20 +5.1184e-20 +4.7165e-20 +4.2136e-20 +3.5259e-20 +2.8350e-20 +2.3057e-20 +1.9047e-20 +1.5335e-20 +1.1103e-20 +7.5915e-21 +5.5812e-21 +3.1006e-21 +1.6713e-21 +7.2473e-22 +2.7561e-22 
+3.5481e+07 +7.4690e-20 +7.3989e-20 +7.3346e-20 +7.2760e-20 +7.2227e-20 +7.1744e-20 +7.1310e-20 +7.0920e-20 +7.0572e-20 +7.0263e-20 +6.9990e-20 +6.9752e-20 +6.9544e-20 +6.9364e-20 +6.9209e-20 +6.9076e-20 +6.8963e-20 +6.8867e-20 +6.8785e-20 +6.8713e-20 +6.8650e-20 +6.8593e-20 +6.8538e-20 +6.8483e-20 +6.8424e-20 +6.8360e-20 +6.8288e-20 +6.8204e-20 +6.8105e-20 +6.7990e-20 +6.7854e-20 +6.7696e-20 +6.7513e-20 +6.7301e-20 +6.7058e-20 +6.6781e-20 +6.6467e-20 +6.6113e-20 +6.5718e-20 +6.5276e-20 +6.4787e-20 +6.4247e-20 +6.3654e-20 +6.3003e-20 +6.2294e-20 +6.1522e-20 +6.0686e-20 +5.9781e-20 +5.8806e-20 +5.7758e-20 +5.6633e-20 +5.5430e-20 +5.4144e-20 +5.2772e-20 +5.1305e-20 +4.9734e-20 +4.8051e-20 +4.6247e-20 +4.4313e-20 +4.2242e-20 +4.0036e-20 +3.7736e-20 +3.5387e-20 +3.3035e-20 +3.0727e-20 +2.8499e-20 +2.6378e-20 +2.4387e-20 +2.2512e-20 +2.0462e-20 +1.7823e-20 +1.4629e-20 +1.2083e-20 +1.0831e-20 +9.1013e-21 +6.4828e-21 +4.6839e-21 +3.3792e-21 +2.2390e-21 +1.2519e-21 +7.6856e-22 +3.5319e-22 +1.2176e-22 
+4.4668e+07 +3.0289e-20 +3.0490e-20 +3.0678e-20 +3.0853e-20 +3.1014e-20 +3.1161e-20 +3.1294e-20 +3.1413e-20 +3.1518e-20 +3.1609e-20 +3.1685e-20 +3.1747e-20 +3.1795e-20 +3.1828e-20 +3.1846e-20 +3.1849e-20 +3.1837e-20 +3.1811e-20 +3.1769e-20 +3.1711e-20 +3.1639e-20 +3.1550e-20 +3.1446e-20 +3.1327e-20 +3.1191e-20 +3.1040e-20 +3.0872e-20 +3.0689e-20 +3.0489e-20 +3.0272e-20 +3.0039e-20 +2.9790e-20 +2.9524e-20 +2.9241e-20 +2.8941e-20 +2.8623e-20 +2.8289e-20 +2.7938e-20 +2.7569e-20 +2.7183e-20 +2.6779e-20 +2.6357e-20 +2.5917e-20 +2.5460e-20 +2.4985e-20 +2.4491e-20 +2.3979e-20 +2.3449e-20 +2.2900e-20 +2.2333e-20 +2.1747e-20 +2.1142e-20 +2.0519e-20 +1.9878e-20 +1.9225e-20 +1.8566e-20 +1.7905e-20 +1.7248e-20 +1.6600e-20 +1.5966e-20 +1.5350e-20 +1.4750e-20 +1.4163e-20 +1.3588e-20 +1.3020e-20 +1.2420e-20 +1.1678e-20 +1.0681e-20 +9.3490e-21 +7.8799e-21 +6.5926e-21 +5.6732e-21 +4.9622e-21 +4.2690e-21 +3.4865e-21 +2.6560e-21 +1.9463e-21 +1.3229e-21 +9.1119e-22 +5.9284e-22 +2.7368e-22 +1.5284e-22 +5.1681e-23 
+5.6234e+07 +1.3771e-20 +1.3887e-20 +1.3991e-20 +1.4083e-20 +1.4165e-20 +1.4236e-20 +1.4296e-20 +1.4346e-20 +1.4386e-20 +1.4416e-20 +1.4436e-20 +1.4446e-20 +1.4448e-20 +1.4440e-20 +1.4424e-20 +1.4399e-20 +1.4366e-20 +1.4325e-20 +1.4275e-20 +1.4219e-20 +1.4154e-20 +1.4083e-20 +1.4004e-20 +1.3919e-20 +1.3827e-20 +1.3729e-20 +1.3625e-20 +1.3514e-20 +1.3399e-20 +1.3277e-20 +1.3151e-20 +1.3019e-20 +1.2883e-20 +1.2743e-20 +1.2598e-20 +1.2448e-20 +1.2295e-20 +1.2139e-20 +1.1979e-20 +1.1816e-20 +1.1649e-20 +1.1481e-20 +1.1309e-20 +1.1135e-20 +1.0960e-20 +1.0782e-20 +1.0603e-20 +1.0422e-20 +1.0240e-20 +1.0057e-20 +9.8738e-21 +9.6897e-21 +9.5054e-21 +9.3184e-21 +9.1225e-21 +8.9109e-21 +8.6768e-21 +8.4137e-21 +8.1147e-21 +7.7732e-21 +7.3874e-21 +6.9699e-21 +6.5357e-21 +6.1000e-21 +5.6778e-21 +5.2699e-21 +4.8525e-21 +4.3992e-21 +3.8902e-21 +3.3563e-21 +2.8505e-21 +2.4232e-21 +2.1177e-21 +1.9084e-21 +1.5516e-21 +1.0820e-21 +8.3070e-22 +5.5241e-22 +4.0628e-22 +2.0763e-22 +1.3555e-22 +5.5144e-23 +1.9658e-23 
+7.0795e+07 +5.9506e-21 +6.0607e-21 +6.1609e-21 +6.2517e-21 +6.3332e-21 +6.4056e-21 +6.4692e-21 +6.5242e-21 +6.5708e-21 +6.6092e-21 +6.6398e-21 +6.6626e-21 +6.6780e-21 +6.6862e-21 +6.6873e-21 +6.6817e-21 +6.6695e-21 +6.6510e-21 +6.6263e-21 +6.5958e-21 +6.5596e-21 +6.5181e-21 +6.4713e-21 +6.4195e-21 +6.3631e-21 +6.3021e-21 +6.2368e-21 +6.1674e-21 +6.0943e-21 +6.0175e-21 +5.9373e-21 +5.8540e-21 +5.7678e-21 +5.6789e-21 +5.5875e-21 +5.4938e-21 +5.3982e-21 +5.3008e-21 +5.2018e-21 +5.1014e-21 +5.0000e-21 +4.8977e-21 +4.7947e-21 +4.6913e-21 +4.5877e-21 +4.4842e-21 +4.3809e-21 +4.2781e-21 +4.1759e-21 +4.0748e-21 +3.9748e-21 +3.8762e-21 +3.7792e-21 +3.6834e-21 +3.5875e-21 +3.4901e-21 +3.3898e-21 +3.2851e-21 +3.1746e-21 +3.0568e-21 +2.9301e-21 +2.7915e-21 +2.6380e-21 +2.4667e-21 +2.2746e-21 +2.0666e-21 +1.8618e-21 +1.6806e-21 +1.5381e-21 +1.4114e-21 +1.2603e-21 +1.0696e-21 +8.8888e-22 +7.4966e-22 +5.9021e-22 +4.2485e-22 +3.4463e-22 +2.3546e-22 +1.6293e-22 +7.8911e-23 +5.0195e-23 +1.9268e-23 +6.6738e-24 
+8.9125e+07 +2.5396e-21 +2.5204e-21 +2.5032e-21 +2.4878e-21 +2.4743e-21 +2.4624e-21 +2.4520e-21 +2.4431e-21 +2.4354e-21 +2.4290e-21 +2.4236e-21 +2.4192e-21 +2.4157e-21 +2.4128e-21 +2.4106e-21 +2.4088e-21 +2.4074e-21 +2.4062e-21 +2.4052e-21 +2.4042e-21 +2.4031e-21 +2.4017e-21 +2.4001e-21 +2.3979e-21 +2.3952e-21 +2.3918e-21 +2.3876e-21 +2.3825e-21 +2.3763e-21 +2.3689e-21 +2.3603e-21 +2.3502e-21 +2.3387e-21 +2.3255e-21 +2.3106e-21 +2.2938e-21 +2.2750e-21 +2.2541e-21 +2.2309e-21 +2.2055e-21 +2.1775e-21 +2.1470e-21 +2.1138e-21 +2.0778e-21 +2.0389e-21 +1.9969e-21 +1.9518e-21 +1.9034e-21 +1.8515e-21 +1.7962e-21 +1.7372e-21 +1.6745e-21 +1.6079e-21 +1.5383e-21 +1.4684e-21 +1.4007e-21 +1.3379e-21 +1.2828e-21 +1.2380e-21 +1.2062e-21 +1.1873e-21 +1.1734e-21 +1.1550e-21 +1.1227e-21 +1.0671e-21 +9.8575e-22 +8.8796e-22 +7.8433e-22 +6.8463e-22 +5.9229e-22 +5.0789e-22 +4.3145e-22 +3.6142e-22 +2.9710e-22 +2.4106e-22 +1.8995e-22 +1.3624e-22 +9.2810e-23 +6.2588e-23 +3.1785e-23 +1.7342e-23 +7.6437e-24 +3.1642e-24 
+1.1220e+08 +1.0649e-21 +1.0229e-21 +9.8438e-22 +9.4912e-22 +9.1701e-22 +8.8795e-22 +8.6181e-22 +8.3846e-22 +8.1780e-22 +7.9968e-22 +7.8400e-22 +7.7063e-22 +7.5945e-22 +7.5033e-22 +7.4316e-22 +7.3781e-22 +7.3415e-22 +7.3208e-22 +7.3146e-22 +7.3217e-22 +7.3410e-22 +7.3711e-22 +7.4109e-22 +7.4591e-22 +7.5146e-22 +7.5760e-22 +7.6423e-22 +7.7121e-22 +7.7843e-22 +7.8575e-22 +7.9307e-22 +8.0026e-22 +8.0719e-22 +8.1374e-22 +8.1980e-22 +8.2523e-22 +8.2992e-22 +8.3375e-22 +8.3659e-22 +8.3832e-22 +8.3882e-22 +8.3797e-22 +8.3564e-22 +8.3171e-22 +8.2607e-22 +8.1858e-22 +8.0913e-22 +7.9759e-22 +7.8384e-22 +7.6777e-22 +7.4924e-22 +7.2813e-22 +7.0434e-22 +6.7806e-22 +6.5003e-22 +6.2103e-22 +5.9185e-22 +5.6327e-22 +5.3606e-22 +5.1103e-22 +4.8845e-22 +4.6722e-22 +4.4598e-22 +4.2337e-22 +3.9803e-22 +3.6936e-22 +3.3806e-22 +3.0495e-22 +2.7079e-22 +2.3561e-22 +1.9917e-22 +1.6380e-22 +1.3850e-22 +1.2588e-22 +1.0419e-22 +7.3563e-23 +5.9651e-23 +4.1940e-23 +2.6478e-23 +1.3916e-23 +7.5176e-24 +3.1061e-24 +9.7760e-25 
+1.4125e+08 +4.2630e-22 +4.3252e-22 +4.3825e-22 +4.4350e-22 +4.4827e-22 +4.5258e-22 +4.5643e-22 +4.5982e-22 +4.6278e-22 +4.6530e-22 +4.6740e-22 +4.6908e-22 +4.7035e-22 +4.7122e-22 +4.7170e-22 +4.7179e-22 +4.7151e-22 +4.7085e-22 +4.6984e-22 +4.6847e-22 +4.6676e-22 +4.6471e-22 +4.6233e-22 +4.5964e-22 +4.5663e-22 +4.5332e-22 +4.4971e-22 +4.4581e-22 +4.4164e-22 +4.3719e-22 +4.3248e-22 +4.2751e-22 +4.2230e-22 +4.1685e-22 +4.1117e-22 +4.0526e-22 +3.9915e-22 +3.9282e-22 +3.8630e-22 +3.7958e-22 +3.7268e-22 +3.6561e-22 +3.5838e-22 +3.5098e-22 +3.4344e-22 +3.3575e-22 +3.2793e-22 +3.1999e-22 +3.1193e-22 +3.0376e-22 +2.9549e-22 +2.8712e-22 +2.7867e-22 +2.7012e-22 +2.6138e-22 +2.5240e-22 +2.4309e-22 +2.3339e-22 +2.2321e-22 +2.1249e-22 +2.0121e-22 +1.8948e-22 +1.7746e-22 +1.6531e-22 +1.5318e-22 +1.4118e-22 +1.2934e-22 +1.1771e-22 +1.0631e-22 +9.5271e-23 +8.4735e-23 +7.4234e-23 +6.1706e-23 +4.6877e-23 +3.6118e-23 +2.9459e-23 +1.9831e-23 +1.4182e-23 +1.0260e-23 +5.9097e-24 +3.1753e-24 +1.1736e-24 +4.8122e-25 
+1.7783e+08 +1.8460e-22 +1.8564e-22 +1.8658e-22 +1.8741e-22 +1.8815e-22 +1.8878e-22 +1.8932e-22 +1.8975e-22 +1.9009e-22 +1.9033e-22 +1.9047e-22 +1.9051e-22 +1.9046e-22 +1.9031e-22 +1.9007e-22 +1.8974e-22 +1.8931e-22 +1.8879e-22 +1.8817e-22 +1.8747e-22 +1.8667e-22 +1.8579e-22 +1.8481e-22 +1.8375e-22 +1.8260e-22 +1.8136e-22 +1.8003e-22 +1.7862e-22 +1.7712e-22 +1.7554e-22 +1.7387e-22 +1.7213e-22 +1.7029e-22 +1.6838e-22 +1.6638e-22 +1.6431e-22 +1.6215e-22 +1.5991e-22 +1.5760e-22 +1.5521e-22 +1.5274e-22 +1.5019e-22 +1.4757e-22 +1.4487e-22 +1.4209e-22 +1.3925e-22 +1.3632e-22 +1.3333e-22 +1.3026e-22 +1.2713e-22 +1.2392e-22 +1.2064e-22 +1.1729e-22 +1.1386e-22 +1.1034e-22 +1.0670e-22 +1.0292e-22 +9.8979e-23 +9.4856e-23 +9.0529e-23 +8.5996e-23 +8.1311e-23 +7.6535e-23 +7.1731e-23 +6.6961e-23 +6.2167e-23 +5.7083e-23 +5.1422e-23 +4.5029e-23 +3.8734e-23 +3.3809e-23 +3.0464e-23 +2.6153e-23 +1.9517e-23 +1.4522e-23 +1.2755e-23 +1.0780e-23 +5.9506e-24 +4.0059e-24 +2.4826e-24 +1.0710e-24 +6.5000e-25 +1.9319e-25 
+2.2387e+08 +8.1837e-23 +8.1995e-23 +8.2123e-23 +8.2221e-23 +8.2288e-23 +8.2324e-23 +8.2330e-23 +8.2305e-23 +8.2249e-23 +8.2162e-23 +8.2044e-23 +8.1895e-23 +8.1715e-23 +8.1503e-23 +8.1260e-23 +8.0986e-23 +8.0680e-23 +8.0342e-23 +7.9972e-23 +7.9571e-23 +7.9137e-23 +7.8672e-23 +7.8174e-23 +7.7644e-23 +7.7082e-23 +7.6487e-23 +7.5860e-23 +7.5200e-23 +7.4508e-23 +7.3782e-23 +7.3024e-23 +7.2233e-23 +7.1409e-23 +7.0551e-23 +6.9660e-23 +6.8736e-23 +6.7778e-23 +6.6787e-23 +6.5762e-23 +6.4704e-23 +6.3611e-23 +6.2485e-23 +6.1324e-23 +6.0130e-23 +5.8901e-23 +5.7638e-23 +5.6341e-23 +5.5009e-23 +5.3642e-23 +5.2241e-23 +5.0805e-23 +4.9334e-23 +4.7829e-23 +4.6292e-23 +4.4735e-23 +4.3167e-23 +4.1601e-23 +4.0047e-23 +3.8515e-23 +3.7017e-23 +3.5536e-23 +3.3978e-23 +3.2231e-23 +3.0188e-23 +2.7741e-23 +2.4923e-23 +2.2019e-23 +1.9338e-23 +1.7134e-23 +1.5244e-23 +1.3318e-23 +1.1229e-23 +9.4219e-24 +8.1635e-24 +6.8238e-24 +5.1410e-24 +3.5753e-24 +2.3589e-24 +1.5587e-24 +8.4598e-25 +3.9170e-25 +2.1113e-25 +8.3452e-26 
+2.8184e+08 +3.3350e-23 +3.2421e-23 +3.1568e-23 +3.0786e-23 +3.0074e-23 +2.9428e-23 +2.8846e-23 +2.8324e-23 +2.7861e-23 +2.7452e-23 +2.7096e-23 +2.6789e-23 +2.6529e-23 +2.6312e-23 +2.6137e-23 +2.5999e-23 +2.5896e-23 +2.5826e-23 +2.5785e-23 +2.5771e-23 +2.5781e-23 +2.5812e-23 +2.5861e-23 +2.5925e-23 +2.6001e-23 +2.6087e-23 +2.6180e-23 +2.6277e-23 +2.6375e-23 +2.6471e-23 +2.6562e-23 +2.6646e-23 +2.6720e-23 +2.6781e-23 +2.6825e-23 +2.6851e-23 +2.6855e-23 +2.6834e-23 +2.6787e-23 +2.6709e-23 +2.6598e-23 +2.6451e-23 +2.6265e-23 +2.6038e-23 +2.5766e-23 +2.5447e-23 +2.5078e-23 +2.4656e-23 +2.4179e-23 +2.3642e-23 +2.3044e-23 +2.2382e-23 +2.1653e-23 +2.0860e-23 +2.0015e-23 +1.9132e-23 +1.8225e-23 +1.7305e-23 +1.6388e-23 +1.5486e-23 +1.4610e-23 +1.3764e-23 +1.2951e-23 +1.2174e-23 +1.1434e-23 +1.0712e-23 +9.9406e-24 +9.0521e-24 +7.9989e-24 +6.8955e-24 +5.9285e-24 +5.1609e-24 +4.3336e-24 +3.3174e-24 +2.5743e-24 +2.0787e-24 +1.2959e-24 +9.5155e-25 +6.7236e-25 +3.6181e-25 +2.4601e-25 +8.7836e-26 +3.6058e-26 
+3.5481e+08 +1.5123e-23 +1.5470e-23 +1.5782e-23 +1.6060e-23 +1.6305e-23 +1.6518e-23 +1.6700e-23 +1.6852e-23 +1.6975e-23 +1.7070e-23 +1.7138e-23 +1.7179e-23 +1.7195e-23 +1.7187e-23 +1.7156e-23 +1.7103e-23 +1.7028e-23 +1.6933e-23 +1.6819e-23 +1.6686e-23 +1.6536e-23 +1.6370e-23 +1.6188e-23 +1.5991e-23 +1.5781e-23 +1.5559e-23 +1.5325e-23 +1.5080e-23 +1.4826e-23 +1.4563e-23 +1.4293e-23 +1.4016e-23 +1.3733e-23 +1.3446e-23 +1.3155e-23 +1.2861e-23 +1.2565e-23 +1.2268e-23 +1.1972e-23 +1.1677e-23 +1.1383e-23 +1.1093e-23 +1.0807e-23 +1.0526e-23 +1.0251e-23 +9.9830e-24 +9.7229e-24 +9.4718e-24 +9.2305e-24 +9.0001e-24 +8.7816e-24 +8.5759e-24 +8.3839e-24 +8.2028e-24 +8.0234e-24 +7.8363e-24 +7.6316e-24 +7.3998e-24 +7.1312e-24 +6.8162e-24 +6.4486e-24 +6.0325e-24 +5.5733e-24 +5.0770e-24 +4.5494e-24 +4.0146e-24 +3.5282e-24 +3.1493e-24 +2.9193e-24 +2.7479e-24 +2.4863e-24 +2.0722e-24 +1.6691e-24 +1.3963e-24 +1.1095e-24 +7.7624e-25 +5.5216e-25 +4.0015e-25 +2.5056e-25 +1.5540e-25 +7.9025e-26 +4.4934e-26 +1.4870e-26 
+4.4668e+08 +6.1212e-24 +5.9342e-24 +5.7624e-24 +5.6052e-24 +5.4620e-24 +5.3323e-24 +5.2154e-24 +5.1109e-24 +5.0181e-24 +4.9364e-24 +4.8653e-24 +4.8042e-24 +4.7526e-24 +4.7099e-24 +4.6754e-24 +4.6487e-24 +4.6292e-24 +4.6162e-24 +4.6093e-24 +4.6078e-24 +4.6111e-24 +4.6188e-24 +4.6302e-24 +4.6448e-24 +4.6619e-24 +4.6811e-24 +4.7017e-24 +4.7232e-24 +4.7450e-24 +4.7666e-24 +4.7873e-24 +4.8066e-24 +4.8239e-24 +4.8386e-24 +4.8502e-24 +4.8582e-24 +4.8618e-24 +4.8607e-24 +4.8541e-24 +4.8415e-24 +4.8224e-24 +4.7962e-24 +4.7622e-24 +4.7200e-24 +4.6690e-24 +4.6085e-24 +4.5381e-24 +4.4571e-24 +4.3650e-24 +4.2612e-24 +4.1452e-24 +4.0163e-24 +3.8740e-24 +3.7189e-24 +3.5537e-24 +3.3810e-24 +3.2035e-24 +3.0241e-24 +2.8454e-24 +2.6701e-24 +2.5005e-24 +2.3366e-24 +2.1785e-24 +2.0261e-24 +1.8792e-24 +1.7353e-24 +1.5879e-24 +1.4297e-24 +1.2562e-24 +1.0806e-24 +9.2425e-25 +7.9981e-25 +6.9726e-25 +5.9796e-25 +4.6761e-25 +3.2124e-25 +2.2766e-25 +1.6930e-25 +1.0301e-25 +6.5795e-26 +3.3575e-26 +1.8580e-26 +6.5452e-27 
+5.6234e+08 +2.7290e-24 +2.7610e-24 +2.7896e-24 +2.8150e-24 +2.8372e-24 +2.8563e-24 +2.8723e-24 +2.8854e-24 +2.8956e-24 +2.9029e-24 +2.9074e-24 +2.9093e-24 +2.9085e-24 +2.9052e-24 +2.8994e-24 +2.8912e-24 +2.8807e-24 +2.8679e-24 +2.8528e-24 +2.8357e-24 +2.8165e-24 +2.7953e-24 +2.7722e-24 +2.7472e-24 +2.7205e-24 +2.6920e-24 +2.6619e-24 +2.6303e-24 +2.5971e-24 +2.5625e-24 +2.5266e-24 +2.4894e-24 +2.4509e-24 +2.4113e-24 +2.3707e-24 +2.3290e-24 +2.2864e-24 +2.2430e-24 +2.1987e-24 +2.1537e-24 +2.1081e-24 +2.0619e-24 +2.0152e-24 +1.9680e-24 +1.9205e-24 +1.8726e-24 +1.8246e-24 +1.7764e-24 +1.7280e-24 +1.6797e-24 +1.6314e-24 +1.5833e-24 +1.5353e-24 +1.4872e-24 +1.4379e-24 +1.3865e-24 +1.3319e-24 +1.2730e-24 +1.2088e-24 +1.1383e-24 +1.0617e-24 +9.8233e-25 +9.0454e-25 +8.3245e-25 +7.7018e-25 +7.1678e-25 +6.6243e-25 +5.9638e-25 +5.1098e-25 +4.2131e-25 +3.5264e-25 +3.1729e-25 +2.9393e-25 +2.5692e-25 +1.8521e-25 +1.1367e-25 +1.0925e-25 +7.5075e-26 +4.9177e-26 +2.7571e-26 +1.7590e-26 +6.7912e-27 +2.6684e-27 
+7.0795e+08 +1.1338e-24 +1.1845e-24 +1.2304e-24 +1.2718e-24 +1.3088e-24 +1.3415e-24 +1.3701e-24 +1.3946e-24 +1.4153e-24 +1.4323e-24 +1.4457e-24 +1.4557e-24 +1.4624e-24 +1.4659e-24 +1.4664e-24 +1.4640e-24 +1.4588e-24 +1.4511e-24 +1.4409e-24 +1.4284e-24 +1.4137e-24 +1.3970e-24 +1.3784e-24 +1.3580e-24 +1.3360e-24 +1.3125e-24 +1.2877e-24 +1.2616e-24 +1.2346e-24 +1.2065e-24 +1.1778e-24 +1.1483e-24 +1.1184e-24 +1.0881e-24 +1.0576e-24 +1.0270e-24 +9.9649e-25 +9.6617e-25 +9.3618e-25 +9.0667e-25 +8.7778e-25 +8.4965e-25 +8.2241e-25 +7.9622e-25 +7.7121e-25 +7.4752e-25 +7.2528e-25 +7.0465e-25 +6.8575e-25 +6.6873e-25 +6.5374e-25 +6.4090e-25 +6.3035e-25 +6.2169e-25 +6.1368e-25 +6.0497e-25 +5.9424e-25 +5.8015e-25 +5.6136e-25 +5.3655e-25 +5.0520e-25 +4.6917e-25 +4.3073e-25 +3.9218e-25 +3.5578e-25 +3.2250e-25 +2.9108e-25 +2.6000e-25 +2.2805e-25 +1.9637e-25 +1.6711e-25 +1.4161e-25 +1.1908e-25 +9.8575e-26 +7.9699e-26 +6.2016e-26 +4.5034e-26 +2.9927e-26 +2.1509e-26 +1.0936e-26 +6.5210e-27 +2.7943e-27 +1.2067e-27 
+8.9125e+08 +4.9056e-25 +4.9018e-25 +4.8975e-25 +4.8928e-25 +4.8875e-25 +4.8817e-25 +4.8751e-25 +4.8678e-25 +4.8598e-25 +4.8508e-25 +4.8409e-25 +4.8300e-25 +4.8181e-25 +4.8050e-25 +4.7907e-25 +4.7752e-25 +4.7583e-25 +4.7401e-25 +4.7204e-25 +4.6992e-25 +4.6764e-25 +4.6519e-25 +4.6257e-25 +4.5978e-25 +4.5680e-25 +4.5363e-25 +4.5026e-25 +4.4668e-25 +4.4290e-25 +4.3890e-25 +4.3468e-25 +4.3022e-25 +4.2553e-25 +4.2059e-25 +4.1541e-25 +4.0997e-25 +4.0426e-25 +3.9829e-25 +3.9204e-25 +3.8551e-25 +3.7869e-25 +3.7158e-25 +3.6416e-25 +3.5643e-25 +3.4839e-25 +3.4003e-25 +3.3134e-25 +3.2231e-25 +3.1295e-25 +3.0323e-25 +2.9316e-25 +2.8273e-25 +2.7194e-25 +2.6081e-25 +2.4944e-25 +2.3794e-25 +2.2641e-25 +2.1494e-25 +2.0364e-25 +1.9262e-25 +1.8191e-25 +1.7138e-25 +1.6088e-25 +1.5024e-25 +1.3931e-25 +1.2809e-25 +1.1688e-25 +1.0602e-25 +9.5749e-26 +8.5581e-26 +7.4728e-26 +6.2767e-26 +5.0244e-26 +3.8741e-26 +3.2619e-26 +2.9071e-26 +1.9309e-26 +1.2902e-26 +8.2482e-27 +5.6583e-27 +2.7911e-27 +1.4782e-27 +6.0120e-28 
+1.1220e+09 +2.3396e-25 +2.3291e-25 +2.3190e-25 +2.3091e-25 +2.2995e-25 +2.2900e-25 +2.2807e-25 +2.2715e-25 +2.2623e-25 +2.2532e-25 +2.2440e-25 +2.2347e-25 +2.2253e-25 +2.2157e-25 +2.2059e-25 +2.1959e-25 +2.1855e-25 +2.1748e-25 +2.1637e-25 +2.1522e-25 +2.1401e-25 +2.1276e-25 +2.1144e-25 +2.1007e-25 +2.0862e-25 +2.0711e-25 +2.0552e-25 +2.0386e-25 +2.0210e-25 +2.0026e-25 +1.9833e-25 +1.9630e-25 +1.9417e-25 +1.9193e-25 +1.8957e-25 +1.8711e-25 +1.8452e-25 +1.8181e-25 +1.7897e-25 +1.7600e-25 +1.7289e-25 +1.6964e-25 +1.6624e-25 +1.6269e-25 +1.5898e-25 +1.5512e-25 +1.5109e-25 +1.4689e-25 +1.4252e-25 +1.3796e-25 +1.3323e-25 +1.2831e-25 +1.2320e-25 +1.1792e-25 +1.1250e-25 +1.0702e-25 +1.0151e-25 +9.6035e-26 +9.0641e-26 +8.5381e-26 +8.0293e-26 +7.5373e-26 +7.0609e-26 +6.5989e-26 +6.1500e-26 +5.7081e-26 +5.2578e-26 +4.7831e-26 +4.2739e-26 +3.7665e-26 +3.3177e-26 +2.9381e-26 +2.5189e-26 +1.9917e-26 +1.4850e-26 +1.1129e-26 +8.6110e-27 +5.6272e-27 +4.0186e-27 +2.3744e-27 +1.4410e-27 +6.3866e-28 +2.7927e-28 
+1.4125e+09 +1.0156e-25 +1.0244e-25 +1.0323e-25 +1.0393e-25 +1.0453e-25 +1.0505e-25 +1.0547e-25 +1.0580e-25 +1.0605e-25 +1.0621e-25 +1.0629e-25 +1.0628e-25 +1.0620e-25 +1.0603e-25 +1.0579e-25 +1.0546e-25 +1.0507e-25 +1.0460e-25 +1.0405e-25 +1.0344e-25 +1.0275e-25 +1.0200e-25 +1.0118e-25 +1.0029e-25 +9.9341e-26 +9.8328e-26 +9.7254e-26 +9.6121e-26 +9.4929e-26 +9.3680e-26 +9.2376e-26 +9.1018e-26 +8.9608e-26 +8.8146e-26 +8.6635e-26 +8.5076e-26 +8.3469e-26 +8.1818e-26 +8.0122e-26 +7.8384e-26 +7.6605e-26 +7.4787e-26 +7.2930e-26 +7.1036e-26 +6.9108e-26 +6.7145e-26 +6.5150e-26 +6.3124e-26 +6.1068e-26 +5.8985e-26 +5.6875e-26 +5.4739e-26 +5.2580e-26 +5.0410e-26 +4.8257e-26 +4.6154e-26 +4.4130e-26 +4.2218e-26 +4.0448e-26 +3.8850e-26 +3.7406e-26 +3.5949e-26 +3.4286e-26 +3.2225e-26 +2.9575e-26 +2.6349e-26 +2.2924e-26 +1.9709e-26 +1.7060e-26 +1.4922e-26 +1.3056e-26 +1.1300e-26 +9.6991e-27 +8.2426e-27 +6.6454e-27 +4.9247e-27 +3.5267e-27 +2.5473e-27 +1.8274e-27 +1.1820e-27 +5.9531e-28 +2.9447e-28 +1.0342e-28 
+1.7783e+09 +4.5886e-26 +4.4693e-26 +4.3591e-26 +4.2577e-26 +4.1647e-26 +4.0798e-26 +4.0025e-26 +3.9326e-26 +3.8697e-26 +3.8134e-26 +3.7634e-26 +3.7194e-26 +3.6808e-26 +3.6475e-26 +3.6191e-26 +3.5951e-26 +3.5752e-26 +3.5592e-26 +3.5466e-26 +3.5370e-26 +3.5301e-26 +3.5257e-26 +3.5232e-26 +3.5223e-26 +3.5227e-26 +3.5241e-26 +3.5260e-26 +3.5282e-26 +3.5302e-26 +3.5318e-26 +3.5324e-26 +3.5319e-26 +3.5298e-26 +3.5258e-26 +3.5195e-26 +3.5106e-26 +3.4987e-26 +3.4834e-26 +3.4644e-26 +3.4414e-26 +3.4140e-26 +3.3818e-26 +3.3445e-26 +3.3017e-26 +3.2530e-26 +3.1982e-26 +3.1368e-26 +3.0685e-26 +2.9929e-26 +2.9097e-26 +2.8186e-26 +2.7191e-26 +2.6109e-26 +2.4949e-26 +2.3734e-26 +2.2493e-26 +2.1254e-26 +2.0042e-26 +1.8885e-26 +1.7810e-26 +1.6825e-26 +1.5879e-26 +1.4910e-26 +1.3858e-26 +1.2663e-26 +1.1344e-26 +1.0058e-26 +8.9779e-27 +8.2285e-27 +7.5818e-27 +6.6522e-27 +5.3268e-27 +4.2005e-27 +3.6730e-27 +3.1297e-27 +2.3223e-27 +1.6895e-27 +1.1856e-27 +8.2501e-28 +4.5812e-28 +2.4845e-28 +1.3075e-28 +5.6250e-29 
+2.2387e+09 +2.1420e-26 +2.1539e-26 +2.1642e-26 +2.1730e-26 +2.1803e-26 +2.1860e-26 +2.1902e-26 +2.1930e-26 +2.1943e-26 +2.1942e-26 +2.1928e-26 +2.1899e-26 +2.1857e-26 +2.1802e-26 +2.1733e-26 +2.1652e-26 +2.1559e-26 +2.1453e-26 +2.1335e-26 +2.1205e-26 +2.1064e-26 +2.0911e-26 +2.0747e-26 +2.0573e-26 +2.0388e-26 +2.0192e-26 +1.9986e-26 +1.9771e-26 +1.9546e-26 +1.9311e-26 +1.9067e-26 +1.8814e-26 +1.8553e-26 +1.8283e-26 +1.8005e-26 +1.7719e-26 +1.7425e-26 +1.7123e-26 +1.6815e-26 +1.6499e-26 +1.6177e-26 +1.5847e-26 +1.5512e-26 +1.5171e-26 +1.4823e-26 +1.4471e-26 +1.4112e-26 +1.3749e-26 +1.3381e-26 +1.3008e-26 +1.2631e-26 +1.2249e-26 +1.1864e-26 +1.1473e-26 +1.1073e-26 +1.0659e-26 +1.0226e-26 +9.7697e-27 +9.2864e-27 +8.7712e-27 +8.2240e-27 +7.6572e-27 +7.0855e-27 +6.5236e-27 +5.9859e-27 +5.4772e-27 +4.9846e-27 +4.4935e-27 +3.9915e-27 +3.4826e-27 +2.9779e-27 +2.4942e-27 +2.0623e-27 +1.7036e-27 +1.4014e-27 +1.1247e-27 +8.5475e-28 +6.3485e-28 +3.6599e-28 +2.2722e-28 +1.1743e-28 +6.3421e-29 +2.4088e-29 
+2.8184e+09 +9.3084e-27 +9.4843e-27 +9.6427e-27 +9.7841e-27 +9.9087e-27 +1.0017e-26 +1.0110e-26 +1.0187e-26 +1.0250e-26 +1.0298e-26 +1.0332e-26 +1.0353e-26 +1.0361e-26 +1.0356e-26 +1.0339e-26 +1.0310e-26 +1.0270e-26 +1.0219e-26 +1.0158e-26 +1.0087e-26 +1.0006e-26 +9.9164e-27 +9.8182e-27 +9.7118e-27 +9.5977e-27 +9.4764e-27 +9.3483e-27 +9.2139e-27 +9.0735e-27 +8.9278e-27 +8.7770e-27 +8.6217e-27 +8.4622e-27 +8.2992e-27 +8.1329e-27 +7.9638e-27 +7.7924e-27 +7.6192e-27 +7.4446e-27 +7.2690e-27 +7.0928e-27 +6.9166e-27 +6.7408e-27 +6.5658e-27 +6.3920e-27 +6.2200e-27 +6.0501e-27 +5.8829e-27 +5.7187e-27 +5.5580e-27 +5.4013e-27 +5.2489e-27 +5.1014e-27 +4.9575e-27 +4.8133e-27 +4.6647e-27 +4.5076e-27 +4.3377e-27 +4.1509e-27 +3.9432e-27 +3.7134e-27 +3.4690e-27 +3.2191e-27 +2.9728e-27 +2.7391e-27 +2.5187e-27 +2.2980e-27 +2.0618e-27 +1.7985e-27 +1.5237e-27 +1.2648e-27 +1.0494e-27 +9.0436e-28 +8.2714e-28 +7.1827e-28 +5.2829e-28 +3.2698e-28 +2.4114e-28 +1.8308e-28 +1.1428e-28 +6.3625e-29 +2.9554e-29 +9.5397e-30 
+3.5481e+09 +4.6694e-27 +4.7379e-27 +4.7994e-27 +4.8539e-27 +4.9017e-27 +4.9428e-27 +4.9775e-27 +5.0059e-27 +5.0282e-27 +5.0445e-27 +5.0550e-27 +5.0599e-27 +5.0593e-27 +5.0533e-27 +5.0422e-27 +5.0262e-27 +5.0052e-27 +4.9797e-27 +4.9496e-27 +4.9152e-27 +4.8765e-27 +4.8339e-27 +4.7874e-27 +4.7373e-27 +4.6835e-27 +4.6265e-27 +4.5662e-27 +4.5028e-27 +4.4366e-27 +4.3677e-27 +4.2962e-27 +4.2223e-27 +4.1461e-27 +4.0679e-27 +3.9878e-27 +3.9060e-27 +3.8225e-27 +3.7376e-27 +3.6515e-27 +3.5643e-27 +3.4761e-27 +3.3872e-27 +3.2976e-27 +3.2076e-27 +3.1173e-27 +3.0269e-27 +2.9365e-27 +2.8463e-27 +2.7565e-27 +2.6672e-27 +2.5786e-27 +2.4908e-27 +2.4041e-27 +2.3181e-27 +2.2319e-27 +2.1445e-27 +2.0551e-27 +1.9625e-27 +1.8658e-27 +1.7641e-27 +1.6575e-27 +1.5498e-27 +1.4454e-27 +1.3486e-27 +1.2638e-27 +1.1888e-27 +1.1103e-27 +1.0137e-27 +8.8833e-28 +7.5252e-28 +6.3738e-28 +5.5628e-28 +4.7634e-28 +3.7622e-28 +2.9658e-28 +2.4013e-28 +1.6354e-28 +1.1662e-28 +7.9932e-29 +5.1044e-29 +2.6385e-29 +1.4282e-29 +4.1125e-30 
+4.4668e+09 +2.0845e-27 +2.0370e-27 +1.9931e-27 +1.9529e-27 +1.9160e-27 +1.8825e-27 +1.8521e-27 +1.8247e-27 +1.8002e-27 +1.7783e-27 +1.7590e-27 +1.7421e-27 +1.7275e-27 +1.7149e-27 +1.7043e-27 +1.6955e-27 +1.6883e-27 +1.6827e-27 +1.6784e-27 +1.6753e-27 +1.6733e-27 +1.6722e-27 +1.6718e-27 +1.6720e-27 +1.6728e-27 +1.6738e-27 +1.6750e-27 +1.6762e-27 +1.6772e-27 +1.6780e-27 +1.6784e-27 +1.6782e-27 +1.6772e-27 +1.6754e-27 +1.6725e-27 +1.6685e-27 +1.6631e-27 +1.6563e-27 +1.6478e-27 +1.6376e-27 +1.6255e-27 +1.6113e-27 +1.5948e-27 +1.5760e-27 +1.5547e-27 +1.5307e-27 +1.5040e-27 +1.4742e-27 +1.4413e-27 +1.4052e-27 +1.3657e-27 +1.3226e-27 +1.2758e-27 +1.2254e-27 +1.1721e-27 +1.1163e-27 +1.0588e-27 +1.0001e-27 +9.4094e-28 +8.8181e-28 +8.2332e-28 +7.6580e-28 +7.0959e-28 +6.5500e-28 +6.0236e-28 +5.5202e-28 +5.0434e-28 +4.5972e-28 +4.1800e-28 +3.7504e-28 +3.2487e-28 +2.6741e-28 +2.1766e-28 +1.8541e-28 +1.5526e-28 +1.1910e-28 +8.6270e-29 +6.2855e-29 +4.0034e-29 +2.4050e-29 +1.3343e-29 +5.2909e-30 +1.7612e-30 
+5.6234e+09 +1.1049e-27 +1.1009e-27 +1.0968e-27 +1.0926e-27 +1.0883e-27 +1.0839e-27 +1.0793e-27 +1.0747e-27 +1.0699e-27 +1.0649e-27 +1.0598e-27 +1.0545e-27 +1.0490e-27 +1.0434e-27 +1.0375e-27 +1.0315e-27 +1.0252e-27 +1.0187e-27 +1.0119e-27 +1.0049e-27 +9.9766e-28 +9.9013e-28 +9.8232e-28 +9.7423e-28 +9.6584e-28 +9.5714e-28 +9.4812e-28 +9.3878e-28 +9.2910e-28 +9.1907e-28 +9.0868e-28 +8.9793e-28 +8.8680e-28 +8.7528e-28 +8.6336e-28 +8.5104e-28 +8.3830e-28 +8.2514e-28 +8.1154e-28 +7.9749e-28 +7.8299e-28 +7.6802e-28 +7.5258e-28 +7.3665e-28 +7.2022e-28 +7.0329e-28 +6.8584e-28 +6.6787e-28 +6.4937e-28 +6.3032e-28 +6.1071e-28 +5.9054e-28 +5.6980e-28 +5.4850e-28 +5.2673e-28 +5.0456e-28 +4.8206e-28 +4.5933e-28 +4.3643e-28 +4.1344e-28 +3.9041e-28 +3.6727e-28 +3.4392e-28 +3.2028e-28 +2.9626e-28 +2.7165e-28 +2.4603e-28 +2.1898e-28 +1.9049e-28 +1.6391e-28 +1.4403e-28 +1.3111e-28 +1.1362e-28 +8.5964e-29 +6.7968e-29 +6.0047e-29 +3.9708e-29 +2.8051e-29 +1.6711e-29 +1.2084e-29 +5.2560e-30 +2.4595e-30 +7.9413e-31 
+7.0795e+09 +4.8960e-28 +4.9798e-28 +5.0552e-28 +5.1224e-28 +5.1817e-28 +5.2331e-28 +5.2770e-28 +5.3135e-28 +5.3428e-28 +5.3651e-28 +5.3807e-28 +5.3897e-28 +5.3923e-28 +5.3888e-28 +5.3792e-28 +5.3639e-28 +5.3431e-28 +5.3169e-28 +5.2855e-28 +5.2491e-28 +5.2080e-28 +5.1624e-28 +5.1124e-28 +5.0582e-28 +5.0001e-28 +4.9382e-28 +4.8728e-28 +4.8040e-28 +4.7321e-28 +4.6573e-28 +4.5797e-28 +4.4995e-28 +4.4170e-28 +4.3324e-28 +4.2459e-28 +4.1576e-28 +4.0678e-28 +3.9766e-28 +3.8844e-28 +3.7911e-28 +3.6972e-28 +3.6028e-28 +3.5080e-28 +3.4131e-28 +3.3183e-28 +3.2238e-28 +3.1297e-28 +3.0364e-28 +2.9439e-28 +2.8525e-28 +2.7624e-28 +2.6738e-28 +2.5869e-28 +2.5019e-28 +2.4191e-28 +2.3385e-28 +2.2605e-28 +2.1852e-28 +2.1129e-28 +2.0437e-28 +1.9760e-28 +1.9022e-28 +1.8138e-28 +1.7024e-28 +1.5596e-28 +1.3882e-28 +1.2107e-28 +1.0515e-28 +9.3037e-29 +8.3303e-29 +7.2974e-29 +6.0725e-29 +4.9521e-29 +4.1413e-29 +3.3208e-29 +2.4003e-29 +1.7010e-29 +1.2549e-29 +8.4697e-30 +4.6275e-30 +1.8232e-30 +8.9713e-31 +1.8605e-31 
+8.9125e+09 +2.5621e-28 +2.5501e-28 +2.5380e-28 +2.5258e-28 +2.5135e-28 +2.5011e-28 +2.4885e-28 +2.4758e-28 +2.4628e-28 +2.4497e-28 +2.4363e-28 +2.4227e-28 +2.4088e-28 +2.3946e-28 +2.3801e-28 +2.3652e-28 +2.3500e-28 +2.3344e-28 +2.3185e-28 +2.3021e-28 +2.2853e-28 +2.2680e-28 +2.2502e-28 +2.2320e-28 +2.2132e-28 +2.1939e-28 +2.1741e-28 +2.1536e-28 +2.1326e-28 +2.1109e-28 +2.0886e-28 +2.0656e-28 +2.0420e-28 +2.0177e-28 +1.9926e-28 +1.9668e-28 +1.9402e-28 +1.9129e-28 +1.8847e-28 +1.8557e-28 +1.8259e-28 +1.7952e-28 +1.7637e-28 +1.7312e-28 +1.6978e-28 +1.6635e-28 +1.6282e-28 +1.5919e-28 +1.5546e-28 +1.5162e-28 +1.4768e-28 +1.4364e-28 +1.3949e-28 +1.3520e-28 +1.3071e-28 +1.2595e-28 +1.2086e-28 +1.1535e-28 +1.0938e-28 +1.0286e-28 +9.5805e-29 +8.8401e-29 +8.0885e-29 +7.3489e-29 +6.6445e-29 +5.9953e-29 +5.4149e-29 +4.9166e-29 +4.5005e-29 +4.0701e-29 +3.4857e-29 +2.7306e-29 +2.1071e-29 +1.8027e-29 +1.4616e-29 +1.0117e-29 +7.9257e-30 +5.7597e-30 +3.5199e-30 +2.0351e-30 +7.5687e-31 +2.4787e-31 +1.4994e-32 
+1.1220e+10 +1.2162e-28 +1.2081e-28 +1.2006e-28 +1.1934e-28 +1.1868e-28 +1.1805e-28 +1.1745e-28 +1.1689e-28 +1.1636e-28 +1.1585e-28 +1.1536e-28 +1.1488e-28 +1.1442e-28 +1.1397e-28 +1.1352e-28 +1.1308e-28 +1.1263e-28 +1.1218e-28 +1.1171e-28 +1.1123e-28 +1.1074e-28 +1.1022e-28 +1.0968e-28 +1.0911e-28 +1.0851e-28 +1.0787e-28 +1.0720e-28 +1.0647e-28 +1.0570e-28 +1.0488e-28 +1.0401e-28 +1.0307e-28 +1.0207e-28 +1.0101e-28 +9.9874e-29 +9.8665e-29 +9.7379e-29 +9.6011e-29 +9.4558e-29 +9.3016e-29 +9.1381e-29 +8.9649e-29 +8.7817e-29 +8.5881e-29 +8.3837e-29 +8.1681e-29 +7.9410e-29 +7.7020e-29 +7.4507e-29 +7.1866e-29 +6.9096e-29 +6.6191e-29 +6.3148e-29 +5.9989e-29 +5.6778e-29 +5.3579e-29 +5.0461e-29 +4.7489e-29 +4.4731e-29 +4.2252e-29 +4.0072e-29 +3.8073e-29 +3.6115e-29 +3.4054e-29 +3.1751e-29 +2.9144e-29 +2.6310e-29 +2.3342e-29 +2.0340e-29 +1.7477e-29 +1.4954e-29 +1.2921e-29 +1.1386e-29 +1.0082e-29 +7.9282e-30 +5.2366e-30 +3.7761e-30 +2.4321e-30 +1.1213e-30 +8.9036e-31 +2.3307e-31 +6.8783e-32 +3.2050e-33 
+1.4125e+10 +6.1390e-29 +6.2216e-29 +6.2945e-29 +6.3579e-29 +6.4120e-29 +6.4571e-29 +6.4934e-29 +6.5212e-29 +6.5407e-29 +6.5523e-29 +6.5560e-29 +6.5522e-29 +6.5412e-29 +6.5232e-29 +6.4984e-29 +6.4670e-29 +6.4295e-29 +6.3859e-29 +6.3365e-29 +6.2817e-29 +6.2216e-29 +6.1564e-29 +6.0866e-29 +6.0122e-29 +5.9336e-29 +5.8509e-29 +5.7645e-29 +5.6746e-29 +5.5815e-29 +5.4853e-29 +5.3865e-29 +5.2851e-29 +5.1814e-29 +5.0758e-29 +4.9684e-29 +4.8595e-29 +4.7494e-29 +4.6383e-29 +4.5265e-29 +4.4141e-29 +4.3015e-29 +4.1890e-29 +4.0766e-29 +3.9648e-29 +3.8538e-29 +3.7438e-29 +3.6350e-29 +3.5278e-29 +3.4223e-29 +3.3188e-29 +3.2176e-29 +3.1190e-29 +3.0231e-29 +2.9293e-29 +2.8355e-29 +2.7396e-29 +2.6395e-29 +2.5328e-29 +2.4174e-29 +2.2911e-29 +2.1525e-29 +2.0024e-29 +1.8421e-29 +1.6728e-29 +1.4957e-29 +1.3169e-29 +1.1503e-29 +1.0110e-29 +9.1009e-30 +8.3055e-30 +7.4281e-30 +6.3065e-30 +5.1257e-30 +4.0748e-30 +3.1717e-30 +2.4200e-30 +1.7638e-30 +9.1682e-31 +4.6207e-31 +2.0053e-31 +5.9375e-32 +9.4865e-33 +2.2807e-34 
+1.7783e+10 +2.6334e-29 +2.5961e-29 +2.5613e-29 +2.5289e-29 +2.4988e-29 +2.4709e-29 +2.4451e-29 +2.4211e-29 +2.3990e-29 +2.3786e-29 +2.3598e-29 +2.3424e-29 +2.3264e-29 +2.3116e-29 +2.2980e-29 +2.2854e-29 +2.2736e-29 +2.2626e-29 +2.2523e-29 +2.2425e-29 +2.2332e-29 +2.2242e-29 +2.2153e-29 +2.2065e-29 +2.1977e-29 +2.1887e-29 +2.1795e-29 +2.1699e-29 +2.1597e-29 +2.1490e-29 +2.1375e-29 +2.1251e-29 +2.1118e-29 +2.0974e-29 +2.0818e-29 +2.0649e-29 +2.0465e-29 +2.0266e-29 +2.0050e-29 +1.9816e-29 +1.9564e-29 +1.9291e-29 +1.8997e-29 +1.8680e-29 +1.8340e-29 +1.7975e-29 +1.7584e-29 +1.7166e-29 +1.6719e-29 +1.6243e-29 +1.5737e-29 +1.5199e-29 +1.4627e-29 +1.4025e-29 +1.3399e-29 +1.2756e-29 +1.2104e-29 +1.1450e-29 +1.0802e-29 +1.0166e-29 +9.5498e-30 +8.9537e-30 +8.3791e-30 +7.8269e-30 +7.2979e-30 +6.7767e-30 +6.2196e-30 +5.5802e-30 +4.8266e-30 +4.0374e-30 +3.3403e-30 +2.7922e-30 +2.2659e-30 +1.6800e-30 +1.2008e-30 +8.4727e-31 +4.6424e-31 +2.7156e-31 +1.3407e-31 +5.4182e-32 +9.3044e-33 -1.7615e-34 +5.6423e-36 
+2.2387e+10 +1.3280e-29 +1.3090e-29 +1.2913e-29 +1.2748e-29 +1.2594e-29 +1.2452e-29 +1.2320e-29 +1.2198e-29 +1.2085e-29 +1.1980e-29 +1.1884e-29 +1.1795e-29 +1.1713e-29 +1.1637e-29 +1.1566e-29 +1.1501e-29 +1.1441e-29 +1.1384e-29 +1.1330e-29 +1.1279e-29 +1.1230e-29 +1.1183e-29 +1.1137e-29 +1.1091e-29 +1.1044e-29 +1.0997e-29 +1.0948e-29 +1.0898e-29 +1.0844e-29 +1.0788e-29 +1.0727e-29 +1.0662e-29 +1.0592e-29 +1.0516e-29 +1.0435e-29 +1.0346e-29 +1.0250e-29 +1.0146e-29 +1.0033e-29 +9.9111e-30 +9.7794e-30 +9.6373e-30 +9.4843e-30 +9.3197e-30 +9.1429e-30 +8.9534e-30 +8.7505e-30 +8.5337e-30 +8.3024e-30 +8.0559e-30 +7.7937e-30 +7.5152e-30 +7.2197e-30 +6.9084e-30 +6.5844e-30 +6.2514e-30 +5.9129e-30 +5.5726e-30 +5.2341e-30 +4.9008e-30 +4.5748e-30 +4.2528e-30 +3.9311e-30 +3.6055e-30 +3.2723e-30 +2.9317e-30 +2.5916e-30 +2.2607e-30 +1.9471e-30 +1.6562e-30 +1.3921e-30 +1.1517e-30 +9.1355e-31 +6.6930e-31 +4.6324e-31 +3.0991e-31 +1.7751e-31 +7.8027e-32 +2.4404e-32 +8.7230e-33 -2.4176e-34 -1.7701e-35 +5.7832e-37 
+2.8184e+10 +6.4767e-30 +6.5193e-30 +6.5569e-30 +6.5895e-30 +6.6172e-30 +6.6400e-30 +6.6581e-30 +6.6714e-30 +6.6799e-30 +6.6839e-30 +6.6832e-30 +6.6779e-30 +6.6682e-30 +6.6539e-30 +6.6353e-30 +6.6123e-30 +6.5850e-30 +6.5535e-30 +6.5177e-30 +6.4778e-30 +6.4337e-30 +6.3856e-30 +6.3335e-30 +6.2774e-30 +6.2174e-30 +6.1536e-30 +6.0859e-30 +6.0145e-30 +5.9393e-30 +5.8605e-30 +5.7781e-30 +5.6921e-30 +5.6026e-30 +5.5096e-30 +5.4133e-30 +5.3135e-30 +5.2104e-30 +5.1041e-30 +4.9945e-30 +4.8818e-30 +4.7660e-30 +4.6471e-30 +4.5252e-30 +4.4003e-30 +4.2725e-30 +4.1418e-30 +4.0083e-30 +3.8720e-30 +3.7330e-30 +3.5914e-30 +3.4471e-30 +3.3003e-30 +3.1509e-30 +2.9995e-30 +2.8471e-30 +2.6950e-30 +2.5443e-30 +2.3962e-30 +2.2518e-30 +2.1124e-30 +1.9785e-30 +1.8489e-30 +1.7220e-30 +1.5963e-30 +1.4702e-30 +1.3400e-30 +1.1986e-30 +1.0384e-30 +8.5543e-31 +6.7333e-31 +5.2802e-31 +4.3238e-31 +3.3937e-31 +2.1582e-31 +1.0598e-31 +4.5517e-32 +2.6814e-32 +1.2165e-32 +2.7037e-33 -1.1542e-34 +7.1310e-36 +5.2726e-37 -1.7243e-38 
+3.5481e+10 +3.0106e-30 +2.9737e-30 +2.9394e-30 +2.9075e-30 +2.8780e-30 +2.8506e-30 +2.8253e-30 +2.8020e-30 +2.7804e-30 +2.7604e-30 +2.7419e-30 +2.7248e-30 +2.7090e-30 +2.6942e-30 +2.6804e-30 +2.6674e-30 +2.6551e-30 +2.6433e-30 +2.6319e-30 +2.6208e-30 +2.6099e-30 +2.5989e-30 +2.5877e-30 +2.5763e-30 +2.5645e-30 +2.5521e-30 +2.5390e-30 +2.5251e-30 +2.5103e-30 +2.4943e-30 +2.4770e-30 +2.4584e-30 +2.4383e-30 +2.4165e-30 +2.3929e-30 +2.3674e-30 +2.3398e-30 +2.3101e-30 +2.2779e-30 +2.2433e-30 +2.2061e-30 +2.1662e-30 +2.1233e-30 +2.0774e-30 +2.0283e-30 +1.9760e-30 +1.9202e-30 +1.8608e-30 +1.7977e-30 +1.7307e-30 +1.6598e-30 +1.5847e-30 +1.5054e-30 +1.4222e-30 +1.3365e-30 +1.2497e-30 +1.1631e-30 +1.0781e-30 +9.9623e-31 +9.1873e-31 +8.4620e-31 +7.7676e-31 +7.0809e-31 +6.3786e-31 +5.6379e-31 +4.8591e-31 +4.0837e-31 +3.3573e-31 +2.7167e-31 +2.1331e-31 +1.5488e-31 +9.6145e-32 +5.1290e-32 +2.9110e-32 +1.3154e-32 +1.2504e-34 +3.1393e-33 +8.0534e-34 -6.4849e-35 -1.8844e-35 +1.1636e-36 +8.5675e-38 -2.8007e-39 
+4.4668e+10 +1.4237e-30 +1.3816e-30 +1.3426e-30 +1.3068e-30 +1.2738e-30 +1.2437e-30 +1.2162e-30 +1.1913e-30 +1.1688e-30 +1.1486e-30 +1.1306e-30 +1.1146e-30 +1.1006e-30 +1.0883e-30 +1.0777e-30 +1.0686e-30 +1.0609e-30 +1.0545e-30 +1.0492e-30 +1.0449e-30 +1.0416e-30 +1.0390e-30 +1.0370e-30 +1.0355e-30 +1.0344e-30 +1.0336e-30 +1.0329e-30 +1.0321e-30 +1.0313e-30 +1.0301e-30 +1.0286e-30 +1.0266e-30 +1.0239e-30 +1.0205e-30 +1.0161e-30 +1.0107e-30 +1.0042e-30 +9.9632e-31 +9.8707e-31 +9.7628e-31 +9.6382e-31 +9.4956e-31 +9.3338e-31 +9.1514e-31 +8.9472e-31 +8.7198e-31 +8.4681e-31 +8.1908e-31 +7.8865e-31 +7.5540e-31 +7.1920e-31 +6.7992e-31 +6.3744e-31 +5.9219e-31 +5.4549e-31 +4.9873e-31 +4.5331e-31 +4.1063e-31 +3.7209e-31 +3.3908e-31 +3.1187e-31 +2.8753e-31 +2.6249e-31 +2.3323e-31 +1.9624e-31 +1.5176e-31 +1.0657e-31 +6.8116e-32 +4.2676e-32 +2.7888e-32 +1.7510e-32 +7.7413e-33 +1.1488e-33 -2.9122e-34 +9.2218e-35 +3.3739e-36 -6.6205e-36 +1.6890e-36 -1.4215e-37 -4.1226e-38 +2.5457e-39 +1.8743e-40 -6.1270e-42 
+5.6234e+10 +5.8184e-31 +5.8926e-31 +5.9577e-31 +6.0139e-31 +6.0613e-31 +6.1002e-31 +6.1307e-31 +6.1529e-31 +6.1672e-31 +6.1736e-31 +6.1723e-31 +6.1636e-31 +6.1476e-31 +6.1245e-31 +6.0945e-31 +6.0577e-31 +6.0144e-31 +5.9647e-31 +5.9089e-31 +5.8470e-31 +5.7793e-31 +5.7060e-31 +5.6273e-31 +5.5433e-31 +5.4542e-31 +5.3602e-31 +5.2615e-31 +5.1582e-31 +5.0506e-31 +4.9389e-31 +4.8232e-31 +4.7037e-31 +4.5806e-31 +4.4540e-31 +4.3242e-31 +4.1914e-31 +4.0557e-31 +3.9173e-31 +3.7764e-31 +3.6331e-31 +3.4877e-31 +3.3404e-31 +3.1913e-31 +3.0406e-31 +2.8885e-31 +2.7352e-31 +2.5809e-31 +2.4257e-31 +2.2698e-31 +2.1135e-31 +1.9568e-31 +1.8001e-31 +1.6434e-31 +1.4871e-31 +1.3321e-31 +1.1789e-31 +1.0285e-31 +8.8139e-32 +7.3846e-32 +6.0043e-32 +4.6881e-32 +3.4741e-32 +2.4039e-32 +1.5195e-32 +8.6253e-33 +4.4199e-33 +2.1010e-33 +1.1327e-33 +9.8027e-34 +1.1195e-33 +1.0313e-33 +4.8317e-34 -1.6853e-35 -6.3664e-35 +1.6156e-35 +5.9107e-37 -1.1601e-36 +2.9595e-37 -2.4909e-38 -7.2237e-39 +4.4606e-40 +3.2842e-41 -1.0736e-42 
+7.0795e+10 +1.6278e-31 +1.6427e-31 +1.6536e-31 +1.6607e-31 +1.6642e-31 +1.6641e-31 +1.6606e-31 +1.6538e-31 +1.6439e-31 +1.6309e-31 +1.6151e-31 +1.5965e-31 +1.5753e-31 +1.5516e-31 +1.5256e-31 +1.4973e-31 +1.4669e-31 +1.4346e-31 +1.4004e-31 +1.3646e-31 +1.3271e-31 +1.2883e-31 +1.2481e-31 +1.2067e-31 +1.1643e-31 +1.1210e-31 +1.0769e-31 +1.0321e-31 +9.8683e-32 +9.4116e-32 +8.9524e-32 +8.4919e-32 +8.0314e-32 +7.5723e-32 +7.1159e-32 +6.6634e-32 +6.2163e-32 +5.7757e-32 +5.3431e-32 +4.9198e-32 +4.5070e-32 +4.1060e-32 +3.7182e-32 +3.3450e-32 +2.9875e-32 +2.6471e-32 +2.3252e-32 +2.0230e-32 +1.7419e-32 +1.4831e-32 +1.2480e-32 +1.0379e-32 +8.5414e-33 +6.9647e-33 +5.6244e-33 +4.4933e-33 +3.5443e-33 +2.7503e-33 +2.0842e-33 +1.5188e-33 +1.0345e-33 +6.3262e-34 +3.1858e-34 +9.7713e-35 -2.4837e-35 -5.8672e-35 -3.9401e-35 -5.2630e-36 +1.0032e-35 +6.5025e-36 -7.1761e-37 -1.6596e-36 +7.2197e-38 +2.7470e-37 -6.9710e-38 -2.5504e-39 +5.0055e-39 -1.2770e-39 +1.0748e-40 +3.1170e-41 -1.9247e-42 -1.4171e-43 +4.6324e-45 
+8.9125e+10 -2.7494e-34 -2.5794e-34 -2.4165e-34 -2.2605e-34 -2.1113e-34 -1.9687e-34 -1.8326e-34 -1.7028e-34 -1.5792e-34 -1.4616e-34 -1.3499e-34 -1.2440e-34 -1.1436e-34 -1.0487e-34 -9.5900e-35 -8.7449e-35 -7.9497e-35 -7.2029e-35 -6.5031e-35 -5.8486e-35 -5.2381e-35 -4.6701e-35 -4.1430e-35 -3.6554e-35 -3.2058e-35 -2.7928e-35 -2.4147e-35 -2.0702e-35 -1.7577e-35 -1.4757e-35 -1.2229e-35 -9.9759e-36 -7.9839e-36 -6.2380e-36 -4.7233e-36 -3.4249e-36 -2.3279e-36 -1.4174e-36 -6.7854e-37 -9.6486e-38 +3.4366e-37 +6.5679e-37 +8.5776e-37 +9.6147e-37 +9.8279e-37 +9.3659e-37 +8.3776e-37 +7.0117e-37 +5.4169e-37 +3.7422e-37 +2.1362e-37 +7.4767e-38 -2.7577e-38 -8.7074e-38 -1.1104e-37 -1.0806e-37 -8.6677e-38 -5.5475e-38 -2.3020e-38 +2.1227e-39 +1.4251e-38 +1.5931e-38 +1.1225e-38 +4.1939e-39 -1.1250e-39 -2.6572e-39 -1.7844e-39 -2.3835e-40 +4.5435e-40 +2.9449e-40 -3.2499e-41 -7.5161e-41 +3.2697e-42 +1.2441e-41 -3.1571e-42 -1.1550e-43 +2.2669e-43 -5.7832e-44 +4.8675e-45 +1.4116e-45 -8.7167e-47 -6.4177e-48 +2.0979e-49 
