# 220530, ag
# 2.160 km depth
# run with n=1000 muons per angle and energy, depth=1460m
# first row: angles [degrees]
# first column: energies [MeV]
# other entries: flux [1 / cm² s sr MeV]
EMPTY       +0.0000e+00 +1.0000e+00 +2.0000e+00 +3.0000e+00 +4.0000e+00 +5.0000e+00 +6.0000e+00 +7.0000e+00 +8.0000e+00 +9.0000e+00 +1.0000e+01 +1.1000e+01 +1.2000e+01 +1.3000e+01 +1.4000e+01 +1.5000e+01 +1.6000e+01 +1.7000e+01 +1.8000e+01 +1.9000e+01 +2.0000e+01 +2.1000e+01 +2.2000e+01 +2.3000e+01 +2.4000e+01 +2.5000e+01 +2.6000e+01 +2.7000e+01 +2.8000e+01 +2.9000e+01 +3.0000e+01 +3.1000e+01 +3.2000e+01 +3.3000e+01 +3.4000e+01 +3.5000e+01 +3.6000e+01 +3.7000e+01 +3.8000e+01 +3.9000e+01 +4.0000e+01 +4.1000e+01 +4.2000e+01 +4.3000e+01 +4.4000e+01 +4.5000e+01 +4.6000e+01 +4.7000e+01 +4.8000e+01 +4.9000e+01 +5.0000e+01 +5.1000e+01 +5.2000e+01 +5.3000e+01 +5.4000e+01 +5.5000e+01 +5.6000e+01 +5.7000e+01 +5.8000e+01 +5.9000e+01 +6.0000e+01 +6.1000e+01 +6.2000e+01 +6.3000e+01 +6.4000e+01 +6.5000e+01 +6.6000e+01 +6.7000e+01 +6.8000e+01 +6.9000e+01 +7.0000e+01 +7.1000e+01 +7.2000e+01 +7.3000e+01 +7.4000e+01 +7.5000e+01 +7.6000e+01 +7.7000e+01 +7.8000e+01 +7.9000e+01 
+8.9125e+01 +4.8693e-29 +3.1869e-29 -2.8447e-29 -8.5020e-30 +3.8413e-30 -9.4164e-30 +1.0625e-29 -1.6564e-29 -3.5484e-29 -2.2284e-29 -6.2900e-30 +1.0965e-29 +5.0634e-30 +1.4660e-30 -1.5184e-30 -1.0725e-30 -5.8996e-30 +2.2345e-30 -8.3659e-30 +9.0906e-31 -2.4672e-30 -9.6248e-30 -1.9079e-30 -6.3714e-30 -4.8844e-30 -4.9051e-31 -2.3727e-30 -4.4316e-30 -3.4577e-30 -7.7834e-30 -4.5556e-30 -3.2926e-30 -8.3844e-30 +3.8567e-30 -2.4651e-30 -5.0807e-30 -5.5894e-30 -3.4772e-30 -1.2685e-30 -5.7477e-30 +3.7986e-31 -2.6519e-30 -3.2022e-30 -3.8550e-30 -2.0537e-30 -6.5081e-31 -3.1292e-31 -6.1939e-31 -1.5905e-31 +2.0948e-31 -6.8859e-32 +1.9748e-31 +1.0241e-31 +2.6029e-32 -1.1543e-30 -6.7698e-31 -1.4100e-30 -8.7550e-32 -5.4385e-31 -1.0659e-30 -5.3138e-31 +1.4045e-31 +2.5035e-31 +5.1782e-32 +2.4263e-31 -6.5544e-32 -6.9903e-31 -4.9014e-31 +2.5424e-30 +1.5579e-30 +8.4954e-31 -1.0366e-31 -1.4751e-32 -3.4879e-33 -1.3476e-32 +6.3780e-33 -3.0558e-32 -4.9581e-35 +7.9844e-35 +8.4174e-35 
+1.1220e+02 +2.5106e-13 +2.3193e-13 +2.1377e-13 +1.9657e-13 +1.8030e-13 +1.6494e-13 +1.5045e-13 +1.3681e-13 +1.2400e-13 +1.1200e-13 +1.0076e-13 +9.0286e-14 +8.0532e-14 +7.1479e-14 +6.3102e-14 +5.5374e-14 +4.8271e-14 +4.1766e-14 +3.5836e-14 +3.0454e-14 +2.5595e-14 +2.1234e-14 +1.7346e-14 +1.3904e-14 +1.0884e-14 +8.2606e-15 +6.0080e-15 +4.1011e-15 +2.5145e-15 +1.2228e-15 +2.0069e-16 -5.7716e-16 -1.1361e-15 -1.5015e-15 -1.6988e-15 -1.7531e-15 -1.6900e-15 -1.5348e-15 -1.3128e-15 -1.0493e-15 -7.6976e-16 -4.9947e-16 -2.6380e-16 -8.8088e-17 +2.3052e-18 -5.7957e-18 -8.4214e-17 -1.9599e-16 -3.0418e-16 -3.7182e-16 -3.6195e-16 -2.3762e-16 +3.8070e-17 +4.5488e-16 +8.6545e-16 +1.0977e-15 +9.7962e-16 +3.3909e-16 -9.3313e-16 -2.2592e-15 -2.6377e-15 -1.0611e-15 +3.1230e-15 +6.7038e-15 +4.1009e-15 -9.0657e-15 -1.8261e-14 +5.7825e-15 +6.5463e-14 +8.7827e-14 +3.2435e-14 -8.2570e-15 -2.6656e-16 +7.4969e-16 -2.4859e-16 +5.2057e-17 -6.3159e-18 +1.0517e-17 -4.7852e-19 -6.2377e-20 
+1.4125e+02 +2.6342e-12 +2.4364e-12 +2.2486e-12 +2.0705e-12 +1.9018e-12 +1.7423e-12 +1.5917e-12 +1.4498e-12 +1.3164e-12 +1.1911e-12 +1.0737e-12 +9.6397e-13 +8.6168e-13 +7.6656e-13 +6.7835e-13 +5.9681e-13 +5.2169e-13 +4.5272e-13 +3.8966e-13 +3.3226e-13 +2.8027e-13 +2.3343e-13 +1.9150e-13 +1.5422e-13 +1.2133e-13 +9.2598e-14 +6.7760e-14 +4.6566e-14 +2.8765e-14 +1.4106e-14 +2.3372e-15 -6.7935e-15 -1.3538e-14 -1.8146e-14 -2.0872e-14 -2.1966e-14 -2.1679e-14 -2.0264e-14 -1.7972e-14 -1.5055e-14 -1.1764e-14 -8.3511e-15 -5.0679e-15 -2.1659e-15 +1.0312e-16 +1.5655e-15 +2.3116e-15 +2.4883e-15 +2.2421e-15 +1.7196e-15 +1.0676e-15 +4.3270e-16 -3.8525e-17 -2.5214e-16 -2.6741e-16 -1.7117e-16 -5.0291e-17 +8.3656e-18 -6.9328e-17 -2.1817e-16 -2.8709e-16 -1.2373e-16 +3.9583e-16 +1.0866e-15 +1.5741e-15 +1.5030e-15 +8.5347e-16 -1.3197e-16 -8.5588e-16 +2.3972e-16 +3.1726e-15 +3.0536e-15 +5.2615e-17 -1.5176e-16 +5.0277e-17 -1.0399e-17 +1.0086e-18 +1.7446e-19 -1.9145e-20 -2.4891e-21 
+1.7783e+02 +4.0575e-13 +4.1159e-13 +4.1795e-13 +4.2477e-13 +4.3196e-13 +4.3945e-13 +4.4717e-13 +4.5505e-13 +4.6301e-13 +4.7098e-13 +4.7889e-13 +4.8665e-13 +4.9421e-13 +5.0148e-13 +5.0839e-13 +5.1486e-13 +5.2083e-13 +5.2623e-13 +5.3096e-13 +5.3498e-13 +5.3819e-13 +5.4052e-13 +5.4191e-13 +5.4228e-13 +5.4155e-13 +5.3966e-13 +5.3652e-13 +5.3207e-13 +5.2623e-13 +5.1892e-13 +5.1008e-13 +4.9963e-13 +4.8750e-13 +4.7360e-13 +4.5788e-13 +4.4026e-13 +4.2065e-13 +3.9900e-13 +3.7522e-13 +3.4924e-13 +3.2099e-13 +2.9040e-13 +2.5738e-13 +2.2188e-13 +1.8380e-13 +1.4359e-13 +1.0338e-13 +6.5673e-14 +3.2963e-14 +7.7529e-15 -7.4572e-15 -1.0168e-14 +2.1189e-15 +2.9440e-14 +6.4678e-14 +9.9428e-14 +1.2529e-13 +1.3384e-13 +1.1785e-13 +8.2644e-14 +4.1342e-14 +7.1672e-15 -7.9953e-15 -6.8409e-15 -1.0083e-15 -1.3650e-15 -4.9694e-15 +1.8885e-15 +2.2518e-14 +3.0693e-14 +1.1378e-14 -2.8927e-15 -9.2484e-17 +2.3475e-16 +1.4363e-17 -2.5915e-16 +2.0918e-15 -1.9431e-16 +2.1471e-17 +2.8405e-18 
+2.2387e+02 -2.9166e-13 -2.1055e-13 -1.3726e-13 -7.1470e-14 -1.2875e-14 +3.8838e-14 +8.3980e-14 +1.2286e-13 +1.5579e-13 +1.8309e-13 +2.0505e-13 +2.2200e-13 +2.3425e-13 +2.4209e-13 +2.4586e-13 +2.4585e-13 +2.4238e-13 +2.3575e-13 +2.2629e-13 +2.1430e-13 +2.0008e-13 +1.8396e-13 +1.6625e-13 +1.4724e-13 +1.2726e-13 +1.0662e-13 +8.5619e-14 +6.4577e-14 +4.3804e-14 +2.3610e-14 +4.3053e-15 -1.3799e-14 -3.0391e-14 -4.5162e-14 -5.7799e-14 -6.7992e-14 -7.5430e-14 -7.9802e-14 -8.0798e-14 -7.8106e-14 -7.1416e-14 -6.0417e-14 -4.4797e-14 -2.4247e-14 +1.5453e-15 +3.2289e-14 +6.5650e-14 +9.8860e-14 +1.2915e-13 +1.5376e-13 +1.6991e-13 +1.7484e-13 +1.6578e-13 +1.4192e-13 +1.0815e-13 +7.0356e-14 +3.4448e-14 +6.3262e-15 -8.6894e-15 -1.1661e-14 -7.5853e-15 -1.5155e-15 +1.8703e-15 +1.9831e-15 +7.4207e-16 +7.1270e-19 +4.6994e-17 -5.2544e-17 -5.6283e-16 +1.8770e-16 +2.1066e-15 -7.2380e-16 -2.8562e-16 +1.5469e-14 +5.3229e-15 -1.0345e-15 +1.7210e-16 +5.7525e-16 +5.2846e-16 +5.5548e-17 
+2.8184e+02 -8.1859e-13 -8.0185e-13 -7.8354e-13 -7.6374e-13 -7.4254e-13 -7.2001e-13 -6.9622e-13 -6.7125e-13 -6.4519e-13 -6.1811e-13 -5.9009e-13 -5.6120e-13 -5.3152e-13 -5.0113e-13 -4.7011e-13 -4.3853e-13 -4.0648e-13 -3.7402e-13 -3.4125e-13 -3.0822e-13 -2.7503e-13 -2.4175e-13 -2.0846e-13 -1.7524e-13 -1.4215e-13 -1.0929e-13 -7.6722e-14 -4.4532e-14 -1.2795e-14 +1.8412e-14 +4.9011e-14 +7.8924e-14 +1.0807e-13 +1.3638e-13 +1.6377e-13 +1.9017e-13 +2.1549e-13 +2.3966e-13 +2.6260e-13 +2.8424e-13 +3.0449e-13 +3.2329e-13 +3.4054e-13 +3.5618e-13 +3.7012e-13 +3.8193e-13 +3.8997e-13 +3.9233e-13 +3.8710e-13 +3.7239e-13 +3.4628e-13 +3.0686e-13 +2.5225e-13 +1.8369e-13 +1.1158e-13 +4.7986e-14 +4.9587e-15 -5.4420e-15 +2.6836e-14 +8.9895e-14 +1.5831e-13 +2.0646e-13 +2.1119e-13 +1.7629e-13 +1.2206e-13 +6.8596e-14 +2.9348e-14 +1.2526e-14 +1.7962e-14 +2.2691e-14 +1.1108e-14 +7.3213e-16 -1.1382e-17 +5.6343e-17 -3.7063e-17 +1.0371e-16 +6.1355e-18 +6.1440e-17 -1.9179e-18 +2.6443e-17 
+3.5481e+02 +9.6161e-13 +1.0895e-12 +1.2032e-12 +1.3032e-12 +1.3901e-12 +1.4643e-12 +1.5263e-12 +1.5768e-12 +1.6161e-12 +1.6449e-12 +1.6636e-12 +1.6728e-12 +1.6729e-12 +1.6646e-12 +1.6482e-12 +1.6243e-12 +1.5935e-12 +1.5562e-12 +1.5130e-12 +1.4644e-12 +1.4109e-12 +1.3530e-12 +1.2912e-12 +1.2261e-12 +1.1581e-12 +1.0878e-12 +1.0157e-12 +9.4239e-13 +8.6827e-13 +7.9389e-13 +7.1978e-13 +6.4645e-13 +5.7442e-13 +5.0420e-13 +4.3631e-13 +3.7128e-13 +3.0960e-13 +2.5181e-13 +1.9842e-13 +1.4994e-13 +1.0689e-13 +6.9784e-14 +3.9145e-14 +1.5485e-14 -6.7894e-16 -9.2841e-15 -1.1813e-14 -1.0075e-14 -5.8798e-15 -1.0375e-15 +2.6424e-15 +3.3501e-15 -7.2227e-16 -9.8838e-15 -2.0084e-14 -2.6486e-14 -2.4253e-14 -8.5504e-15 +2.4453e-14 +6.7576e-14 +1.0685e-13 +1.2820e-13 +1.1939e-13 +8.8069e-14 +5.4078e-14 +3.6100e-14 +3.2274e-14 +2.4710e-14 +6.2923e-15 +8.6144e-16 +2.1010e-14 +3.0919e-14 +1.6785e-14 +1.9341e-15 -4.0547e-16 -4.7897e-16 +3.4924e-15 -3.3249e-16 +4.4402e-17 +3.8691e-18 
+4.4668e+02 +3.7283e-13 +3.6989e-13 +3.6674e-13 +3.6340e-13 +3.5986e-13 +3.5612e-13 +3.5219e-13 +3.4807e-13 +3.4376e-13 +3.3926e-13 +3.3457e-13 +3.2969e-13 +3.2463e-13 +3.1939e-13 +3.1397e-13 +3.0837e-13 +3.0259e-13 +2.9663e-13 +2.9051e-13 +2.8421e-13 +2.7774e-13 +2.7110e-13 +2.6429e-13 +2.5732e-13 +2.5019e-13 +2.4290e-13 +2.3544e-13 +2.2783e-13 +2.2006e-13 +2.1213e-13 +2.0405e-13 +1.9582e-13 +1.8744e-13 +1.7891e-13 +1.7024e-13 +1.6142e-13 +1.5246e-13 +1.4336e-13 +1.3411e-13 +1.2473e-13 +1.1522e-13 +1.0557e-13 +9.5783e-14 +8.5868e-14 +7.5824e-14 +6.5671e-14 +5.5490e-14 +4.5376e-14 +3.5424e-14 +2.5728e-14 +1.6384e-14 +7.4853e-15 -8.7163e-16 -8.3180e-15 -1.3687e-14 -1.5668e-14 -1.2950e-14 -4.2230e-15 +1.1404e-14 +3.0231e-14 +4.5725e-14 +5.1313e-14 +4.1433e-14 +2.1524e-14 +3.7742e-15 -4.2584e-16 +6.6136e-15 +1.1891e-14 +7.3356e-15 -7.1218e-16 -3.7198e-15 +5.4904e-15 +1.5580e-14 +4.2193e-15 -2.2663e-15 +7.9620e-15 +1.8175e-15 +1.0930e-15 -8.4493e-17 +2.8487e-16 
+5.6234e+02 -4.7324e-14 -1.2577e-13 -1.9550e-13 -2.5685e-13 -3.1019e-13 -3.5583e-13 -3.9414e-13 -4.2546e-13 -4.5013e-13 -4.6849e-13 -4.8089e-13 -4.8768e-13 -4.8920e-13 -4.8578e-13 -4.7779e-13 -4.6556e-13 -4.4944e-13 -4.2976e-13 -4.0689e-13 -3.8115e-13 -3.5290e-13 -3.2247e-13 -2.9022e-13 -2.5649e-13 -2.2162e-13 -1.8596e-13 -1.4984e-13 -1.1363e-13 -7.7654e-14 -4.2263e-14 -7.8017e-15 +2.5386e-14 +5.6956e-14 +8.6562e-14 +1.1386e-13 +1.3851e-13 +1.6016e-13 +1.7847e-13 +1.9310e-13 +2.0370e-13 +2.0992e-13 +2.1143e-13 +2.0787e-13 +1.9890e-13 +1.8418e-13 +1.6378e-13 +1.3912e-13 +1.1194e-13 +8.3972e-14 +5.6949e-14 +3.2601e-14 +1.2661e-14 -1.1408e-15 -7.9174e-15 -9.2346e-15 -7.1007e-15 -3.5237e-15 -5.1208e-16 +1.4270e-16 -9.8072e-16 -1.8427e-15 -3.8189e-16 +5.0883e-15 +1.2182e-14 +1.6016e-14 +1.2165e-14 +3.8190e-15 +1.0110e-16 +5.3171e-15 +1.0017e-14 +6.8994e-15 +1.9834e-15 +1.2648e-17 +1.5655e-16 -7.2338e-16 +3.8275e-15 +9.2642e-17 +5.2465e-15 -2.1886e-16 -1.7598e-17 
+7.0795e+02 +7.8271e-13 +8.2673e-13 +8.6377e-13 +8.9414e-13 +9.1813e-13 +9.3604e-13 +9.4817e-13 +9.5480e-13 +9.5624e-13 +9.5278e-13 +9.4472e-13 +9.3236e-13 +9.1599e-13 +8.9590e-13 +8.7240e-13 +8.4577e-13 +8.1632e-13 +7.8435e-13 +7.5014e-13 +7.1400e-13 +6.7621e-13 +6.3709e-13 +5.9691e-13 +5.5598e-13 +5.1460e-13 +4.7306e-13 +4.3166e-13 +3.9069e-13 +3.5045e-13 +3.1124e-13 +2.7334e-13 +2.3707e-13 +2.0271e-13 +1.7056e-13 +1.4091e-13 +1.1407e-13 +9.0331e-14 +6.9984e-14 +5.3328e-14 +4.0659e-14 +3.2274e-14 +2.8468e-14 +2.9539e-14 +3.5781e-14 +4.7491e-14 +6.4399e-14 +8.4311e-14 +1.0463e-13 +1.2274e-13 +1.3605e-13 +1.4196e-13 +1.3785e-13 +1.2115e-13 +9.1744e-14 +5.6862e-14 +2.5031e-14 +4.7840e-15 +4.6520e-15 +3.1651e-14 +7.6217e-14 +1.1856e-13 +1.3875e-13 +1.1947e-13 +7.1905e-14 +2.4706e-14 +4.9504e-15 +1.1493e-14 +2.1165e-14 +1.8949e-14 +1.3965e-14 +1.4095e-14 +1.1461e-14 +5.0538e-15 +3.4511e-15 +3.6439e-15 +7.2200e-16 +1.2115e-15 -1.1252e-16 +3.4596e-16 -3.0438e-17 
+8.9125e+02 -1.3158e-13 -2.6162e-13 -3.7691e-13 -4.7803e-13 -5.6558e-13 -6.4014e-13 -7.0231e-13 -7.5267e-13 -7.9181e-13 -8.2032e-13 -8.3879e-13 -8.4782e-13 -8.4798e-13 -8.3988e-13 -8.2409e-13 -8.0121e-13 -7.7183e-13 -7.3654e-13 -6.9592e-13 -6.5057e-13 -6.0107e-13 -5.4802e-13 -4.9200e-13 -4.3361e-13 -3.7342e-13 -3.1204e-13 -2.5005e-13 -1.8804e-13 -1.2661e-13 -6.6327e-14 -7.7966e-15 +4.8396e-14 +1.0166e-13 +1.5141e-13 +1.9705e-13 +2.3799e-13 +2.7365e-13 +3.0344e-13 +3.2676e-13 +3.4303e-13 +3.5166e-13 +3.5205e-13 +3.4362e-13 +3.2579e-13 +2.9795e-13 +2.6032e-13 +2.1580e-13 +1.6790e-13 +1.2008e-13 +7.5847e-14 +3.8677e-14 +1.2058e-14 -5.2307e-16 +2.6463e-15 +1.8132e-14 +4.1572e-14 +6.8604e-14 +9.4866e-14 +1.1609e-13 +1.2900e-13 +1.3097e-13 +1.1934e-13 +9.2293e-14 +5.6693e-14 +2.4753e-14 +7.9473e-15 +5.2274e-15 +5.7761e-15 +2.5907e-15 -6.7716e-17 +1.2325e-15 +1.8212e-15 +4.4076e-17 -2.2752e-16 +2.9172e-15 +9.1593e-16 +1.4351e-16 -4.3610e-17 +1.4067e-16 +2.0742e-16 
+1.1220e+03 +3.5404e-13 +2.5507e-13 +1.6578e-13 +8.5784e-14 +1.4709e-14 -4.7818e-14 -1.0217e-13 -1.4872e-13 -1.8785e-13 -2.1992e-13 -2.4532e-13 -2.6441e-13 -2.7757e-13 -2.8517e-13 -2.8758e-13 -2.8519e-13 -2.7836e-13 -2.6747e-13 -2.5288e-13 -2.3499e-13 -2.1415e-13 -1.9074e-13 -1.6514e-13 -1.3773e-13 -1.0886e-13 -7.8923e-14 -4.8287e-14 -1.7326e-14 +1.3586e-14 +4.4075e-14 +7.3768e-14 +1.0229e-13 +1.2927e-13 +1.5433e-13 +1.7710e-13 +1.9720e-13 +2.1426e-13 +2.2792e-13 +2.3778e-13 +2.4348e-13 +2.4465e-13 +2.4091e-13 +2.3189e-13 +2.1722e-13 +1.9651e-13 +1.7005e-13 +1.4030e-13 +1.1021e-13 +8.2703e-14 +6.0726e-14 +4.7215e-14 +4.5107e-14 +5.7336e-14 +8.4224e-14 +1.1849e-13 +1.5148e-13 +1.7455e-13 +1.7905e-13 +1.5750e-13 +1.1538e-13 +6.6155e-14 +2.3389e-14 -5.2155e-16 -5.9823e-15 -1.2514e-15 +5.5082e-15 +9.3429e-15 +7.8084e-15 +1.6732e-15 +3.9964e-16 +8.6369e-15 +1.2602e-14 +6.8323e-15 +8.3132e-16 +2.9768e-15 +3.4621e-15 +3.8720e-16 +1.4064e-16 +4.8514e-16 +4.2194e-17 
+1.4125e+03 +2.1664e-13 +1.8926e-13 +1.6394e-13 +1.4060e-13 +1.1919e-13 +9.9638e-14 +8.1891e-14 +6.5883e-14 +5.1552e-14 +3.8836e-14 +2.7671e-14 +1.7996e-14 +9.7493e-15 +2.8674e-15 -2.7115e-15 -7.0498e-15 -1.0210e-14 -1.2253e-14 -1.3243e-14 -1.3242e-14 -1.2311e-14 -1.0514e-14 -7.9113e-15 -4.5667e-15 -5.4204e-16 +4.1004e-15 +9.2983e-15 +1.4989e-14 +2.1111e-14 +2.7602e-14 +3.4399e-14 +4.1439e-14 +4.8662e-14 +5.6004e-14 +6.3403e-14 +7.0797e-14 +7.8123e-14 +8.5320e-14 +9.2325e-14 +9.9075e-14 +1.0551e-13 +1.1156e-13 +1.1718e-13 +1.2229e-13 +1.2683e-13 +1.3068e-13 +1.3344e-13 +1.3470e-13 +1.3402e-13 +1.3097e-13 +1.2512e-13 +1.1604e-13 +1.0330e-13 +8.6976e-14 +6.8637e-14 +5.0109e-14 +3.3220e-14 +1.9797e-14 +1.1533e-14 +8.6121e-15 +1.0290e-14 +1.5810e-14 +2.4209e-14 +3.2287e-14 +3.5474e-14 +2.9742e-14 +1.9682e-14 +1.6606e-14 +2.4159e-14 +2.4294e-14 +7.4700e-15 -2.6169e-16 +5.1505e-15 +1.0930e-15 +1.0626e-15 +1.5850e-16 +2.0848e-15 +1.1206e-16 +3.1834e-16 +2.8864e-17 
+1.7783e+03 +5.7541e-13 +5.9037e-13 +6.0354e-13 +6.1495e-13 +6.2466e-13 +6.3272e-13 +6.3916e-13 +6.4404e-13 +6.4741e-13 +6.4930e-13 +6.4977e-13 +6.4886e-13 +6.4661e-13 +6.4309e-13 +6.3832e-13 +6.3236e-13 +6.2525e-13 +6.1705e-13 +6.0778e-13 +5.9752e-13 +5.8629e-13 +5.7414e-13 +5.6113e-13 +5.4730e-13 +5.3269e-13 +5.1735e-13 +5.0133e-13 +4.8468e-13 +4.6743e-13 +4.4964e-13 +4.3135e-13 +4.1262e-13 +3.9347e-13 +3.7397e-13 +3.5416e-13 +3.3408e-13 +3.1379e-13 +2.9332e-13 +2.7273e-13 +2.5205e-13 +2.3135e-13 +2.1065e-13 +1.9002e-13 +1.6949e-13 +1.4912e-13 +1.2902e-13 +1.0960e-13 +9.1306e-14 +7.4601e-14 +5.9936e-14 +4.7766e-14 +3.8546e-14 +3.2730e-14 +3.0426e-14 +3.0730e-14 +3.2555e-14 +3.4816e-14 +3.6427e-14 +3.6397e-14 +3.4789e-14 +3.2313e-14 +2.9687e-14 +2.7598e-14 +2.6348e-14 +2.6009e-14 +2.6563e-14 +2.6692e-14 +2.4063e-14 +1.7542e-14 +9.3795e-15 +2.9597e-15 +3.0604e-15 +5.8818e-15 +1.8853e-15 +1.9024e-15 +7.4551e-16 +8.2522e-16 +7.1236e-16 +1.0553e-15 +1.0668e-16 
+2.2387e+03 +3.3492e-13 +4.0580e-13 +4.7058e-13 +5.2948e-13 +5.8267e-13 +6.3034e-13 +6.7269e-13 +7.0991e-13 +7.4218e-13 +7.6970e-13 +7.9266e-13 +8.1124e-13 +8.2564e-13 +8.3605e-13 +8.4265e-13 +8.4564e-13 +8.4521e-13 +8.4154e-13 +8.3484e-13 +8.2528e-13 +8.1305e-13 +7.9836e-13 +7.8139e-13 +7.6232e-13 +7.4135e-13 +7.1867e-13 +6.9447e-13 +6.6893e-13 +6.4226e-13 +6.1463e-13 +5.8625e-13 +5.5729e-13 +5.2795e-13 +4.9842e-13 +4.6890e-13 +4.3956e-13 +4.1060e-13 +3.8221e-13 +3.5458e-13 +3.2790e-13 +3.0237e-13 +2.7816e-13 +2.5548e-13 +2.3450e-13 +2.1543e-13 +1.9832e-13 +1.8281e-13 +1.6846e-13 +1.5481e-13 +1.4140e-13 +1.2779e-13 +1.1353e-13 +9.8153e-14 +8.1593e-14 +6.4867e-14 +4.9190e-14 +3.5778e-14 +2.5845e-14 +2.0467e-14 +1.9174e-14 +2.0546e-14 +2.3150e-14 +2.5531e-14 +2.6008e-14 +2.2763e-14 +1.4321e-14 +4.4747e-15 +1.1250e-15 +7.0892e-15 +1.0830e-14 +4.7406e-15 -2.8225e-17 +1.6197e-15 +3.6538e-15 +3.6990e-15 +1.5886e-15 +1.9007e-16 +2.6628e-16 +1.4834e-15 +1.9748e-16 
+2.8184e+03 +2.0099e-13 +3.0901e-13 +4.0650e-13 +4.9382e-13 +5.7137e-13 +6.3952e-13 +6.9866e-13 +7.4917e-13 +7.9144e-13 +8.2585e-13 +8.5277e-13 +8.7259e-13 +8.8570e-13 +8.9248e-13 +8.9331e-13 +8.8856e-13 +8.7864e-13 +8.6391e-13 +8.4476e-13 +8.2158e-13 +7.9473e-13 +7.6462e-13 +7.3162e-13 +6.9611e-13 +6.5848e-13 +6.1911e-13 +5.7837e-13 +5.3666e-13 +4.9436e-13 +4.5185e-13 +4.0950e-13 +3.6772e-13 +3.2687e-13 +2.8733e-13 +2.4950e-13 +2.1376e-13 +1.8048e-13 +1.5005e-13 +1.2286e-13 +9.9279e-14 +7.9697e-14 +6.4496e-14 +5.4057e-14 +4.8764e-14 +4.8999e-14 +5.4738e-14 +6.4569e-14 +7.6789e-14 +8.9693e-14 +1.0158e-13 +1.1074e-13 +1.1547e-13 +1.1407e-13 +1.0581e-13 +9.2790e-14 +7.7627e-14 +6.2934e-14 +5.1324e-14 +4.5100e-14 +4.3154e-14 +4.2281e-14 +3.9243e-14 +3.1195e-14 +1.9569e-14 +8.4197e-15 +1.6168e-15 -3.9304e-16 +1.6550e-16 +1.9862e-15 +6.4966e-15 +1.2840e-14 +1.2252e-14 +4.8909e-15 +1.1574e-15 -3.9857e-17 +8.3986e-16 +4.2270e-16 +5.7832e-16 +2.6403e-16 +6.0220e-17 
+3.5481e+03 +7.3285e-14 +9.8586e-14 +1.2158e-13 +1.4236e-13 +1.6100e-13 +1.7759e-13 +1.9223e-13 +2.0499e-13 +2.1596e-13 +2.2523e-13 +2.3289e-13 +2.3902e-13 +2.4371e-13 +2.4704e-13 +2.4910e-13 +2.4998e-13 +2.4977e-13 +2.4855e-13 +2.4640e-13 +2.4342e-13 +2.3969e-13 +2.3530e-13 +2.3033e-13 +2.2486e-13 +2.1900e-13 +2.1282e-13 +2.0640e-13 +1.9985e-13 +1.9323e-13 +1.8664e-13 +1.8017e-13 +1.7390e-13 +1.6792e-13 +1.6231e-13 +1.5716e-13 +1.5256e-13 +1.4860e-13 +1.4535e-13 +1.4291e-13 +1.4137e-13 +1.4080e-13 +1.4131e-13 +1.4296e-13 +1.4585e-13 +1.5007e-13 +1.5550e-13 +1.6132e-13 +1.6658e-13 +1.7031e-13 +1.7157e-13 +1.6938e-13 +1.6279e-13 +1.5084e-13 +1.3332e-13 +1.1218e-13 +8.9772e-14 +6.8439e-14 +5.0527e-14 +3.8153e-14 +3.0897e-14 +2.6780e-14 +2.3798e-14 +2.0091e-14 +1.5347e-14 +1.0203e-14 +5.3533e-15 +2.1224e-15 +2.3272e-15 +6.0539e-15 +8.5693e-15 +6.6471e-15 +3.9186e-15 +2.1677e-15 +5.0594e-16 +2.1991e-15 +2.3055e-15 +4.9500e-16 -4.5581e-20 +7.8746e-16 +1.5102e-17 
+4.4668e+03 +4.3907e-13 +4.5520e-13 +4.6905e-13 +4.8070e-13 +4.9025e-13 +4.9777e-13 +5.0336e-13 +5.0711e-13 +5.0909e-13 +5.0939e-13 +5.0811e-13 +5.0533e-13 +5.0113e-13 +4.9560e-13 +4.8883e-13 +4.8090e-13 +4.7190e-13 +4.6192e-13 +4.5104e-13 +4.3935e-13 +4.2694e-13 +4.1389e-13 +4.0028e-13 +3.8622e-13 +3.7177e-13 +3.5704e-13 +3.4210e-13 +3.2704e-13 +3.1195e-13 +2.9691e-13 +2.8201e-13 +2.6734e-13 +2.5299e-13 +2.3903e-13 +2.2556e-13 +2.1266e-13 +2.0043e-13 +1.8894e-13 +1.7828e-13 +1.6854e-13 +1.5980e-13 +1.5216e-13 +1.4570e-13 +1.4050e-13 +1.3665e-13 +1.3409e-13 +1.3226e-13 +1.3048e-13 +1.2808e-13 +1.2439e-13 +1.1874e-13 +1.1046e-13 +9.8870e-14 +8.4005e-14 +6.7919e-14 +5.3032e-14 +4.1765e-14 +3.6538e-14 +3.9361e-14 +4.7750e-14 +5.6446e-14 +6.0151e-14 +5.4173e-14 +4.0409e-14 +2.4797e-14 +1.3106e-14 +7.6065e-15 +7.8378e-15 +1.1676e-14 +1.2605e-14 +6.8586e-15 +1.0040e-15 +2.5866e-16 +3.5788e-15 +2.3812e-15 +9.6177e-16 +1.6004e-15 +2.8760e-16 +5.4653e-17 +1.3042e-16 
+5.6234e+03 +2.2898e-13 +2.6158e-13 +2.9110e-13 +3.1766e-13 +3.4134e-13 +3.6225e-13 +3.8049e-13 +3.9615e-13 +4.0934e-13 +4.2016e-13 +4.2871e-13 +4.3507e-13 +4.3937e-13 +4.4169e-13 +4.4213e-13 +4.4080e-13 +4.3779e-13 +4.3320e-13 +4.2713e-13 +4.1969e-13 +4.1097e-13 +4.0107e-13 +3.9009e-13 +3.7814e-13 +3.6530e-13 +3.5168e-13 +3.3738e-13 +3.2250e-13 +3.0714e-13 +2.9140e-13 +2.7537e-13 +2.5917e-13 +2.4288e-13 +2.2660e-13 +2.1044e-13 +1.9450e-13 +1.7888e-13 +1.6366e-13 +1.4897e-13 +1.3488e-13 +1.2151e-13 +1.0896e-13 +9.7315e-14 +8.6684e-14 +7.7166e-14 +6.8821e-14 +6.1580e-14 +5.5346e-14 +5.0023e-14 +4.5513e-14 +4.1719e-14 +3.8545e-14 +3.5893e-14 +3.3769e-14 +3.2470e-14 +3.2347e-14 +3.3753e-14 +3.7038e-14 +4.2395e-14 +4.8269e-14 +5.2034e-14 +5.1044e-14 +4.3130e-14 +3.1276e-14 +2.1628e-14 +1.9826e-14 +2.3009e-14 +2.1689e-14 +1.1478e-14 +2.5627e-15 +2.3868e-15 +3.0105e-15 +2.1706e-15 +4.7438e-15 +2.5402e-15 +1.6015e-15 +7.6736e-16 +7.2361e-16 +4.4603e-16 +7.8479e-17 
+7.0795e+03 +2.9040e-13 +3.2588e-13 +3.5769e-13 +3.8598e-13 +4.1086e-13 +4.3246e-13 +4.5092e-13 +4.6637e-13 +4.7892e-13 +4.8871e-13 +4.9588e-13 +5.0054e-13 +5.0283e-13 +5.0288e-13 +5.0081e-13 +4.9676e-13 +4.9085e-13 +4.8321e-13 +4.7397e-13 +4.6326e-13 +4.5122e-13 +4.3796e-13 +4.2361e-13 +4.0832e-13 +3.9220e-13 +3.7538e-13 +3.5799e-13 +3.4017e-13 +3.2204e-13 +3.0373e-13 +2.8536e-13 +2.6708e-13 +2.4900e-13 +2.3125e-13 +2.1397e-13 +1.9729e-13 +1.8132e-13 +1.6621e-13 +1.5208e-13 +1.3905e-13 +1.2727e-13 +1.1685e-13 +1.0793e-13 +1.0063e-13 +9.5086e-14 +9.1335e-14 +8.9104e-14 +8.8057e-14 +8.7857e-14 +8.8167e-14 +8.8649e-14 +8.8968e-14 +8.8786e-14 +8.7804e-14 +8.5835e-14 +8.2711e-14 +7.8265e-14 +7.2327e-14 +6.4795e-14 +5.6265e-14 +4.7764e-14 +4.0325e-14 +3.4853e-14 +3.0849e-14 +2.6953e-14 +2.1911e-14 +1.6286e-14 +1.2060e-14 +1.0045e-14 +7.7294e-15 +3.8396e-15 +2.3488e-15 +2.9244e-15 +9.6192e-16 +9.8368e-16 +1.7032e-15 +1.1314e-15 +2.6857e-16 +2.2592e-16 +1.2828e-16 
+8.9125e+03 +3.2079e-13 +3.2324e-13 +3.2536e-13 +3.2717e-13 +3.2867e-13 +3.2987e-13 +3.3077e-13 +3.3137e-13 +3.3169e-13 +3.3172e-13 +3.3148e-13 +3.3097e-13 +3.3019e-13 +3.2915e-13 +3.2786e-13 +3.2632e-13 +3.2454e-13 +3.2252e-13 +3.2027e-13 +3.1779e-13 +3.1509e-13 +3.1218e-13 +3.0906e-13 +3.0573e-13 +3.0221e-13 +2.9850e-13 +2.9459e-13 +2.9051e-13 +2.8625e-13 +2.8183e-13 +2.7723e-13 +2.7248e-13 +2.6758e-13 +2.6253e-13 +2.5734e-13 +2.5201e-13 +2.4655e-13 +2.4097e-13 +2.3527e-13 +2.2945e-13 +2.2353e-13 +2.1750e-13 +2.1138e-13 +2.0516e-13 +1.9886e-13 +1.9244e-13 +1.8573e-13 +1.7854e-13 +1.7066e-13 +1.6191e-13 +1.5208e-13 +1.4097e-13 +1.2840e-13 +1.1435e-13 +9.9434e-14 +8.4336e-14 +6.9755e-14 +5.6388e-14 +4.4889e-14 +3.5470e-14 +2.8065e-14 +2.2606e-14 +1.8976e-14 +1.6532e-14 +1.4311e-14 +1.1453e-14 +8.7886e-15 +8.4675e-15 +1.0646e-14 +9.8786e-15 +3.6901e-15 +1.0247e-15 +3.0697e-15 +1.5626e-15 +2.9196e-16 +1.0298e-15 +1.0210e-15 +3.0077e-16 +2.0285e-16 +5.9383e-17 
+1.1220e+04 +4.2818e-13 +4.1596e-13 +4.0481e-13 +3.9468e-13 +3.8552e-13 +3.7728e-13 +3.6991e-13 +3.6334e-13 +3.5753e-13 +3.5241e-13 +3.4795e-13 +3.4408e-13 +3.4075e-13 +3.3791e-13 +3.3550e-13 +3.3347e-13 +3.3176e-13 +3.3033e-13 +3.2911e-13 +3.2806e-13 +3.2712e-13 +3.2624e-13 +3.2536e-13 +3.2443e-13 +3.2340e-13 +3.2221e-13 +3.2080e-13 +3.1913e-13 +3.1715e-13 +3.1479e-13 +3.1200e-13 +3.0873e-13 +3.0493e-13 +3.0054e-13 +2.9551e-13 +2.8979e-13 +2.8332e-13 +2.7604e-13 +2.6791e-13 +2.5887e-13 +2.4887e-13 +2.3784e-13 +2.2575e-13 +2.1253e-13 +1.9814e-13 +1.8260e-13 +1.6626e-13 +1.4950e-13 +1.3274e-13 +1.1637e-13 +1.0080e-13 +8.6417e-14 +7.3628e-14 +6.2722e-14 +5.3675e-14 +4.6405e-14 +4.0831e-14 +3.6871e-14 +3.4413e-14 +3.3017e-14 +3.2041e-14 +3.0839e-14 +2.8795e-14 +2.5599e-14 +2.1129e-14 +1.5366e-14 +9.8065e-15 +7.1310e-15 +8.1081e-15 +8.1391e-15 +4.4188e-15 +2.0933e-15 +3.1835e-15 +3.9737e-15 +1.8222e-15 +1.5517e-15 +6.1240e-16 +6.3624e-16 +2.0980e-16 +1.7540e-16 
+1.4125e+04 +1.7794e-13 +1.7449e-13 +1.7178e-13 +1.6977e-13 +1.6842e-13 +1.6769e-13 +1.6753e-13 +1.6789e-13 +1.6874e-13 +1.7003e-13 +1.7173e-13 +1.7377e-13 +1.7614e-13 +1.7877e-13 +1.8163e-13 +1.8468e-13 +1.8786e-13 +1.9115e-13 +1.9449e-13 +1.9785e-13 +2.0118e-13 +2.0443e-13 +2.0757e-13 +2.1054e-13 +2.1332e-13 +2.1585e-13 +2.1810e-13 +2.2001e-13 +2.2155e-13 +2.2268e-13 +2.2334e-13 +2.2350e-13 +2.2312e-13 +2.2215e-13 +2.2055e-13 +2.1827e-13 +2.1528e-13 +2.1153e-13 +2.0697e-13 +2.0157e-13 +1.9528e-13 +1.8806e-13 +1.7986e-13 +1.7064e-13 +1.6037e-13 +1.4907e-13 +1.3708e-13 +1.2478e-13 +1.1254e-13 +1.0076e-13 +8.9823e-14 +8.0104e-14 +7.1992e-14 +6.5637e-14 +6.0518e-14 +5.5993e-14 +5.1417e-14 +4.6149e-14 +3.9644e-14 +3.2437e-14 +2.5730e-14 +2.0733e-14 +1.8485e-14 +1.8157e-14 +1.7773e-14 +1.5496e-14 +1.1880e-14 +9.3423e-15 +8.9114e-15 +7.6332e-15 +3.8933e-15 +1.9616e-15 +2.3990e-15 +1.3205e-15 +1.0532e-15 +9.2995e-16 +7.5684e-16 +1.8664e-16 +1.3946e-16 +1.3966e-16 
+1.7783e+04 +4.5497e-13 +4.7351e-13 +4.8965e-13 +5.0348e-13 +5.1506e-13 +5.2450e-13 +5.3187e-13 +5.3725e-13 +5.4073e-13 +5.4239e-13 +5.4232e-13 +5.4059e-13 +5.3729e-13 +5.3251e-13 +5.2633e-13 +5.1882e-13 +5.1008e-13 +5.0019e-13 +4.8923e-13 +4.7728e-13 +4.6443e-13 +4.5076e-13 +4.3635e-13 +4.2129e-13 +4.0565e-13 +3.8954e-13 +3.7301e-13 +3.5617e-13 +3.3909e-13 +3.2186e-13 +3.0456e-13 +2.8727e-13 +2.7007e-13 +2.5306e-13 +2.3630e-13 +2.1989e-13 +2.0392e-13 +1.8845e-13 +1.7358e-13 +1.5939e-13 +1.4596e-13 +1.3337e-13 +1.2171e-13 +1.1107e-13 +1.0152e-13 +9.3114e-14 +8.5780e-14 +7.9424e-14 +7.3950e-14 +6.9263e-14 +6.5267e-14 +6.1866e-14 +5.8966e-14 +5.6455e-14 +5.4176e-14 +5.1966e-14 +4.9660e-14 +4.7094e-14 +4.4118e-14 +4.0742e-14 +3.7073e-14 +3.3222e-14 +2.9287e-14 +2.5256e-14 +2.1044e-14 +1.6619e-14 +1.2723e-14 +1.0703e-14 +1.0892e-14 +1.0775e-14 +8.3800e-15 +4.8126e-15 +1.9218e-15 +1.2149e-15 +1.6757e-15 +1.0350e-15 +3.0742e-16 +3.1292e-16 +1.5138e-16 +1.0261e-16 
+2.2387e+04 +3.0953e-13 +3.1129e-13 +3.1246e-13 +3.1305e-13 +3.1309e-13 +3.1260e-13 +3.1159e-13 +3.1010e-13 +3.0814e-13 +3.0573e-13 +3.0290e-13 +2.9966e-13 +2.9604e-13 +2.9206e-13 +2.8774e-13 +2.8309e-13 +2.7815e-13 +2.7293e-13 +2.6746e-13 +2.6175e-13 +2.5583e-13 +2.4971e-13 +2.4343e-13 +2.3699e-13 +2.3043e-13 +2.2376e-13 +2.1700e-13 +2.1018e-13 +2.0331e-13 +1.9642e-13 +1.8953e-13 +1.8266e-13 +1.7584e-13 +1.6907e-13 +1.6239e-13 +1.5581e-13 +1.4936e-13 +1.4305e-13 +1.3692e-13 +1.3097e-13 +1.2524e-13 +1.1973e-13 +1.1448e-13 +1.0951e-13 +1.0483e-13 +1.0044e-13 +9.6221e-14 +9.2043e-14 +8.7769e-14 +8.3266e-14 +7.8399e-14 +7.3034e-14 +6.7036e-14 +6.0406e-14 +5.3540e-14 +4.6904e-14 +4.0966e-14 +3.6191e-14 +3.2982e-14 +3.1038e-14 +2.9627e-14 +2.8009e-14 +2.5497e-14 +2.1974e-14 +1.7677e-14 +1.2886e-14 +8.5237e-15 +6.0125e-15 +5.8749e-15 +6.1125e-15 +5.1207e-15 +3.7427e-15 +2.8766e-15 +2.5183e-15 +1.3164e-15 +6.9609e-16 +5.7391e-16 +2.8372e-16 +1.5002e-16 +6.6817e-17 
+2.8184e+04 +4.6249e-13 +4.6882e-13 +4.7402e-13 +4.7812e-13 +4.8116e-13 +4.8316e-13 +4.8417e-13 +4.8422e-13 +4.8335e-13 +4.8159e-13 +4.7897e-13 +4.7554e-13 +4.7132e-13 +4.6635e-13 +4.6067e-13 +4.5431e-13 +4.4730e-13 +4.3969e-13 +4.3150e-13 +4.2277e-13 +4.1354e-13 +4.0384e-13 +3.9371e-13 +3.8318e-13 +3.7228e-13 +3.6106e-13 +3.4954e-13 +3.3776e-13 +3.2576e-13 +3.1357e-13 +3.0123e-13 +2.8877e-13 +2.7623e-13 +2.6363e-13 +2.5103e-13 +2.3844e-13 +2.2592e-13 +2.1348e-13 +2.0117e-13 +1.8902e-13 +1.7707e-13 +1.6536e-13 +1.5390e-13 +1.4275e-13 +1.3194e-13 +1.2150e-13 +1.1147e-13 +1.0189e-13 +9.2807e-14 +8.4249e-14 +7.6259e-14 +6.8877e-14 +6.2142e-14 +5.6071e-14 +5.0616e-14 +4.5717e-14 +4.1314e-14 +3.7347e-14 +3.3753e-14 +3.0434e-14 +2.7269e-14 +2.4140e-14 +2.0946e-14 +1.7810e-14 +1.4990e-14 +1.2726e-14 +1.0903e-14 +9.1350e-15 +7.2296e-15 +5.5562e-15 +4.3565e-15 +3.2235e-15 +2.2693e-15 +1.9776e-15 +1.2243e-15 +5.3628e-16 +5.0163e-16 +2.1610e-16 +2.5131e-16 +1.0036e-16 
+3.5481e+04 +3.7779e-13 +3.6610e-13 +3.5501e-13 +3.4452e-13 +3.3460e-13 +3.2522e-13 +3.1635e-13 +3.0797e-13 +3.0005e-13 +2.9257e-13 +2.8550e-13 +2.7882e-13 +2.7249e-13 +2.6650e-13 +2.6082e-13 +2.5542e-13 +2.5028e-13 +2.4536e-13 +2.4066e-13 +2.3613e-13 +2.3175e-13 +2.2750e-13 +2.2336e-13 +2.1929e-13 +2.1527e-13 +2.1127e-13 +2.0727e-13 +2.0325e-13 +1.9917e-13 +1.9501e-13 +1.9075e-13 +1.8635e-13 +1.8181e-13 +1.7707e-13 +1.7213e-13 +1.6696e-13 +1.6153e-13 +1.5581e-13 +1.4978e-13 +1.4342e-13 +1.3669e-13 +1.2957e-13 +1.2204e-13 +1.1407e-13 +1.0563e-13 +9.6764e-14 +8.7737e-14 +7.8858e-14 +7.0437e-14 +6.2785e-14 +5.6212e-14 +5.1029e-14 +4.7547e-14 +4.5818e-14 +4.5156e-14 +4.4736e-14 +4.3735e-14 +4.1330e-14 +3.6813e-14 +3.0737e-14 +2.4431e-14 +1.9237e-14 +1.6348e-14 +1.5341e-14 +1.4805e-14 +1.3393e-14 +1.1017e-14 +8.5660e-15 +6.6620e-15 +5.1167e-15 +3.9325e-15 +4.0364e-15 +4.4465e-15 +2.7653e-15 +1.4101e-15 +1.1347e-15 +5.6830e-16 +3.5109e-16 +1.3537e-16 +8.8327e-17 
+4.4668e+04 +3.4158e-13 +3.4653e-13 +3.5037e-13 +3.5316e-13 +3.5493e-13 +3.5573e-13 +3.5560e-13 +3.5459e-13 +3.5275e-13 +3.5010e-13 +3.4671e-13 +3.4261e-13 +3.3785e-13 +3.3248e-13 +3.2653e-13 +3.2005e-13 +3.1308e-13 +3.0568e-13 +2.9788e-13 +2.8972e-13 +2.8126e-13 +2.7253e-13 +2.6359e-13 +2.5447e-13 +2.4521e-13 +2.3587e-13 +2.2649e-13 +2.1711e-13 +2.0777e-13 +1.9853e-13 +1.8941e-13 +1.8048e-13 +1.7176e-13 +1.6332e-13 +1.5518e-13 +1.4740e-13 +1.4002e-13 +1.3308e-13 +1.2662e-13 +1.2070e-13 +1.1536e-13 +1.1063e-13 +1.0657e-13 +1.0322e-13 +1.0061e-13 +9.8727e-14 +9.7236e-14 +9.5762e-14 +9.3929e-14 +9.1358e-14 +8.7672e-14 +8.2493e-14 +7.5443e-14 +6.6462e-14 +5.6409e-14 +4.6310e-14 +3.7190e-14 +3.0076e-14 +2.5868e-14 +2.4101e-14 +2.3468e-14 +2.2650e-14 +2.0452e-14 +1.7044e-14 +1.3433e-14 +1.0586e-14 +8.7015e-15 +7.3779e-15 +6.3161e-15 +5.5455e-15 +4.9047e-15 +3.5337e-15 +1.8236e-15 +1.3083e-15 +1.1041e-15 +7.3229e-16 +4.7010e-16 +1.6422e-16 +1.0265e-16 +6.2594e-17 
+5.6234e+04 +3.7147e-13 +3.5530e-13 +3.4010e-13 +3.2582e-13 +3.1245e-13 +2.9993e-13 +2.8824e-13 +2.7734e-13 +2.6720e-13 +2.5778e-13 +2.4905e-13 +2.4097e-13 +2.3350e-13 +2.2661e-13 +2.2027e-13 +2.1444e-13 +2.0909e-13 +2.0417e-13 +1.9967e-13 +1.9553e-13 +1.9172e-13 +1.8822e-13 +1.8499e-13 +1.8198e-13 +1.7917e-13 +1.7651e-13 +1.7399e-13 +1.7155e-13 +1.6917e-13 +1.6680e-13 +1.6442e-13 +1.6199e-13 +1.5948e-13 +1.5684e-13 +1.5405e-13 +1.5107e-13 +1.4786e-13 +1.4440e-13 +1.4063e-13 +1.3653e-13 +1.3207e-13 +1.2721e-13 +1.2191e-13 +1.1614e-13 +1.0986e-13 +1.0308e-13 +9.5926e-14 +8.8559e-14 +8.1137e-14 +7.3820e-14 +6.6765e-14 +6.0132e-14 +5.4079e-14 +4.8696e-14 +4.3870e-14 +3.9453e-14 +3.5297e-14 +3.1252e-14 +2.7190e-14 +2.3184e-14 +1.9437e-14 +1.6152e-14 +1.3514e-14 +1.1490e-14 +9.9206e-15 +8.6509e-15 +7.6770e-15 +7.1118e-15 +6.8216e-15 +5.9831e-15 +4.2107e-15 +2.7467e-15 +2.1671e-15 +1.8575e-15 +1.3609e-15 +7.4464e-16 +3.3411e-16 +2.7928e-16 +1.5872e-16 +9.9410e-17 
+7.0795e+04 +2.7297e-13 +2.6115e-13 +2.5017e-13 +2.3999e-13 +2.3057e-13 +2.2189e-13 +2.1391e-13 +2.0659e-13 +1.9991e-13 +1.9383e-13 +1.8832e-13 +1.8334e-13 +1.7886e-13 +1.7484e-13 +1.7127e-13 +1.6809e-13 +1.6528e-13 +1.6280e-13 +1.6063e-13 +1.5872e-13 +1.5705e-13 +1.5558e-13 +1.5427e-13 +1.5310e-13 +1.5203e-13 +1.5103e-13 +1.5007e-13 +1.4910e-13 +1.4811e-13 +1.4704e-13 +1.4588e-13 +1.4459e-13 +1.4313e-13 +1.4148e-13 +1.3959e-13 +1.3744e-13 +1.3499e-13 +1.3221e-13 +1.2906e-13 +1.2552e-13 +1.2154e-13 +1.1710e-13 +1.1217e-13 +1.0670e-13 +1.0066e-13 +9.4078e-14 +8.7111e-14 +7.9963e-14 +7.2838e-14 +6.5937e-14 +5.9463e-14 +5.3619e-14 +4.8606e-14 +4.4519e-14 +4.1138e-14 +3.8187e-14 +3.5389e-14 +3.2470e-14 +2.9182e-14 +2.5614e-14 +2.2059e-14 +1.8815e-14 +1.6147e-14 +1.3994e-14 +1.2093e-14 +1.0194e-14 +8.2917e-15 +6.5728e-15 +5.1707e-15 +4.0602e-15 +3.1763e-15 +2.4209e-15 +1.8473e-15 +1.5675e-15 +1.1702e-15 +7.1194e-16 +3.3365e-16 +3.1399e-16 +1.7261e-16 +5.8901e-17 
+8.9125e+04 +1.4527e-13 +1.4903e-13 +1.5232e-13 +1.5515e-13 +1.5754e-13 +1.5951e-13 +1.6106e-13 +1.6222e-13 +1.6300e-13 +1.6341e-13 +1.6348e-13 +1.6320e-13 +1.6261e-13 +1.6172e-13 +1.6054e-13 +1.5908e-13 +1.5736e-13 +1.5540e-13 +1.5322e-13 +1.5082e-13 +1.4822e-13 +1.4544e-13 +1.4249e-13 +1.3939e-13 +1.3616e-13 +1.3280e-13 +1.2934e-13 +1.2578e-13 +1.2215e-13 +1.1846e-13 +1.1473e-13 +1.1096e-13 +1.0718e-13 +1.0340e-13 +9.9632e-14 +9.5897e-14 +9.2208e-14 +8.8580e-14 +8.5028e-14 +8.1568e-14 +7.8215e-14 +7.4984e-14 +7.1890e-14 +6.8949e-14 +6.6175e-14 +6.3566e-14 +6.1051e-14 +5.8550e-14 +5.5981e-14 +5.3261e-14 +5.0308e-14 +4.7040e-14 +4.3375e-14 +3.9315e-14 +3.5104e-14 +3.1029e-14 +2.7379e-14 +2.4440e-14 +2.2460e-14 +2.1215e-14 +2.0198e-14 +1.8896e-14 +1.6852e-14 +1.4235e-14 +1.1595e-14 +9.4597e-15 +7.9418e-15 +6.8294e-15 +5.8700e-15 +4.7245e-15 +3.2947e-15 +2.2278e-15 +1.7544e-15 +1.4599e-15 +1.1691e-15 +8.8213e-16 +3.0060e-16 +2.3343e-16 +1.5098e-16 +6.3357e-17 
+1.1220e+05 +1.5039e-13 +1.5406e-13 +1.5714e-13 +1.5965e-13 +1.6160e-13 +1.6303e-13 +1.6395e-13 +1.6438e-13 +1.6436e-13 +1.6390e-13 +1.6303e-13 +1.6177e-13 +1.6014e-13 +1.5817e-13 +1.5588e-13 +1.5329e-13 +1.5042e-13 +1.4730e-13 +1.4395e-13 +1.4040e-13 +1.3666e-13 +1.3276e-13 +1.2873e-13 +1.2458e-13 +1.2034e-13 +1.1603e-13 +1.1167e-13 +1.0730e-13 +1.0292e-13 +9.8571e-14 +9.4266e-14 +9.0032e-14 +8.5890e-14 +8.1864e-14 +7.7977e-14 +7.4251e-14 +7.0711e-14 +6.7378e-14 +6.4276e-14 +6.1428e-14 +5.8857e-14 +5.6586e-14 +5.4637e-14 +5.3035e-14 +5.1801e-14 +5.0926e-14 +5.0288e-14 +4.9742e-14 +4.9140e-14 +4.8339e-14 +4.7191e-14 +4.5551e-14 +4.3273e-14 +4.0297e-14 +3.6810e-14 +3.3042e-14 +2.9225e-14 +2.5589e-14 +2.2350e-14 +1.9542e-14 +1.7089e-14 +1.4911e-14 +1.2931e-14 +1.1083e-14 +9.3039e-15 +7.5453e-15 +5.9394e-15 +4.7601e-15 +4.0955e-15 +3.5098e-15 +2.6857e-15 +1.9222e-15 +1.4561e-15 +1.2580e-15 +1.0927e-15 +6.4963e-16 +3.6451e-16 +3.3504e-16 +8.3354e-17 +6.1583e-17 
+1.4125e+05 +1.5421e-13 +1.5725e-13 +1.5975e-13 +1.6175e-13 +1.6325e-13 +1.6429e-13 +1.6488e-13 +1.6503e-13 +1.6477e-13 +1.6412e-13 +1.6309e-13 +1.6171e-13 +1.6000e-13 +1.5796e-13 +1.5563e-13 +1.5302e-13 +1.5015e-13 +1.4704e-13 +1.4372e-13 +1.4019e-13 +1.3647e-13 +1.3260e-13 +1.2858e-13 +1.2443e-13 +1.2019e-13 +1.1585e-13 +1.1145e-13 +1.0700e-13 +1.0252e-13 +9.8031e-14 +9.3553e-14 +8.9104e-14 +8.4704e-14 +8.0370e-14 +7.6124e-14 +7.1983e-14 +6.7968e-14 +6.4096e-14 +6.0389e-14 +5.6864e-14 +5.3540e-14 +5.0438e-14 +4.7577e-14 +4.4975e-14 +4.2651e-14 +4.0610e-14 +3.8802e-14 +3.7167e-14 +3.5644e-14 +3.4172e-14 +3.2692e-14 +3.1142e-14 +2.9463e-14 +2.7618e-14 +2.5645e-14 +2.3594e-14 +2.1515e-14 +1.9458e-14 +1.7473e-14 +1.5599e-14 +1.3870e-14 +1.2319e-14 +1.0973e-14 +9.7938e-15 +8.6985e-15 +7.6057e-15 +6.4351e-15 +5.1077e-15 +3.7140e-15 +2.8132e-15 +2.6441e-15 +2.2809e-15 +1.5112e-15 +1.0879e-15 +8.9101e-16 +5.7335e-16 +3.6270e-16 +1.8789e-16 +1.2893e-16 +4.9531e-17 
+1.7783e+05 +1.1390e-13 +1.1999e-13 +1.2537e-13 +1.3007e-13 +1.3410e-13 +1.3749e-13 +1.4027e-13 +1.4246e-13 +1.4409e-13 +1.4519e-13 +1.4577e-13 +1.4586e-13 +1.4550e-13 +1.4469e-13 +1.4348e-13 +1.4188e-13 +1.3991e-13 +1.3761e-13 +1.3500e-13 +1.3210e-13 +1.2894e-13 +1.2555e-13 +1.2194e-13 +1.1815e-13 +1.1420e-13 +1.1011e-13 +1.0591e-13 +1.0162e-13 +9.7279e-14 +9.2898e-14 +8.8506e-14 +8.4129e-14 +7.9792e-14 +7.5519e-14 +7.1336e-14 +6.7269e-14 +6.3341e-14 +5.9578e-14 +5.6006e-14 +5.2648e-14 +4.9531e-14 +4.6680e-14 +4.4119e-14 +4.1874e-14 +3.9969e-14 +3.8407e-14 +3.7114e-14 +3.5998e-14 +3.4968e-14 +3.3935e-14 +3.2805e-14 +3.1490e-14 +2.9897e-14 +2.7980e-14 +2.5822e-14 +2.3527e-14 +2.1202e-14 +1.8952e-14 +1.6872e-14 +1.4951e-14 +1.3108e-14 +1.1266e-14 +9.3634e-15 +7.5490e-15 +6.1007e-15 +5.2703e-15 +4.8860e-15 +4.4454e-15 +3.6563e-15 +2.8309e-15 +2.2544e-15 +1.8255e-15 +1.4980e-15 +1.2609e-15 +7.1154e-16 +4.5150e-16 +2.5192e-16 +1.7398e-16 +9.5167e-17 +4.9612e-17 
+2.2387e+05 +9.0111e-14 +9.0147e-14 +9.0076e-14 +8.9903e-14 +8.9630e-14 +8.9261e-14 +8.8799e-14 +8.8250e-14 +8.7615e-14 +8.6898e-14 +8.6104e-14 +8.5236e-14 +8.4297e-14 +8.3291e-14 +8.2221e-14 +8.1092e-14 +7.9906e-14 +7.8668e-14 +7.7381e-14 +7.6049e-14 +7.4674e-14 +7.3262e-14 +7.1815e-14 +7.0337e-14 +6.8832e-14 +6.7303e-14 +6.5754e-14 +6.4188e-14 +6.2609e-14 +6.1021e-14 +5.9428e-14 +5.7832e-14 +5.6237e-14 +5.4648e-14 +5.3068e-14 +5.1499e-14 +4.9947e-14 +4.8414e-14 +4.6904e-14 +4.5421e-14 +4.3969e-14 +4.2550e-14 +4.1169e-14 +3.9829e-14 +3.8534e-14 +3.7276e-14 +3.6009e-14 +3.4678e-14 +3.3231e-14 +3.1613e-14 +2.9770e-14 +2.7647e-14 +2.5191e-14 +2.2405e-14 +1.9466e-14 +1.6577e-14 +1.3944e-14 +1.1772e-14 +1.0246e-14 +9.3162e-15 +8.7926e-15 +8.4819e-15 +8.1936e-15 +7.7698e-15 +7.0719e-15 +5.9833e-15 +4.7165e-15 +3.7407e-15 +3.2687e-15 +2.7855e-15 +1.9651e-15 +1.3971e-15 +1.1635e-15 +7.5123e-16 +6.1313e-16 +4.3675e-16 +2.3351e-16 +1.6198e-16 +9.4731e-17 +3.7574e-17 
+2.8184e+05 +6.8166e-14 +6.8033e-14 +6.7824e-14 +6.7542e-14 +6.7190e-14 +6.6770e-14 +6.6284e-14 +6.5737e-14 +6.5129e-14 +6.4464e-14 +6.3745e-14 +6.2974e-14 +6.2154e-14 +6.1288e-14 +6.0377e-14 +5.9426e-14 +5.8436e-14 +5.7410e-14 +5.6351e-14 +5.5262e-14 +5.4145e-14 +5.3002e-14 +5.1837e-14 +5.0653e-14 +4.9451e-14 +4.8234e-14 +4.7006e-14 +4.5769e-14 +4.4525e-14 +4.3277e-14 +4.2029e-14 +4.0781e-14 +3.9538e-14 +3.8301e-14 +3.7075e-14 +3.5860e-14 +3.4660e-14 +3.3477e-14 +3.2315e-14 +3.1175e-14 +3.0061e-14 +2.8975e-14 +2.7920e-14 +2.6898e-14 +2.5912e-14 +2.4961e-14 +2.4026e-14 +2.3087e-14 +2.2124e-14 +2.1114e-14 +2.0038e-14 +1.8875e-14 +1.7604e-14 +1.6221e-14 +1.4771e-14 +1.3309e-14 +1.1890e-14 +1.0568e-14 +9.3928e-15 +8.3804e-15 +7.5225e-15 +6.8110e-15 +6.2322e-15 +5.7113e-15 +5.1362e-15 +4.4052e-15 +3.5844e-15 +2.8712e-15 +2.3725e-15 +1.9357e-15 +1.4613e-15 +1.1315e-15 +9.0043e-16 +5.4469e-16 +4.7421e-16 +3.2392e-16 +2.0635e-16 +1.3570e-16 +7.5984e-17 +4.0769e-17 
+3.5481e+05 +5.2887e-14 +5.3761e-14 +5.4493e-14 +5.5087e-14 +5.5548e-14 +5.5880e-14 +5.6089e-14 +5.6178e-14 +5.6152e-14 +5.6017e-14 +5.5776e-14 +5.5434e-14 +5.4996e-14 +5.4466e-14 +5.3849e-14 +5.3149e-14 +5.2372e-14 +5.1522e-14 +5.0602e-14 +4.9619e-14 +4.8577e-14 +4.7479e-14 +4.6332e-14 +4.5138e-14 +4.3904e-14 +4.2634e-14 +4.1331e-14 +4.0002e-14 +3.8649e-14 +3.7279e-14 +3.5896e-14 +3.4504e-14 +3.3107e-14 +3.1711e-14 +3.0320e-14 +2.8939e-14 +2.7572e-14 +2.6224e-14 +2.4900e-14 +2.3603e-14 +2.2339e-14 +2.1113e-14 +1.9928e-14 +1.8790e-14 +1.7703e-14 +1.6671e-14 +1.5690e-14 +1.4760e-14 +1.3875e-14 +1.3035e-14 +1.2235e-14 +1.1473e-14 +1.0745e-14 +1.0054e-14 +9.4153e-15 +8.8454e-15 +8.3623e-15 +7.9835e-15 +7.7190e-15 +7.4952e-15 +7.1870e-15 +6.6685e-15 +5.8330e-15 +4.7821e-15 +3.7454e-15 +2.9426e-15 +2.4180e-15 +2.0792e-15 +1.8328e-15 +1.5945e-15 +1.3130e-15 +1.0291e-15 +7.3970e-16 +4.4612e-16 +4.1527e-16 +3.0199e-16 +1.3910e-16 +9.3418e-17 +4.6201e-17 +2.4350e-17 
+4.4668e+05 +2.6802e-14 +2.5952e-14 +2.5184e-14 +2.4494e-14 +2.3878e-14 +2.3333e-14 +2.2855e-14 +2.2439e-14 +2.2083e-14 +2.1781e-14 +2.1531e-14 +2.1328e-14 +2.1169e-14 +2.1050e-14 +2.0967e-14 +2.0917e-14 +2.0894e-14 +2.0896e-14 +2.0919e-14 +2.0959e-14 +2.1011e-14 +2.1073e-14 +2.1141e-14 +2.1209e-14 +2.1276e-14 +2.1336e-14 +2.1387e-14 +2.1424e-14 +2.1443e-14 +2.1441e-14 +2.1413e-14 +2.1356e-14 +2.1267e-14 +2.1141e-14 +2.0974e-14 +2.0762e-14 +2.0503e-14 +2.0191e-14 +1.9824e-14 +1.9396e-14 +1.8906e-14 +1.8347e-14 +1.7718e-14 +1.7014e-14 +1.6230e-14 +1.5370e-14 +1.4453e-14 +1.3505e-14 +1.2551e-14 +1.1616e-14 +1.0725e-14 +9.9020e-15 +9.1729e-15 +8.5494e-15 +8.0048e-15 +7.5059e-15 +7.0190e-15 +6.5109e-15 +5.9520e-15 +5.3550e-15 +4.7590e-15 +4.2031e-15 +3.7226e-15 +3.3089e-15 +2.9263e-15 +2.5402e-15 +2.1378e-15 +1.7232e-15 +1.3240e-15 +1.0305e-15 +8.8660e-16 +7.6628e-16 +5.8014e-16 +3.5881e-16 +2.5489e-16 +2.1227e-16 +1.4098e-16 +7.2098e-17 +4.2220e-17 +2.2456e-17 
+5.6234e+05 +2.4241e-14 +2.4210e-14 +2.4162e-14 +2.4099e-14 +2.4021e-14 +2.3927e-14 +2.3818e-14 +2.3694e-14 +2.3555e-14 +2.3401e-14 +2.3233e-14 +2.3050e-14 +2.2853e-14 +2.2642e-14 +2.2416e-14 +2.2177e-14 +2.1924e-14 +2.1657e-14 +2.1377e-14 +2.1084e-14 +2.0777e-14 +2.0457e-14 +2.0125e-14 +1.9780e-14 +1.9422e-14 +1.9052e-14 +1.8669e-14 +1.8274e-14 +1.7868e-14 +1.7449e-14 +1.7019e-14 +1.6577e-14 +1.6124e-14 +1.5659e-14 +1.5184e-14 +1.4697e-14 +1.4199e-14 +1.3691e-14 +1.3172e-14 +1.2643e-14 +1.2104e-14 +1.1554e-14 +1.0994e-14 +1.0425e-14 +9.8460e-15 +9.2593e-15 +8.6738e-15 +8.0996e-15 +7.5469e-15 +7.0257e-15 +6.5463e-15 +6.1188e-15 +5.7533e-15 +5.4518e-15 +5.1922e-15 +4.9484e-15 +4.6939e-15 +4.4026e-15 +4.0515e-15 +3.6546e-15 +3.2489e-15 +2.8714e-15 +2.5561e-15 +2.3019e-15 +2.0859e-15 +1.8847e-15 +1.6691e-15 +1.4055e-15 +1.1035e-15 +8.9360e-16 +8.3148e-16 +6.9580e-16 +4.4668e-16 +2.8855e-16 +2.1634e-16 +1.4562e-16 +8.5744e-17 +5.3229e-17 +2.6055e-17 +1.8613e-17 
+7.0795e+05 +1.1265e-14 +1.0841e-14 +1.0460e-14 +1.0120e-14 +9.8204e-15 +9.5580e-15 +9.3311e-15 +9.1377e-15 +8.9757e-15 +8.8431e-15 +8.7378e-15 +8.6580e-15 +8.6015e-15 +8.5663e-15 +8.5505e-15 +8.5518e-15 +8.5685e-15 +8.5984e-15 +8.6394e-15 +8.6897e-15 +8.7471e-15 +8.8096e-15 +8.8753e-15 +8.9420e-15 +9.0078e-15 +9.0706e-15 +9.1285e-15 +9.1793e-15 +9.2211e-15 +9.2518e-15 +9.2695e-15 +9.2720e-15 +9.2574e-15 +9.2237e-15 +9.1688e-15 +9.0907e-15 +8.9873e-15 +8.8568e-15 +8.6969e-15 +8.5057e-15 +8.2813e-15 +8.0215e-15 +7.7243e-15 +7.3877e-15 +7.0097e-15 +6.5919e-15 +6.1484e-15 +5.6957e-15 +5.2504e-15 +4.8293e-15 +4.4489e-15 +4.1258e-15 +3.8768e-15 +3.7067e-15 +3.5866e-15 +3.4815e-15 +3.3564e-15 +3.1761e-15 +2.9103e-15 +2.5784e-15 +2.2306e-15 +1.9175e-15 +1.6844e-15 +1.5194e-15 +1.3753e-15 +1.2074e-15 +1.0205e-15 +8.5755e-16 +7.3892e-16 +6.1945e-16 +4.7284e-16 +3.6074e-16 +2.9735e-16 +2.2842e-16 +1.5262e-16 +1.0429e-16 +7.0189e-17 +3.7979e-17 +2.6216e-17 +9.8797e-18 
+8.9125e+05 +8.0196e-15 +8.1611e-15 +8.2831e-15 +8.3862e-15 +8.4709e-15 +8.5379e-15 +8.5879e-15 +8.6213e-15 +8.6388e-15 +8.6411e-15 +8.6287e-15 +8.6022e-15 +8.5622e-15 +8.5094e-15 +8.4444e-15 +8.3677e-15 +8.2800e-15 +8.1818e-15 +8.0739e-15 +7.9567e-15 +7.8309e-15 +7.6971e-15 +7.5559e-15 +7.4079e-15 +7.2538e-15 +7.0941e-15 +6.9294e-15 +6.7603e-15 +6.5875e-15 +6.4116e-15 +6.2331e-15 +6.0527e-15 +5.8710e-15 +5.6885e-15 +5.5060e-15 +5.3239e-15 +5.1430e-15 +4.9638e-15 +4.7868e-15 +4.6128e-15 +4.4424e-15 +4.2761e-15 +4.1145e-15 +3.9583e-15 +3.8080e-15 +3.6639e-15 +3.5248e-15 +3.3892e-15 +3.2557e-15 +3.1227e-15 +2.9889e-15 +2.8527e-15 +2.7127e-15 +2.5681e-15 +2.4205e-15 +2.2717e-15 +2.1236e-15 +1.9781e-15 +1.8366e-15 +1.6963e-15 +1.5519e-15 +1.3978e-15 +1.2300e-15 +1.0589e-15 +9.0406e-16 +7.8315e-16 +6.8646e-16 +5.8270e-16 +4.6163e-16 +3.7271e-16 +3.3689e-16 +2.6323e-16 +1.6330e-16 +1.4556e-16 +9.7955e-17 +7.1654e-17 +4.5249e-17 +2.3669e-17 +1.8211e-17 +6.5470e-18 
+1.1220e+06 +4.6824e-15 +4.6882e-15 +4.6884e-15 +4.6831e-15 +4.6726e-15 +4.6570e-15 +4.6365e-15 +4.6113e-15 +4.5816e-15 +4.5477e-15 +4.5096e-15 +4.4675e-15 +4.4218e-15 +4.3725e-15 +4.3199e-15 +4.2640e-15 +4.2053e-15 +4.1437e-15 +4.0796e-15 +4.0131e-15 +3.9443e-15 +3.8736e-15 +3.8010e-15 +3.7268e-15 +3.6512e-15 +3.5743e-15 +3.4964e-15 +3.4176e-15 +3.3381e-15 +3.2582e-15 +3.1779e-15 +3.0976e-15 +3.0173e-15 +2.9374e-15 +2.8579e-15 +2.7791e-15 +2.7011e-15 +2.6242e-15 +2.5485e-15 +2.4742e-15 +2.4016e-15 +2.3308e-15 +2.2620e-15 +2.1953e-15 +2.1311e-15 +2.0692e-15 +2.0087e-15 +1.9484e-15 +1.8873e-15 +1.8243e-15 +1.7581e-15 +1.6877e-15 +1.6120e-15 +1.5302e-15 +1.4423e-15 +1.3484e-15 +1.2488e-15 +1.1436e-15 +1.0335e-15 +9.2382e-16 +8.2261e-16 +7.3813e-16 +6.7708e-16 +6.2984e-16 +5.7675e-16 +4.9985e-16 +4.0882e-16 +3.3497e-16 +2.9363e-16 +2.5449e-16 +1.9778e-16 +1.5728e-16 +1.3520e-16 +9.8271e-17 +7.5834e-17 +4.5817e-17 +2.9109e-17 +1.8213e-17 +1.0831e-17 +4.1257e-18 
+1.4125e+06 +1.9912e-15 +1.9278e-15 +1.8708e-15 +1.8199e-15 +1.7749e-15 +1.7355e-15 +1.7013e-15 +1.6721e-15 +1.6476e-15 +1.6275e-15 +1.6115e-15 +1.5993e-15 +1.5906e-15 +1.5851e-15 +1.5825e-15 +1.5826e-15 +1.5850e-15 +1.5894e-15 +1.5956e-15 +1.6032e-15 +1.6120e-15 +1.6217e-15 +1.6319e-15 +1.6424e-15 +1.6529e-15 +1.6631e-15 +1.6728e-15 +1.6815e-15 +1.6890e-15 +1.6950e-15 +1.6993e-15 +1.7015e-15 +1.7014e-15 +1.6986e-15 +1.6928e-15 +1.6838e-15 +1.6713e-15 +1.6549e-15 +1.6344e-15 +1.6096e-15 +1.5800e-15 +1.5454e-15 +1.5055e-15 +1.4600e-15 +1.4086e-15 +1.3514e-15 +1.2896e-15 +1.2245e-15 +1.1576e-15 +1.0904e-15 +1.0242e-15 +9.6054e-16 +9.0077e-16 +8.4582e-16 +7.9509e-16 +7.4770e-16 +7.0277e-16 +6.5942e-16 +6.1678e-16 +5.7410e-16 +5.3071e-16 +4.8591e-16 +4.3916e-16 +3.9143e-16 +3.4456e-16 +3.0030e-16 +2.5815e-16 +2.1587e-16 +1.7408e-16 +1.4147e-16 +1.2204e-16 +1.0214e-16 +7.6934e-17 +5.4874e-17 +3.7246e-17 +2.8401e-17 +1.7273e-17 +1.1566e-17 +6.0655e-18 +2.7425e-18 
+1.7783e+06 +1.2248e-15 +1.2475e-15 +1.2675e-15 +1.2848e-15 +1.2997e-15 +1.3121e-15 +1.3222e-15 +1.3299e-15 +1.3355e-15 +1.3389e-15 +1.3402e-15 +1.3396e-15 +1.3370e-15 +1.3326e-15 +1.3265e-15 +1.3187e-15 +1.3092e-15 +1.2983e-15 +1.2858e-15 +1.2721e-15 +1.2570e-15 +1.2406e-15 +1.2231e-15 +1.2046e-15 +1.1850e-15 +1.1646e-15 +1.1433e-15 +1.1212e-15 +1.0984e-15 +1.0750e-15 +1.0510e-15 +1.0266e-15 +1.0018e-15 +9.7670e-16 +9.5135e-16 +9.2583e-16 +9.0022e-16 +8.7460e-16 +8.4905e-16 +8.2364e-16 +7.9845e-16 +7.7355e-16 +7.4901e-16 +7.2493e-16 +7.0136e-16 +6.7834e-16 +6.5568e-16 +6.3316e-16 +6.1059e-16 +5.8772e-16 +5.6436e-16 +5.4028e-16 +5.1527e-16 +4.8922e-16 +4.6233e-16 +4.3487e-16 +4.0710e-16 +3.7927e-16 +3.5160e-16 +3.2385e-16 +2.9546e-16 +2.6590e-16 +2.3481e-16 +2.0400e-16 +1.7659e-16 +1.5541e-16 +1.3830e-16 +1.1926e-16 +9.6183e-17 +7.8071e-17 +6.9872e-17 +5.9189e-17 +4.4001e-17 +3.4644e-17 +2.3569e-17 +1.6560e-17 +1.0604e-17 +6.8625e-18 +3.8065e-18 +1.9314e-18 
+2.2387e+06 +6.6483e-16 +6.7069e-16 +6.7556e-16 +6.7948e-16 +6.8247e-16 +6.8456e-16 +6.8577e-16 +6.8614e-16 +6.8569e-16 +6.8445e-16 +6.8244e-16 +6.7970e-16 +6.7624e-16 +6.7211e-16 +6.6732e-16 +6.6191e-16 +6.5590e-16 +6.4932e-16 +6.4219e-16 +6.3455e-16 +6.2642e-16 +6.1783e-16 +6.0881e-16 +5.9938e-16 +5.8957e-16 +5.7941e-16 +5.6893e-16 +5.5815e-16 +5.4710e-16 +5.3582e-16 +5.2432e-16 +5.1263e-16 +5.0079e-16 +4.8881e-16 +4.7674e-16 +4.6458e-16 +4.5239e-16 +4.4017e-16 +4.2795e-16 +4.1577e-16 +4.0366e-16 +3.9163e-16 +3.7972e-16 +3.6796e-16 +3.5637e-16 +3.4495e-16 +3.3359e-16 +3.2217e-16 +3.1055e-16 +2.9861e-16 +2.8621e-16 +2.7324e-16 +2.5956e-16 +2.4519e-16 +2.3059e-16 +2.1631e-16 +2.0289e-16 +1.9085e-16 +1.8065e-16 +1.7154e-16 +1.6208e-16 +1.5081e-16 +1.3652e-16 +1.2073e-16 +1.0664e-16 +9.7143e-17 +9.0045e-17 +7.9193e-17 +6.2038e-17 +4.6290e-17 +3.7952e-17 +3.2750e-17 +2.5933e-17 +1.7034e-17 +1.4092e-17 +9.7670e-18 +6.2350e-18 +4.0175e-18 +2.2928e-18 +9.8450e-19 
+2.8184e+06 +3.2410e-16 +3.1147e-16 +2.9994e-16 +2.8946e-16 +2.7998e-16 +2.7146e-16 +2.6386e-16 +2.5712e-16 +2.5120e-16 +2.4606e-16 +2.4166e-16 +2.3794e-16 +2.3486e-16 +2.3238e-16 +2.3045e-16 +2.2903e-16 +2.2807e-16 +2.2752e-16 +2.2735e-16 +2.2750e-16 +2.2793e-16 +2.2859e-16 +2.2945e-16 +2.3044e-16 +2.3154e-16 +2.3270e-16 +2.3386e-16 +2.3498e-16 +2.3603e-16 +2.3694e-16 +2.3769e-16 +2.3822e-16 +2.3848e-16 +2.3844e-16 +2.3804e-16 +2.3725e-16 +2.3601e-16 +2.3429e-16 +2.3203e-16 +2.2919e-16 +2.2573e-16 +2.2160e-16 +2.1676e-16 +2.1115e-16 +2.0474e-16 +1.9752e-16 +1.8963e-16 +1.8124e-16 +1.7251e-16 +1.6362e-16 +1.5472e-16 +1.4600e-16 +1.3761e-16 +1.2968e-16 +1.2222e-16 +1.1521e-16 +1.0862e-16 +1.0245e-16 +9.6649e-17 +9.0949e-17 +8.4936e-17 +7.8193e-17 +7.0377e-17 +6.1936e-17 +5.3803e-17 +4.6861e-17 +4.1099e-17 +3.5808e-17 +3.0525e-17 +2.5516e-17 +2.1079e-17 +1.7226e-17 +1.3851e-17 +1.0755e-17 +7.6897e-18 +4.7058e-18 +3.8542e-18 +1.7984e-18 +1.1990e-18 +5.4874e-19 
+3.5481e+06 +1.4271e-16 +1.4327e-16 +1.4373e-16 +1.4411e-16 +1.4440e-16 +1.4460e-16 +1.4471e-16 +1.4474e-16 +1.4468e-16 +1.4454e-16 +1.4431e-16 +1.4400e-16 +1.4361e-16 +1.4314e-16 +1.4259e-16 +1.4196e-16 +1.4125e-16 +1.4046e-16 +1.3960e-16 +1.3866e-16 +1.3764e-16 +1.3656e-16 +1.3539e-16 +1.3416e-16 +1.3286e-16 +1.3148e-16 +1.3004e-16 +1.2852e-16 +1.2694e-16 +1.2529e-16 +1.2358e-16 +1.2180e-16 +1.1995e-16 +1.1804e-16 +1.1607e-16 +1.1404e-16 +1.1194e-16 +1.0979e-16 +1.0757e-16 +1.0530e-16 +1.0297e-16 +1.0058e-16 +9.8139e-17 +9.5641e-17 +9.3088e-17 +9.0479e-17 +8.7798e-17 +8.5029e-17 +8.2154e-17 +7.9156e-17 +7.6018e-17 +7.2724e-17 +6.9255e-17 +6.5623e-17 +6.1919e-17 +5.8249e-17 +5.4720e-17 +5.1437e-17 +4.8486e-17 +4.5726e-17 +4.2875e-17 +3.9649e-17 +3.5814e-17 +3.1652e-17 +2.7765e-17 +2.4710e-17 +2.2299e-17 +1.9763e-17 +1.6622e-17 +1.3236e-17 +1.0136e-17 +7.9222e-18 +6.5726e-18 +5.3538e-18 +3.9209e-18 +2.4704e-18 +1.8561e-18 +1.0000e-18 +5.6161e-19 +2.8322e-19 
+4.4668e+06 +6.9462e-17 +6.9542e-17 +6.9602e-17 +6.9641e-17 +6.9659e-17 +6.9655e-17 +6.9627e-17 +6.9575e-17 +6.9498e-17 +6.9395e-17 +6.9267e-17 +6.9110e-17 +6.8926e-17 +6.8713e-17 +6.8470e-17 +6.8197e-17 +6.7892e-17 +6.7555e-17 +6.7185e-17 +6.6782e-17 +6.6344e-17 +6.5870e-17 +6.5361e-17 +6.4814e-17 +6.4230e-17 +6.3607e-17 +6.2944e-17 +6.2241e-17 +6.1498e-17 +6.0712e-17 +5.9884e-17 +5.9012e-17 +5.8096e-17 +5.7135e-17 +5.6128e-17 +5.5075e-17 +5.3973e-17 +5.2824e-17 +5.1625e-17 +5.0377e-17 +4.9078e-17 +4.7727e-17 +4.6323e-17 +4.4867e-17 +4.3357e-17 +4.1799e-17 +4.0228e-17 +3.8681e-17 +3.7197e-17 +3.5815e-17 +3.4573e-17 +3.3510e-17 +3.2665e-17 +3.2026e-17 +3.1438e-17 +3.0719e-17 +2.9689e-17 +2.8165e-17 +2.5995e-17 +2.3343e-17 +2.0569e-17 +1.8035e-17 +1.6068e-17 +1.4596e-17 +1.3302e-17 +1.1890e-17 +1.0374e-17 +9.0191e-18 +7.9373e-18 +6.8121e-18 +5.4365e-18 +4.1468e-18 +3.2835e-18 +2.7925e-18 +1.7461e-18 +1.3373e-18 +7.6892e-19 +6.0561e-19 +2.5273e-19 +1.3886e-19 
+5.6234e+06 +3.2896e-17 +3.4214e-17 +3.5384e-17 +3.6412e-17 +3.7303e-17 +3.8062e-17 +3.8695e-17 +3.9206e-17 +3.9600e-17 +3.9883e-17 +4.0061e-17 +4.0137e-17 +4.0118e-17 +4.0009e-17 +3.9815e-17 +3.9540e-17 +3.9190e-17 +3.8771e-17 +3.8288e-17 +3.7745e-17 +3.7148e-17 +3.6502e-17 +3.5813e-17 +3.5085e-17 +3.4323e-17 +3.3534e-17 +3.2721e-17 +3.1891e-17 +3.1048e-17 +3.0197e-17 +2.9345e-17 +2.8495e-17 +2.7654e-17 +2.6826e-17 +2.6016e-17 +2.5230e-17 +2.4473e-17 +2.3750e-17 +2.3066e-17 +2.2427e-17 +2.1838e-17 +2.1303e-17 +2.0828e-17 +2.0419e-17 +2.0080e-17 +1.9808e-17 +1.9573e-17 +1.9338e-17 +1.9067e-17 +1.8722e-17 +1.8268e-17 +1.7668e-17 +1.6885e-17 +1.5910e-17 +1.4815e-17 +1.3685e-17 +1.2607e-17 +1.1666e-17 +1.0937e-17 +1.0377e-17 +9.8683e-18 +9.2930e-18 +8.5461e-18 +7.6653e-18 +6.7756e-18 +5.9953e-18 +5.3182e-18 +4.6407e-18 +3.9031e-18 +3.1731e-18 +2.5265e-18 +1.9949e-18 +1.5384e-18 +1.1059e-18 +8.8363e-19 +6.5428e-19 +4.0219e-19 +2.4983e-19 +1.4720e-19 +5.7820e-20 
+7.0795e+06 +1.4081e-17 +1.4222e-17 +1.4345e-17 +1.4452e-17 +1.4543e-17 +1.4618e-17 +1.4678e-17 +1.4723e-17 +1.4753e-17 +1.4769e-17 +1.4771e-17 +1.4760e-17 +1.4735e-17 +1.4699e-17 +1.4649e-17 +1.4589e-17 +1.4516e-17 +1.4433e-17 +1.4339e-17 +1.4235e-17 +1.4121e-17 +1.3998e-17 +1.3865e-17 +1.3724e-17 +1.3575e-17 +1.3418e-17 +1.3253e-17 +1.3081e-17 +1.2903e-17 +1.2718e-17 +1.2528e-17 +1.2332e-17 +1.2131e-17 +1.1925e-17 +1.1715e-17 +1.1501e-17 +1.1284e-17 +1.1063e-17 +1.0840e-17 +1.0615e-17 +1.0387e-17 +1.0158e-17 +9.9283e-18 +9.6976e-18 +9.4665e-18 +9.2352e-18 +9.0027e-18 +8.7678e-18 +8.5294e-18 +8.2863e-18 +8.0373e-18 +7.7813e-18 +7.5170e-18 +7.2410e-18 +6.9429e-18 +6.6111e-18 +6.2342e-18 +5.8004e-18 +5.3021e-18 +4.7729e-18 +4.2717e-18 +3.8582e-18 +3.5827e-18 +3.3981e-18 +3.1970e-18 +2.8790e-18 +2.4603e-18 +2.0480e-18 +1.7268e-18 +1.5116e-18 +1.3703e-18 +1.1680e-18 +8.5957e-19 +5.5665e-19 +4.1901e-19 +2.8991e-19 +1.7586e-19 +1.3592e-19 +7.2547e-20 +2.7668e-20 
+8.9125e+06 +6.5118e-18 +6.3662e-18 +6.2342e-18 +6.1152e-18 +6.0085e-18 +5.9135e-18 +5.8295e-18 +5.7560e-18 +5.6924e-18 +5.6379e-18 +5.5920e-18 +5.5541e-18 +5.5235e-18 +5.4996e-18 +5.4818e-18 +5.4694e-18 +5.4619e-18 +5.4585e-18 +5.4588e-18 +5.4620e-18 +5.4676e-18 +5.4748e-18 +5.4832e-18 +5.4920e-18 +5.5007e-18 +5.5085e-18 +5.5150e-18 +5.5194e-18 +5.5212e-18 +5.5196e-18 +5.5142e-18 +5.5043e-18 +5.4891e-18 +5.4682e-18 +5.4409e-18 +5.4066e-18 +5.3646e-18 +5.3144e-18 +5.2552e-18 +5.1866e-18 +5.1077e-18 +5.0181e-18 +4.9171e-18 +4.8041e-18 +4.6785e-18 +4.5400e-18 +4.3900e-18 +4.2304e-18 +4.0626e-18 +3.8885e-18 +3.7098e-18 +3.5281e-18 +3.3451e-18 +3.1626e-18 +2.9826e-18 +2.8072e-18 +2.6384e-18 +2.4782e-18 +2.3287e-18 +2.1909e-18 +2.0651e-18 +1.9520e-18 +1.8501e-18 +1.7385e-18 +1.5839e-18 +1.3576e-18 +1.0982e-18 +8.9663e-19 +7.9700e-19 +7.0893e-19 +5.6830e-19 +4.5510e-19 +3.8545e-19 +2.9110e-19 +2.1676e-19 +1.3656e-19 +8.2982e-20 +5.3019e-20 +2.9643e-20 +1.6274e-20 
+1.1220e+07 +2.7073e-18 +2.7212e-18 +2.7328e-18 +2.7421e-18 +2.7493e-18 +2.7543e-18 +2.7572e-18 +2.7581e-18 +2.7571e-18 +2.7541e-18 +2.7493e-18 +2.7426e-18 +2.7342e-18 +2.7241e-18 +2.7124e-18 +2.6990e-18 +2.6842e-18 +2.6678e-18 +2.6501e-18 +2.6309e-18 +2.6105e-18 +2.5888e-18 +2.5659e-18 +2.5418e-18 +2.5167e-18 +2.4905e-18 +2.4633e-18 +2.4352e-18 +2.4063e-18 +2.3765e-18 +2.3459e-18 +2.3147e-18 +2.2827e-18 +2.2502e-18 +2.2172e-18 +2.1836e-18 +2.1496e-18 +2.1153e-18 +2.0806e-18 +2.0456e-18 +2.0104e-18 +1.9751e-18 +1.9396e-18 +1.9041e-18 +1.8686e-18 +1.8330e-18 +1.7963e-18 +1.7575e-18 +1.7157e-18 +1.6697e-18 +1.6186e-18 +1.5613e-18 +1.4967e-18 +1.4248e-18 +1.3479e-18 +1.2687e-18 +1.1902e-18 +1.1150e-18 +1.0458e-18 +9.8183e-19 +9.2026e-19 +8.5836e-19 +7.9361e-19 +7.2634e-19 +6.5865e-19 +5.9231e-19 +5.2390e-19 +4.4593e-19 +3.6017e-19 +2.9422e-19 +2.6255e-19 +2.2826e-19 +1.7286e-19 +1.1590e-19 +8.4763e-20 +6.5758e-20 +3.8230e-20 +2.7321e-20 +1.1685e-20 +7.2708e-21 
+1.4125e+07 +1.1874e-18 +1.2249e-18 +1.2583e-18 +1.2878e-18 +1.3135e-18 +1.3355e-18 +1.3540e-18 +1.3691e-18 +1.3810e-18 +1.3898e-18 +1.3956e-18 +1.3985e-18 +1.3988e-18 +1.3964e-18 +1.3917e-18 +1.3847e-18 +1.3755e-18 +1.3643e-18 +1.3512e-18 +1.3364e-18 +1.3200e-18 +1.3022e-18 +1.2830e-18 +1.2626e-18 +1.2411e-18 +1.2188e-18 +1.1956e-18 +1.1718e-18 +1.1475e-18 +1.1229e-18 +1.0980e-18 +1.0730e-18 +1.0481e-18 +1.0234e-18 +9.9893e-19 +9.7495e-19 +9.5157e-19 +9.2893e-19 +9.0714e-19 +8.8637e-19 +8.6674e-19 +8.4838e-19 +8.3145e-19 +8.1607e-19 +8.0238e-19 +7.9029e-19 +7.7897e-19 +7.6740e-19 +7.5458e-19 +7.3951e-19 +7.2118e-19 +6.9859e-19 +6.7073e-19 +6.3735e-19 +6.0038e-19 +5.6215e-19 +5.2500e-19 +4.9124e-19 +4.6292e-19 +4.3885e-19 +4.1584e-19 +3.9068e-19 +3.6045e-19 +3.2537e-19 +2.8754e-19 +2.4915e-19 +2.1305e-19 +1.8255e-19 +1.5942e-19 +1.4107e-19 +1.2372e-19 +1.0230e-19 +7.7939e-20 +5.7495e-20 +3.8982e-20 +2.6967e-20 +1.8259e-20 +1.0285e-20 +5.5605e-21 +2.8600e-21 
+1.7783e+07 +5.3751e-19 +5.4695e-19 +5.5543e-19 +5.6299e-19 +5.6965e-19 +5.7543e-19 +5.8036e-19 +5.8446e-19 +5.8776e-19 +5.9028e-19 +5.9205e-19 +5.9309e-19 +5.9342e-19 +5.9308e-19 +5.9208e-19 +5.9045e-19 +5.8821e-19 +5.8540e-19 +5.8202e-19 +5.7812e-19 +5.7371e-19 +5.6881e-19 +5.6346e-19 +5.5768e-19 +5.5148e-19 +5.4491e-19 +5.3797e-19 +5.3070e-19 +5.2312e-19 +5.1526e-19 +5.0713e-19 +4.9877e-19 +4.9020e-19 +4.8144e-19 +4.7252e-19 +4.6346e-19 +4.5429e-19 +4.4503e-19 +4.3571e-19 +4.2634e-19 +4.1697e-19 +4.0761e-19 +3.9828e-19 +3.8901e-19 +3.7982e-19 +3.7071e-19 +3.6154e-19 +3.5215e-19 +3.4237e-19 +3.3205e-19 +3.2103e-19 +3.0914e-19 +2.9623e-19 +2.8223e-19 +2.6737e-19 +2.5192e-19 +2.3617e-19 +2.2038e-19 +2.0486e-19 +1.9027e-19 +1.7747e-19 +1.6733e-19 +1.6039e-19 +1.5366e-19 +1.4196e-19 +1.2070e-19 +9.4569e-20 +7.5536e-20 +6.9202e-20 +6.3087e-20 +4.8424e-20 +3.6445e-20 +3.0442e-20 +2.2295e-20 +1.6586e-20 +1.2848e-20 +8.4295e-21 +4.1665e-21 +2.6378e-21 +1.2567e-21 
+2.2387e+07 +2.3931e-19 +2.3361e-19 +2.2850e-19 +2.2396e-19 +2.1997e-19 +2.1648e-19 +2.1348e-19 +2.1093e-19 +2.0881e-19 +2.0709e-19 +2.0573e-19 +2.0472e-19 +2.0402e-19 +2.0360e-19 +2.0344e-19 +2.0350e-19 +2.0376e-19 +2.0419e-19 +2.0476e-19 +2.0545e-19 +2.0622e-19 +2.0704e-19 +2.0789e-19 +2.0874e-19 +2.0956e-19 +2.1032e-19 +2.1099e-19 +2.1155e-19 +2.1196e-19 +2.1220e-19 +2.1224e-19 +2.1205e-19 +2.1160e-19 +2.1086e-19 +2.0981e-19 +2.0841e-19 +2.0664e-19 +2.0447e-19 +2.0187e-19 +1.9882e-19 +1.9527e-19 +1.9121e-19 +1.8661e-19 +1.8143e-19 +1.7566e-19 +1.6929e-19 +1.6246e-19 +1.5532e-19 +1.4803e-19 +1.4075e-19 +1.3363e-19 +1.2683e-19 +1.2051e-19 +1.1474e-19 +1.0937e-19 +1.0422e-19 +9.9079e-20 +9.3765e-20 +8.8101e-20 +8.2120e-20 +7.5981e-20 +6.9843e-20 +6.3861e-20 +5.8120e-20 +5.2662e-20 +4.7512e-20 +4.2440e-20 +3.7017e-20 +3.1266e-20 +2.6485e-20 +2.3168e-20 +1.8853e-20 +1.3339e-20 +9.2690e-21 +6.4344e-21 +4.4731e-21 +3.3048e-21 +1.8365e-21 +1.0305e-21 +5.5279e-22 
+2.8184e+07 +9.9708e-20 +1.0240e-19 +1.0478e-19 +1.0685e-19 +1.0863e-19 +1.1012e-19 +1.1134e-19 +1.1230e-19 +1.1301e-19 +1.1348e-19 +1.1372e-19 +1.1375e-19 +1.1357e-19 +1.1320e-19 +1.1264e-19 +1.1192e-19 +1.1104e-19 +1.1000e-19 +1.0883e-19 +1.0753e-19 +1.0612e-19 +1.0461e-19 +1.0300e-19 +1.0131e-19 +9.9552e-20 +9.7734e-20 +9.5869e-20 +9.3968e-20 +9.2042e-20 +9.0102e-20 +8.8159e-20 +8.6226e-20 +8.4312e-20 +8.2430e-20 +8.0590e-20 +7.8804e-20 +7.7083e-20 +7.5439e-20 +7.3881e-20 +7.2423e-20 +7.1074e-20 +6.9847e-20 +6.8752e-20 +6.7801e-20 +6.7005e-20 +6.6352e-20 +6.5757e-20 +6.5117e-20 +6.4328e-20 +6.3289e-20 +6.1896e-20 +6.0047e-20 +5.7639e-20 +5.4650e-20 +5.1285e-20 +4.7794e-20 +4.4427e-20 +4.1432e-20 +3.9024e-20 +3.7043e-20 +3.5101e-20 +3.2806e-20 +2.9812e-20 +2.6296e-20 +2.2754e-20 +1.9664e-20 +1.7151e-20 +1.5066e-20 +1.3211e-20 +1.1271e-20 +9.0880e-21 +7.0263e-21 +5.4956e-21 +4.5249e-21 +3.0828e-21 +2.1902e-21 +1.3236e-21 +8.0889e-22 +4.1283e-22 +1.8861e-22 
+3.5481e+07 +4.5568e-20 +4.5457e-20 +4.5353e-20 +4.5255e-20 +4.5161e-20 +4.5070e-20 +4.4982e-20 +4.4894e-20 +4.4806e-20 +4.4716e-20 +4.4623e-20 +4.4527e-20 +4.4425e-20 +4.4317e-20 +4.4201e-20 +4.4077e-20 +4.3942e-20 +4.3797e-20 +4.3639e-20 +4.3467e-20 +4.3281e-20 +4.3079e-20 +4.2859e-20 +4.2622e-20 +4.2364e-20 +4.2086e-20 +4.1786e-20 +4.1463e-20 +4.1116e-20 +4.0743e-20 +4.0343e-20 +3.9915e-20 +3.9458e-20 +3.8971e-20 +3.8453e-20 +3.7901e-20 +3.7316e-20 +3.6695e-20 +3.6038e-20 +3.5344e-20 +3.4611e-20 +3.3838e-20 +3.3023e-20 +3.2167e-20 +3.1267e-20 +3.0324e-20 +2.9343e-20 +2.8332e-20 +2.7298e-20 +2.6247e-20 +2.5186e-20 +2.4122e-20 +2.3063e-20 +2.2015e-20 +2.0985e-20 +1.9981e-20 +1.9009e-20 +1.8077e-20 +1.7188e-20 +1.6282e-20 +1.5266e-20 +1.4045e-20 +1.2547e-20 +1.0942e-20 +9.5496e-21 +8.6620e-21 +8.1015e-21 +7.3246e-21 +6.0486e-21 +4.7377e-21 +3.7977e-21 +3.0810e-21 +2.4368e-21 +1.8389e-21 +1.2714e-21 +8.2603e-22 +6.1135e-22 +3.4692e-22 +1.5710e-22 +8.1902e-23 
+4.4668e+07 +1.8717e-20 +1.8766e-20 +1.8800e-20 +1.8821e-20 +1.8828e-20 +1.8823e-20 +1.8805e-20 +1.8774e-20 +1.8732e-20 +1.8678e-20 +1.8612e-20 +1.8536e-20 +1.8449e-20 +1.8351e-20 +1.8243e-20 +1.8125e-20 +1.7998e-20 +1.7862e-20 +1.7717e-20 +1.7563e-20 +1.7401e-20 +1.7231e-20 +1.7053e-20 +1.6868e-20 +1.6676e-20 +1.6478e-20 +1.6273e-20 +1.6062e-20 +1.5845e-20 +1.5623e-20 +1.5396e-20 +1.5164e-20 +1.4927e-20 +1.4687e-20 +1.4442e-20 +1.4194e-20 +1.3943e-20 +1.3688e-20 +1.3432e-20 +1.3172e-20 +1.2911e-20 +1.2649e-20 +1.2385e-20 +1.2119e-20 +1.1854e-20 +1.1587e-20 +1.1321e-20 +1.1055e-20 +1.0790e-20 +1.0525e-20 +1.0263e-20 +1.0001e-20 +9.7424e-21 +9.4802e-21 +9.1937e-21 +8.8584e-21 +8.4501e-21 +7.9445e-21 +7.3223e-21 +6.6184e-21 +5.9008e-21 +5.2383e-21 +4.6934e-21 +4.2612e-21 +3.8961e-21 +3.5523e-21 +3.1968e-21 +2.8064e-21 +2.3775e-21 +1.9602e-21 +1.5925e-21 +1.2516e-21 +9.4997e-22 +7.3993e-22 +5.8273e-22 +3.7576e-22 +2.1855e-22 +1.3533e-22 +8.2853e-23 +3.6212e-23 
+5.6234e+07 +8.1998e-21 +8.1026e-21 +8.0141e-21 +7.9338e-21 +7.8614e-21 +7.7962e-21 +7.7379e-21 +7.6858e-21 +7.6397e-21 +7.5988e-21 +7.5629e-21 +7.5314e-21 +7.5038e-21 +7.4796e-21 +7.4583e-21 +7.4396e-21 +7.4228e-21 +7.4075e-21 +7.3932e-21 +7.3795e-21 +7.3658e-21 +7.3517e-21 +7.3367e-21 +7.3203e-21 +7.3020e-21 +7.2814e-21 +7.2579e-21 +7.2311e-21 +7.2004e-21 +7.1655e-21 +7.1258e-21 +7.0809e-21 +7.0302e-21 +6.9733e-21 +6.9097e-21 +6.8389e-21 +6.7604e-21 +6.6738e-21 +6.5785e-21 +6.4741e-21 +6.3601e-21 +6.2360e-21 +6.1014e-21 +5.9557e-21 +5.7985e-21 +5.6298e-21 +5.4513e-21 +5.2651e-21 +5.0734e-21 +4.8783e-21 +4.6818e-21 +4.4861e-21 +4.2932e-21 +4.1038e-21 +3.9135e-21 +3.7173e-21 +3.5102e-21 +3.2872e-21 +3.0440e-21 +2.7859e-21 +2.5240e-21 +2.2694e-21 +2.0332e-21 +1.8265e-21 +1.6603e-21 +1.5428e-21 +1.4373e-21 +1.2724e-21 +1.0238e-21 +7.9969e-22 +6.7208e-22 +5.4060e-22 +3.9805e-22 +3.3291e-22 +2.1139e-22 +1.6098e-22 +1.0859e-22 +4.9923e-23 +3.1377e-23 +1.3299e-23 
+7.0795e+07 +3.4959e-21 +3.4734e-21 +3.4517e-21 +3.4305e-21 +3.4100e-21 +3.3900e-21 +3.3704e-21 +3.3512e-21 +3.3322e-21 +3.3136e-21 +3.2951e-21 +3.2767e-21 +3.2584e-21 +3.2400e-21 +3.2216e-21 +3.2029e-21 +3.1841e-21 +3.1650e-21 +3.1455e-21 +3.1255e-21 +3.1051e-21 +3.0842e-21 +3.0625e-21 +3.0402e-21 +3.0172e-21 +2.9933e-21 +2.9685e-21 +2.9428e-21 +2.9160e-21 +2.8881e-21 +2.8591e-21 +2.8288e-21 +2.7972e-21 +2.7643e-21 +2.7299e-21 +2.6940e-21 +2.6566e-21 +2.6175e-21 +2.5768e-21 +2.5342e-21 +2.4899e-21 +2.4436e-21 +2.3954e-21 +2.3451e-21 +2.2927e-21 +2.2381e-21 +2.1805e-21 +2.1193e-21 +2.0538e-21 +1.9833e-21 +1.9071e-21 +1.8245e-21 +1.7348e-21 +1.6383e-21 +1.5387e-21 +1.4402e-21 +1.3468e-21 +1.2627e-21 +1.1915e-21 +1.1290e-21 +1.0665e-21 +9.9533e-22 +9.0790e-22 +8.0984e-22 +7.1488e-22 +6.3570e-22 +5.6671e-22 +4.8810e-22 +3.9392e-22 +3.1753e-22 +2.7755e-22 +2.3005e-22 +1.6981e-22 +1.3479e-22 +8.7463e-23 +5.3513e-23 +4.0555e-23 +2.0363e-23 +1.1889e-23 +5.1809e-24 
+8.9125e+07 +1.5299e-21 +1.5683e-21 +1.6017e-21 +1.6301e-21 +1.6539e-21 +1.6731e-21 +1.6880e-21 +1.6987e-21 +1.7055e-21 +1.7085e-21 +1.7079e-21 +1.7040e-21 +1.6968e-21 +1.6866e-21 +1.6736e-21 +1.6580e-21 +1.6400e-21 +1.6196e-21 +1.5973e-21 +1.5730e-21 +1.5470e-21 +1.5196e-21 +1.4908e-21 +1.4610e-21 +1.4302e-21 +1.3986e-21 +1.3665e-21 +1.3341e-21 +1.3014e-21 +1.2688e-21 +1.2364e-21 +1.2044e-21 +1.1729e-21 +1.1423e-21 +1.1126e-21 +1.0840e-21 +1.0568e-21 +1.0311e-21 +1.0071e-21 +9.8508e-22 +9.6511e-22 +9.4742e-22 +9.3222e-22 +9.1967e-22 +9.0998e-22 +9.0300e-22 +8.9753e-22 +8.9209e-22 +8.8524e-22 +8.7552e-22 +8.6147e-22 +8.4164e-22 +8.1458e-22 +7.7957e-22 +7.3806e-22 +6.9192e-22 +6.4297e-22 +5.9306e-22 +5.4396e-22 +4.9653e-22 +4.5107e-22 +4.0789e-22 +3.6723e-22 +3.2898e-22 +2.9277e-22 +2.5828e-22 +2.2584e-22 +1.9630e-22 +1.6955e-22 +1.4268e-22 +1.1424e-22 +8.8371e-23 +6.8301e-23 +5.2606e-23 +3.3384e-23 +2.2950e-23 +1.4122e-23 +8.6605e-24 +3.9789e-24 +2.0496e-24 
+1.1220e+08 +5.9961e-22 +6.1221e-22 +6.2343e-22 +6.3333e-22 +6.4193e-22 +6.4928e-22 +6.5541e-22 +6.6038e-22 +6.6421e-22 +6.6696e-22 +6.6865e-22 +6.6933e-22 +6.6905e-22 +6.6783e-22 +6.6573e-22 +6.6278e-22 +6.5902e-22 +6.5449e-22 +6.4923e-22 +6.4329e-22 +6.3670e-22 +6.2950e-22 +6.2173e-22 +6.1344e-22 +6.0467e-22 +5.9545e-22 +5.8582e-22 +5.7583e-22 +5.6552e-22 +5.5492e-22 +5.4408e-22 +5.3304e-22 +5.2183e-22 +5.1050e-22 +4.9909e-22 +4.8763e-22 +4.7618e-22 +4.6476e-22 +4.5343e-22 +4.4221e-22 +4.3115e-22 +4.2029e-22 +4.0968e-22 +3.9934e-22 +3.8933e-22 +3.7963e-22 +3.7011e-22 +3.6058e-22 +3.5086e-22 +3.4079e-22 +3.3017e-22 +3.1883e-22 +3.0660e-22 +2.9336e-22 +2.7920e-22 +2.6422e-22 +2.4856e-22 +2.3231e-22 +2.1560e-22 +1.9843e-22 +1.8073e-22 +1.6244e-22 +1.4364e-22 +1.2586e-22 +1.1153e-22 +1.0275e-22 +9.6737e-23 +8.6819e-23 +7.0289e-23 +5.5611e-23 +4.8497e-23 +4.0992e-23 +3.0507e-23 +2.2450e-23 +1.4788e-23 +9.6467e-24 +6.1756e-24 +3.0875e-24 +2.1186e-24 +7.2239e-25 
+1.4125e+08 +2.6982e-22 +2.6842e-22 +2.6705e-22 +2.6569e-22 +2.6433e-22 +2.6299e-22 +2.6164e-22 +2.6028e-22 +2.5892e-22 +2.5754e-22 +2.5614e-22 +2.5472e-22 +2.5327e-22 +2.5179e-22 +2.5027e-22 +2.4870e-22 +2.4709e-22 +2.4543e-22 +2.4371e-22 +2.4192e-22 +2.4007e-22 +2.3815e-22 +2.3616e-22 +2.3408e-22 +2.3192e-22 +2.2967e-22 +2.2732e-22 +2.2487e-22 +2.2232e-22 +2.1966e-22 +2.1689e-22 +2.1399e-22 +2.1098e-22 +2.0783e-22 +2.0456e-22 +2.0114e-22 +1.9759e-22 +1.9389e-22 +1.9003e-22 +1.8602e-22 +1.8185e-22 +1.7751e-22 +1.7301e-22 +1.6832e-22 +1.6346e-22 +1.5842e-22 +1.5321e-22 +1.4786e-22 +1.4239e-22 +1.3680e-22 +1.3113e-22 +1.2539e-22 +1.1960e-22 +1.1378e-22 +1.0795e-22 +1.0212e-22 +9.6311e-23 +9.0543e-23 +8.4833e-23 +7.9203e-23 +7.3681e-23 +6.8295e-23 +6.3040e-23 +5.7574e-23 +5.1347e-23 +4.3893e-23 +3.6108e-23 +2.9943e-23 +2.6210e-23 +2.2482e-23 +1.7209e-23 +1.3029e-23 +1.0867e-23 +8.7403e-24 +5.9206e-24 +4.4662e-24 +2.6304e-24 +1.4886e-24 +7.6032e-25 +3.7060e-25 
+1.7783e+08 +1.1122e-22 +1.1082e-22 +1.1041e-22 +1.1001e-22 +1.0960e-22 +1.0920e-22 +1.0878e-22 +1.0836e-22 +1.0792e-22 +1.0748e-22 +1.0702e-22 +1.0655e-22 +1.0606e-22 +1.0555e-22 +1.0502e-22 +1.0447e-22 +1.0390e-22 +1.0330e-22 +1.0267e-22 +1.0201e-22 +1.0132e-22 +1.0059e-22 +9.9833e-23 +9.9036e-23 +9.8201e-23 +9.7324e-23 +9.6405e-23 +9.5442e-23 +9.4432e-23 +9.3373e-23 +9.2265e-23 +9.1105e-23 +8.9891e-23 +8.8622e-23 +8.7295e-23 +8.5910e-23 +8.4463e-23 +8.2953e-23 +8.1378e-23 +7.9737e-23 +7.8027e-23 +7.6247e-23 +7.4395e-23 +7.2470e-23 +7.0468e-23 +6.8391e-23 +6.6249e-23 +6.4053e-23 +6.1816e-23 +5.9548e-23 +5.7261e-23 +5.4967e-23 +5.2677e-23 +5.0386e-23 +4.8038e-23 +4.5570e-23 +4.2916e-23 +4.0011e-23 +3.6811e-23 +3.3479e-23 +3.0305e-23 +2.7584e-23 +2.5555e-23 +2.3872e-23 +2.1831e-23 +1.8793e-23 +1.5182e-23 +1.2253e-23 +1.0763e-23 +1.0033e-23 +9.0931e-24 +6.8882e-24 +4.2444e-24 +3.3717e-24 +2.5420e-24 +1.8094e-24 +8.9985e-25 +6.2979e-25 +3.3468e-25 +1.3762e-25 
+2.2387e+08 +4.6333e-23 +4.6517e-23 +4.6661e-23 +4.6765e-23 +4.6830e-23 +4.6857e-23 +4.6847e-23 +4.6802e-23 +4.6721e-23 +4.6607e-23 +4.6460e-23 +4.6281e-23 +4.6071e-23 +4.5832e-23 +4.5564e-23 +4.5268e-23 +4.4945e-23 +4.4596e-23 +4.4223e-23 +4.3826e-23 +4.3407e-23 +4.2965e-23 +4.2503e-23 +4.2022e-23 +4.1521e-23 +4.1004e-23 +4.0469e-23 +3.9919e-23 +3.9354e-23 +3.8776e-23 +3.8185e-23 +3.7582e-23 +3.6969e-23 +3.6347e-23 +3.5716e-23 +3.5077e-23 +3.4432e-23 +3.3781e-23 +3.3126e-23 +3.2467e-23 +3.1806e-23 +3.1144e-23 +3.0481e-23 +2.9819e-23 +2.9158e-23 +2.8496e-23 +2.7815e-23 +2.7096e-23 +2.6318e-23 +2.5462e-23 +2.4507e-23 +2.3434e-23 +2.2223e-23 +2.0873e-23 +1.9436e-23 +1.7975e-23 +1.6555e-23 +1.5237e-23 +1.4078e-23 +1.3051e-23 +1.2082e-23 +1.1094e-23 +1.0022e-23 +8.9197e-24 +7.9138e-24 +7.1207e-24 +6.4791e-24 +5.7889e-24 +4.9289e-24 +4.0054e-24 +3.1410e-24 +2.3895e-24 +1.8026e-24 +1.3708e-24 +8.6091e-25 +6.9159e-25 +3.3530e-25 +2.7240e-25 +1.3186e-25 +6.3217e-26 
+2.8184e+08 +2.0030e-23 +2.0253e-23 +2.0449e-23 +2.0619e-23 +2.0765e-23 +2.0885e-23 +2.0982e-23 +2.1055e-23 +2.1106e-23 +2.1134e-23 +2.1140e-23 +2.1125e-23 +2.1089e-23 +2.1033e-23 +2.0958e-23 +2.0864e-23 +2.0751e-23 +2.0620e-23 +2.0472e-23 +2.0307e-23 +2.0126e-23 +1.9930e-23 +1.9718e-23 +1.9492e-23 +1.9252e-23 +1.8998e-23 +1.8732e-23 +1.8453e-23 +1.8163e-23 +1.7861e-23 +1.7549e-23 +1.7227e-23 +1.6895e-23 +1.6554e-23 +1.6205e-23 +1.5848e-23 +1.5484e-23 +1.5113e-23 +1.4736e-23 +1.4353e-23 +1.3966e-23 +1.3574e-23 +1.3178e-23 +1.2778e-23 +1.2376e-23 +1.1972e-23 +1.1567e-23 +1.1164e-23 +1.0764e-23 +1.0368e-23 +9.9792e-24 +9.5983e-24 +9.2274e-24 +8.8645e-24 +8.4965e-24 +8.1086e-24 +7.6859e-24 +7.2135e-24 +6.6795e-24 +6.1052e-24 +5.5325e-24 +5.0034e-24 +4.5539e-24 +4.1522e-24 +3.7254e-24 +3.2076e-24 +2.6540e-24 +2.2141e-24 +1.9450e-24 +1.6415e-24 +1.1903e-24 +8.7836e-25 +7.6442e-25 +5.9702e-25 +4.0987e-25 +2.5128e-25 +2.1176e-25 +1.0071e-25 +4.8535e-26 +2.8066e-26 
+3.5481e+08 +8.4937e-24 +8.3487e-24 +8.2153e-24 +8.0928e-24 +7.9809e-24 +7.8788e-24 +7.7860e-24 +7.7019e-24 +7.6260e-24 +7.5578e-24 +7.4965e-24 +7.4417e-24 +7.3928e-24 +7.3493e-24 +7.3104e-24 +7.2758e-24 +7.2448e-24 +7.2168e-24 +7.1913e-24 +7.1677e-24 +7.1454e-24 +7.1239e-24 +7.1026e-24 +7.0809e-24 +7.0583e-24 +7.0342e-24 +7.0080e-24 +6.9791e-24 +6.9470e-24 +6.9111e-24 +6.8709e-24 +6.8257e-24 +6.7750e-24 +6.7183e-24 +6.6549e-24 +6.5843e-24 +6.5059e-24 +6.4192e-24 +6.3236e-24 +6.2184e-24 +6.1033e-24 +5.9775e-24 +5.8404e-24 +5.6917e-24 +5.5306e-24 +5.3567e-24 +5.1698e-24 +4.9700e-24 +4.7572e-24 +4.5313e-24 +4.2922e-24 +4.0400e-24 +3.7746e-24 +3.4990e-24 +3.2254e-24 +2.9675e-24 +2.7392e-24 +2.5543e-24 +2.4238e-24 +2.3304e-24 +2.2393e-24 +2.1152e-24 +1.9274e-24 +1.6942e-24 +1.4639e-24 +1.2817e-24 +1.1394e-24 +9.8694e-25 +7.9892e-25 +6.2099e-25 +4.9273e-25 +3.9930e-25 +3.1587e-25 +2.2779e-25 +1.6048e-25 +1.1925e-25 +6.9585e-26 +4.7664e-26 +2.5008e-26 +1.1606e-26 
+4.4668e+08 +3.7423e-24 +3.7893e-24 +3.8308e-24 +3.8670e-24 +3.8979e-24 +3.9237e-24 +3.9445e-24 +3.9604e-24 +3.9715e-24 +3.9780e-24 +3.9799e-24 +3.9775e-24 +3.9707e-24 +3.9598e-24 +3.9448e-24 +3.9259e-24 +3.9032e-24 +3.8768e-24 +3.8469e-24 +3.8135e-24 +3.7767e-24 +3.7368e-24 +3.6937e-24 +3.6477e-24 +3.5988e-24 +3.5472e-24 +3.4930e-24 +3.4363e-24 +3.3773e-24 +3.3160e-24 +3.2525e-24 +3.1870e-24 +3.1197e-24 +3.0506e-24 +2.9798e-24 +2.9075e-24 +2.8337e-24 +2.7587e-24 +2.6825e-24 +2.6053e-24 +2.5271e-24 +2.4481e-24 +2.3684e-24 +2.2882e-24 +2.2074e-24 +2.1264e-24 +2.0453e-24 +1.9644e-24 +1.8840e-24 +1.8043e-24 +1.7256e-24 +1.6481e-24 +1.5722e-24 +1.4976e-24 +1.4229e-24 +1.3463e-24 +1.2663e-24 +1.1810e-24 +1.0892e-24 +9.9352e-25 +8.9896e-25 +8.1060e-25 +7.3312e-25 +6.6645e-25 +6.0769e-25 +5.5361e-25 +4.9676e-25 +4.2642e-25 +3.4054e-25 +2.6121e-25 +2.0640e-25 +1.6949e-25 +1.3591e-25 +9.5477e-26 +7.0060e-26 +4.7820e-26 +3.0052e-26 +2.1066e-26 +1.0235e-26 +5.0329e-27 
+5.6234e+08 +1.6375e-24 +1.6199e-24 +1.6035e-24 +1.5882e-24 +1.5739e-24 +1.5606e-24 +1.5481e-24 +1.5364e-24 +1.5254e-24 +1.5151e-24 +1.5053e-24 +1.4960e-24 +1.4870e-24 +1.4785e-24 +1.4701e-24 +1.4620e-24 +1.4539e-24 +1.4459e-24 +1.4378e-24 +1.4296e-24 +1.4211e-24 +1.4124e-24 +1.4034e-24 +1.3939e-24 +1.3838e-24 +1.3732e-24 +1.3619e-24 +1.3499e-24 +1.3371e-24 +1.3234e-24 +1.3087e-24 +1.2929e-24 +1.2760e-24 +1.2580e-24 +1.2386e-24 +1.2179e-24 +1.1958e-24 +1.1721e-24 +1.1469e-24 +1.1200e-24 +1.0914e-24 +1.0609e-24 +1.0286e-24 +9.9432e-25 +9.5799e-25 +9.1970e-25 +8.8008e-25 +8.3989e-25 +7.9987e-25 +7.6077e-25 +7.2333e-25 +6.8831e-25 +6.5645e-25 +6.2781e-25 +6.0038e-25 +5.7182e-25 +5.3977e-25 +5.0188e-25 +4.5625e-25 +4.0589e-25 +3.5688e-25 +3.1533e-25 +2.8667e-25 +2.6898e-25 +2.5582e-25 +2.4069e-25 +2.1718e-25 +1.7890e-25 +1.2886e-25 +9.5850e-26 +9.4528e-26 +8.5461e-26 +5.9174e-26 +4.5339e-26 +3.0516e-26 +2.3486e-26 +1.5897e-26 +9.3647e-27 +4.4691e-27 +2.1695e-27 
+7.0795e+08 +6.9390e-25 +6.7132e-25 +6.5076e-25 +6.3214e-25 +6.1537e-25 +6.0037e-25 +5.8704e-25 +5.7531e-25 +5.6507e-25 +5.5626e-25 +5.4876e-25 +5.4251e-25 +5.3741e-25 +5.3338e-25 +5.3032e-25 +5.2816e-25 +5.2679e-25 +5.2615e-25 +5.2612e-25 +5.2664e-25 +5.2761e-25 +5.2895e-25 +5.3057e-25 +5.3237e-25 +5.3428e-25 +5.3620e-25 +5.3805e-25 +5.3974e-25 +5.4119e-25 +5.4230e-25 +5.4298e-25 +5.4316e-25 +5.4274e-25 +5.4164e-25 +5.3976e-25 +5.3703e-25 +5.3335e-25 +5.2863e-25 +5.2279e-25 +5.1575e-25 +5.0740e-25 +4.9768e-25 +4.8648e-25 +4.7372e-25 +4.5931e-25 +4.4325e-25 +4.2581e-25 +4.0731e-25 +3.8807e-25 +3.6843e-25 +3.4871e-25 +3.2923e-25 +3.1032e-25 +2.9218e-25 +2.7462e-25 +2.5737e-25 +2.4018e-25 +2.2278e-25 +2.0496e-25 +1.8695e-25 +1.6923e-25 +1.5232e-25 +1.3669e-25 +1.2237e-25 +1.0913e-25 +9.6767e-26 +8.5087e-26 +7.3938e-26 +6.3192e-26 +5.2780e-26 +4.2661e-26 +3.2868e-26 +2.4877e-26 +2.0193e-26 +1.3801e-26 +7.9759e-27 +5.9992e-27 +3.1487e-27 +2.2524e-27 +1.0965e-27 
+8.9125e+08 +3.0394e-25 +3.0552e-25 +3.0677e-25 +3.0771e-25 +3.0834e-25 +3.0866e-25 +3.0870e-25 +3.0844e-25 +3.0791e-25 +3.0710e-25 +3.0604e-25 +3.0472e-25 +3.0315e-25 +3.0134e-25 +2.9930e-25 +2.9703e-25 +2.9455e-25 +2.9186e-25 +2.8896e-25 +2.8588e-25 +2.8261e-25 +2.7916e-25 +2.7554e-25 +2.7176e-25 +2.6782e-25 +2.6374e-25 +2.5952e-25 +2.5517e-25 +2.5069e-25 +2.4609e-25 +2.4139e-25 +2.3659e-25 +2.3170e-25 +2.2672e-25 +2.2166e-25 +2.1653e-25 +2.1134e-25 +2.0610e-25 +2.0081e-25 +1.9549e-25 +1.9013e-25 +1.8475e-25 +1.7935e-25 +1.7394e-25 +1.6854e-25 +1.6314e-25 +1.5772e-25 +1.5225e-25 +1.4673e-25 +1.4111e-25 +1.3538e-25 +1.2952e-25 +1.2350e-25 +1.1731e-25 +1.1104e-25 +1.0476e-25 +9.8562e-26 +9.2523e-26 +8.6711e-26 +8.1014e-26 +7.5213e-26 +6.9084e-26 +6.2427e-26 +5.5293e-26 +4.7886e-26 +4.0459e-26 +3.3934e-26 +2.9762e-26 +2.8063e-26 +2.5249e-26 +1.9192e-26 +1.3916e-26 +1.0921e-26 +7.9518e-27 +6.0413e-27 +4.5133e-27 +2.5954e-27 +1.8281e-27 +9.4128e-28 +4.8696e-28 
+1.1220e+09 +1.4008e-25 +1.4097e-25 +1.4170e-25 +1.4227e-25 +1.4269e-25 +1.4295e-25 +1.4306e-25 +1.4303e-25 +1.4286e-25 +1.4255e-25 +1.4211e-25 +1.4154e-25 +1.4084e-25 +1.4003e-25 +1.3909e-25 +1.3805e-25 +1.3689e-25 +1.3563e-25 +1.3427e-25 +1.3281e-25 +1.3125e-25 +1.2961e-25 +1.2788e-25 +1.2607e-25 +1.2418e-25 +1.2221e-25 +1.2018e-25 +1.1808e-25 +1.1592e-25 +1.1370e-25 +1.1142e-25 +1.0909e-25 +1.0672e-25 +1.0430e-25 +1.0185e-25 +9.9357e-26 +9.6835e-26 +9.4286e-26 +9.1713e-26 +8.9122e-26 +8.6514e-26 +8.3895e-26 +8.1268e-26 +7.8637e-26 +7.6007e-26 +7.3380e-26 +7.0761e-26 +6.8152e-26 +6.5557e-26 +6.2980e-26 +6.0424e-26 +5.7892e-26 +5.5388e-26 +5.2905e-26 +5.0411e-26 +4.7865e-26 +4.5230e-26 +4.2467e-26 +3.9546e-26 +3.6546e-26 +3.3612e-26 +3.0889e-26 +2.8495e-26 +2.6266e-26 +2.3861e-26 +2.0965e-26 +1.7704e-26 +1.4545e-26 +1.1876e-26 +9.8384e-27 +8.3141e-27 +6.5616e-27 +4.7613e-27 +3.8586e-27 +2.7585e-27 +1.9890e-27 +1.3490e-27 +7.0398e-28 +3.9508e-28 +2.1839e-28 
+1.4125e+09 +6.2893e-26 +6.3415e-26 +6.3835e-26 +6.4158e-26 +6.4386e-26 +6.4523e-26 +6.4572e-26 +6.4538e-26 +6.4422e-26 +6.4229e-26 +6.3962e-26 +6.3625e-26 +6.3220e-26 +6.2752e-26 +6.2222e-26 +6.1636e-26 +6.0997e-26 +6.0307e-26 +5.9570e-26 +5.8789e-26 +5.7969e-26 +5.7112e-26 +5.6221e-26 +5.5301e-26 +5.4354e-26 +5.3384e-26 +5.2394e-26 +5.1388e-26 +5.0369e-26 +4.9341e-26 +4.8306e-26 +4.7268e-26 +4.6232e-26 +4.5199e-26 +4.4173e-26 +4.3159e-26 +4.2158e-26 +4.1176e-26 +4.0214e-26 +3.9277e-26 +3.8367e-26 +3.7489e-26 +3.6645e-26 +3.5839e-26 +3.5074e-26 +3.4346e-26 +3.3622e-26 +3.2864e-26 +3.2031e-26 +3.1087e-26 +2.9993e-26 +2.8709e-26 +2.7198e-26 +2.5450e-26 +2.3544e-26 +2.1574e-26 +1.9633e-26 +1.7815e-26 +1.6207e-26 +1.4807e-26 +1.3562e-26 +1.2419e-26 +1.1326e-26 +1.0276e-26 +9.2867e-27 +8.3734e-27 +7.4844e-27 +6.5172e-27 +5.4338e-27 +4.3779e-27 +3.4871e-27 +2.7852e-27 +2.2305e-27 +1.7650e-27 +1.4323e-27 +8.2344e-28 +5.6316e-28 +3.5485e-28 +2.0177e-28 +8.6011e-29 
+1.7783e+09 +2.8805e-26 +2.9313e-26 +2.9760e-26 +3.0145e-26 +3.0472e-26 +3.0742e-26 +3.0956e-26 +3.1117e-26 +3.1227e-26 +3.1286e-26 +3.1298e-26 +3.1264e-26 +3.1186e-26 +3.1065e-26 +3.0904e-26 +3.0704e-26 +3.0468e-26 +3.0196e-26 +2.9891e-26 +2.9555e-26 +2.9189e-26 +2.8795e-26 +2.8376e-26 +2.7933e-26 +2.7467e-26 +2.6981e-26 +2.6477e-26 +2.5956e-26 +2.5420e-26 +2.4871e-26 +2.4311e-26 +2.3742e-26 +2.3165e-26 +2.2582e-26 +2.1996e-26 +2.1408e-26 +2.0819e-26 +2.0232e-26 +1.9649e-26 +1.9071e-26 +1.8500e-26 +1.7938e-26 +1.7388e-26 +1.6849e-26 +1.6326e-26 +1.5816e-26 +1.5311e-26 +1.4801e-26 +1.4275e-26 +1.3722e-26 +1.3132e-26 +1.2494e-26 +1.1798e-26 +1.1044e-26 +1.0268e-26 +9.5108e-27 +8.8133e-27 +8.2167e-27 +7.7544e-27 +7.3763e-27 +6.9810e-27 +6.4662e-27 +5.7457e-27 +4.9091e-27 +4.1535e-27 +3.6624e-27 +3.3819e-27 +3.0737e-27 +2.5959e-27 +2.0888e-27 +1.6830e-27 +1.3381e-27 +1.0397e-27 +8.1373e-28 +5.7078e-28 +3.5427e-28 +2.3661e-28 +1.5151e-28 +8.3272e-29 +4.4599e-29 
+2.2387e+09 +1.3744e-26 +1.3660e-26 +1.3580e-26 +1.3502e-26 +1.3427e-26 +1.3354e-26 +1.3282e-26 +1.3212e-26 +1.3143e-26 +1.3075e-26 +1.3007e-26 +1.2938e-26 +1.2869e-26 +1.2800e-26 +1.2729e-26 +1.2656e-26 +1.2581e-26 +1.2504e-26 +1.2424e-26 +1.2341e-26 +1.2255e-26 +1.2164e-26 +1.2070e-26 +1.1970e-26 +1.1866e-26 +1.1756e-26 +1.1640e-26 +1.1518e-26 +1.1389e-26 +1.1254e-26 +1.1111e-26 +1.0960e-26 +1.0802e-26 +1.0635e-26 +1.0459e-26 +1.0274e-26 +1.0079e-26 +9.8745e-27 +9.6595e-27 +9.4337e-27 +9.1969e-27 +8.9485e-27 +8.6883e-27 +8.4159e-27 +8.1308e-27 +7.8334e-27 +7.5260e-27 +7.2114e-27 +6.8925e-27 +6.5721e-27 +6.2531e-27 +5.9382e-27 +5.6303e-27 +5.3309e-27 +5.0375e-27 +4.7466e-27 +4.4551e-27 +4.1596e-27 +3.8572e-27 +3.5487e-27 +3.2371e-27 +2.9256e-27 +2.6176e-27 +2.3203e-27 +2.0432e-27 +1.7955e-27 +1.5773e-27 +1.3824e-27 +1.2027e-27 +1.0264e-27 +8.5071e-28 +7.0057e-28 +5.5561e-28 +3.7215e-28 +2.5812e-28 +1.8510e-28 +1.1219e-28 +7.6958e-29 +4.1761e-29 +2.0606e-29 
+2.8184e+09 +6.0748e-27 +5.9946e-27 +5.9199e-27 +5.8503e-27 +5.7855e-27 +5.7252e-27 +5.6692e-27 +5.6170e-27 +5.5685e-27 +5.5233e-27 +5.4811e-27 +5.4416e-27 +5.4045e-27 +5.3695e-27 +5.3363e-27 +5.3046e-27 +5.2741e-27 +5.2446e-27 +5.2156e-27 +5.1869e-27 +5.1582e-27 +5.1292e-27 +5.0996e-27 +5.0691e-27 +5.0373e-27 +5.0041e-27 +4.9690e-27 +4.9318e-27 +4.8922e-27 +4.8499e-27 +4.8046e-27 +4.7559e-27 +4.7036e-27 +4.6474e-27 +4.5870e-27 +4.5220e-27 +4.4522e-27 +4.3773e-27 +4.2969e-27 +4.2108e-27 +4.1186e-27 +4.0202e-27 +3.9150e-27 +3.8030e-27 +3.6837e-27 +3.5572e-27 +3.4248e-27 +3.2883e-27 +3.1490e-27 +3.0086e-27 +2.8688e-27 +2.7311e-27 +2.5970e-27 +2.4671e-27 +2.3385e-27 +2.2075e-27 +2.0706e-27 +1.9245e-27 +1.7660e-27 +1.5986e-27 +1.4294e-27 +1.2656e-27 +1.1145e-27 +9.8426e-28 +8.8349e-28 +8.1921e-28 +7.7423e-28 +7.1241e-28 +6.0982e-28 +4.7768e-28 +3.4236e-28 +2.5588e-28 +2.2075e-28 +1.8193e-28 +1.3252e-28 +9.6145e-29 +6.0882e-29 +3.3397e-29 +1.8083e-29 +8.4339e-30 
+3.5481e+09 +2.9574e-27 +2.9362e-27 +2.9154e-27 +2.8952e-27 +2.8753e-27 +2.8558e-27 +2.8365e-27 +2.8174e-27 +2.7985e-27 +2.7796e-27 +2.7607e-27 +2.7418e-27 +2.7227e-27 +2.7035e-27 +2.6840e-27 +2.6641e-27 +2.6439e-27 +2.6232e-27 +2.6021e-27 +2.5803e-27 +2.5579e-27 +2.5348e-27 +2.5109e-27 +2.4862e-27 +2.4605e-27 +2.4339e-27 +2.4063e-27 +2.3776e-27 +2.3477e-27 +2.3166e-27 +2.2842e-27 +2.2504e-27 +2.2153e-27 +2.1786e-27 +2.1404e-27 +2.1006e-27 +2.0591e-27 +2.0158e-27 +1.9708e-27 +1.9238e-27 +1.8750e-27 +1.8241e-27 +1.7712e-27 +1.7161e-27 +1.6589e-27 +1.5995e-27 +1.5389e-27 +1.4780e-27 +1.4175e-27 +1.3586e-27 +1.3021e-27 +1.2490e-27 +1.2001e-27 +1.1553e-27 +1.1117e-27 +1.0655e-27 +1.0132e-27 +9.5117e-28 +8.7643e-28 +7.9302e-28 +7.0932e-28 +6.3374e-28 +5.7365e-28 +5.2484e-28 +4.7599e-28 +4.1666e-28 +3.5143e-28 +2.9655e-28 +2.5923e-28 +2.2069e-28 +1.6954e-28 +1.2892e-28 +1.0481e-28 +7.9864e-29 +6.0791e-29 +3.9015e-29 +2.5305e-29 +1.9242e-29 +8.5570e-30 +3.6491e-30 
+4.4668e+09 +1.4288e-27 +1.4403e-27 +1.4502e-27 +1.4587e-27 +1.4658e-27 +1.4714e-27 +1.4756e-27 +1.4785e-27 +1.4799e-27 +1.4801e-27 +1.4789e-27 +1.4765e-27 +1.4728e-27 +1.4679e-27 +1.4617e-27 +1.4544e-27 +1.4459e-27 +1.4362e-27 +1.4255e-27 +1.4136e-27 +1.4007e-27 +1.3868e-27 +1.3718e-27 +1.3558e-27 +1.3389e-27 +1.3210e-27 +1.3022e-27 +1.2824e-27 +1.2618e-27 +1.2404e-27 +1.2181e-27 +1.1950e-27 +1.1712e-27 +1.1466e-27 +1.1212e-27 +1.0952e-27 +1.0684e-27 +1.0410e-27 +1.0130e-27 +9.8432e-28 +9.5508e-28 +9.2527e-28 +8.9493e-28 +8.6407e-28 +8.3271e-28 +8.0091e-28 +7.6878e-28 +7.3647e-28 +7.0411e-28 +6.7183e-28 +6.3978e-28 +6.0809e-28 +5.7690e-28 +5.4635e-28 +5.1655e-28 +4.8763e-28 +4.5971e-28 +4.3292e-28 +4.0727e-28 +3.8175e-28 +3.5469e-28 +3.2440e-28 +2.8959e-28 +2.5287e-28 +2.1933e-28 +1.9367e-28 +1.7449e-28 +1.5569e-28 +1.3328e-28 +1.0954e-28 +8.7671e-29 +7.0310e-29 +5.5917e-29 +4.0410e-29 +2.9185e-29 +1.8392e-29 +1.2789e-29 +6.4089e-30 +3.5988e-30 +1.5138e-30 
+5.6234e+09 +6.6879e-28 +6.7047e-28 +6.7169e-28 +6.7245e-28 +6.7276e-28 +6.7264e-28 +6.7208e-28 +6.7108e-28 +6.6967e-28 +6.6784e-28 +6.6560e-28 +6.6295e-28 +6.5991e-28 +6.5648e-28 +6.5266e-28 +6.4847e-28 +6.4390e-28 +6.3897e-28 +6.3367e-28 +6.2803e-28 +6.2204e-28 +6.1570e-28 +6.0904e-28 +6.0204e-28 +5.9473e-28 +5.8710e-28 +5.7916e-28 +5.7092e-28 +5.6238e-28 +5.5355e-28 +5.4444e-28 +5.3506e-28 +5.2540e-28 +5.1548e-28 +5.0530e-28 +4.9487e-28 +4.8419e-28 +4.7328e-28 +4.6213e-28 +4.5076e-28 +4.3916e-28 +4.2735e-28 +4.1534e-28 +4.0312e-28 +3.9071e-28 +3.7811e-28 +3.6531e-28 +3.5231e-28 +3.3910e-28 +3.2566e-28 +3.1200e-28 +2.9810e-28 +2.8396e-28 +2.6954e-28 +2.5473e-28 +2.3939e-28 +2.2340e-28 +2.0662e-28 +1.8901e-28 +1.7140e-28 +1.5515e-28 +1.4165e-28 +1.3198e-28 +1.2415e-28 +1.1425e-28 +9.8774e-29 +8.0500e-29 +6.7142e-29 +6.1956e-29 +5.5532e-29 +4.1808e-29 +3.0861e-29 +2.5064e-29 +1.7002e-29 +1.3159e-29 +9.6973e-30 +5.0279e-30 +2.6156e-30 +1.3427e-30 +4.9249e-31 
+7.0795e+09 +3.1697e-28 +3.1725e-28 +3.1728e-28 +3.1707e-28 +3.1661e-28 +3.1593e-28 +3.1502e-28 +3.1390e-28 +3.1257e-28 +3.1104e-28 +3.0932e-28 +3.0742e-28 +3.0534e-28 +3.0310e-28 +3.0069e-28 +2.9814e-28 +2.9543e-28 +2.9260e-28 +2.8963e-28 +2.8654e-28 +2.8334e-28 +2.8003e-28 +2.7663e-28 +2.7313e-28 +2.6956e-28 +2.6590e-28 +2.6219e-28 +2.5841e-28 +2.5459e-28 +2.5072e-28 +2.4681e-28 +2.4288e-28 +2.3893e-28 +2.3497e-28 +2.3100e-28 +2.2703e-28 +2.2308e-28 +2.1915e-28 +2.1524e-28 +2.1137e-28 +2.0755e-28 +2.0377e-28 +2.0005e-28 +1.9640e-28 +1.9282e-28 +1.8928e-28 +1.8562e-28 +1.8164e-28 +1.7715e-28 +1.7194e-28 +1.6583e-28 +1.5862e-28 +1.5011e-28 +1.4030e-28 +1.2969e-28 +1.1889e-28 +1.0852e-28 +9.9183e-29 +9.1411e-29 +8.4924e-29 +7.8935e-29 +7.2647e-29 +6.5367e-29 +5.7475e-29 +5.0011e-29 +4.3944e-29 +3.8979e-29 +3.3837e-29 +2.7831e-29 +2.1980e-29 +1.7294e-29 +1.3878e-29 +1.1262e-29 +8.5576e-30 +5.5238e-30 +3.9612e-30 +1.7424e-30 +1.2920e-30 +5.0531e-31 +1.3939e-31 
+8.9125e+09 +1.5705e-28 +1.5593e-28 +1.5490e-28 +1.5395e-28 +1.5307e-28 +1.5225e-28 +1.5149e-28 +1.5078e-28 +1.5011e-28 +1.4949e-28 +1.4889e-28 +1.4831e-28 +1.4775e-28 +1.4720e-28 +1.4666e-28 +1.4611e-28 +1.4554e-28 +1.4496e-28 +1.4436e-28 +1.4372e-28 +1.4304e-28 +1.4232e-28 +1.4154e-28 +1.4071e-28 +1.3981e-28 +1.3883e-28 +1.3778e-28 +1.3664e-28 +1.3540e-28 +1.3406e-28 +1.3262e-28 +1.3106e-28 +1.2937e-28 +1.2756e-28 +1.2562e-28 +1.2353e-28 +1.2129e-28 +1.1890e-28 +1.1634e-28 +1.1361e-28 +1.1071e-28 +1.0762e-28 +1.0434e-28 +1.0087e-28 +9.7184e-29 +9.3302e-29 +8.9255e-29 +8.5085e-29 +8.0837e-29 +7.6553e-29 +7.2278e-29 +6.8053e-29 +6.3924e-29 +5.9933e-29 +5.6130e-29 +5.2562e-29 +4.9279e-29 +4.6329e-29 +4.3737e-29 +4.1268e-29 +3.8526e-29 +3.5114e-29 +3.0710e-29 +2.5830e-29 +2.1503e-29 +1.8679e-29 +1.6977e-29 +1.4980e-29 +1.1975e-29 +9.2729e-30 +7.8411e-30 +6.6222e-30 +5.0375e-30 +3.5554e-30 +2.4761e-30 +1.5541e-30 +7.2299e-31 +4.2228e-31 +1.2443e-31 +1.4111e-32 
+1.1220e+10 +7.7799e-29 +7.8971e-29 +7.9971e-29 +8.0803e-29 +8.1475e-29 +8.1990e-29 +8.2355e-29 +8.2575e-29 +8.2656e-29 +8.2603e-29 +8.2422e-29 +8.2119e-29 +8.1698e-29 +8.1166e-29 +8.0529e-29 +7.9791e-29 +7.8959e-29 +7.8037e-29 +7.7032e-29 +7.5948e-29 +7.4793e-29 +7.3570e-29 +7.2286e-29 +7.0947e-29 +6.9557e-29 +6.8123e-29 +6.6650e-29 +6.5143e-29 +6.3608e-29 +6.2051e-29 +6.0477e-29 +5.8892e-29 +5.7302e-29 +5.5711e-29 +5.4126e-29 +5.2552e-29 +5.0994e-29 +4.9459e-29 +4.7951e-29 +4.6477e-29 +4.5042e-29 +4.3651e-29 +4.2310e-29 +4.1025e-29 +3.9801e-29 +3.8638e-29 +3.7516e-29 +3.6412e-29 +3.5301e-29 +3.4159e-29 +3.2962e-29 +3.1687e-29 +3.0310e-29 +2.8816e-29 +2.7216e-29 +2.5529e-29 +2.3771e-29 +2.1959e-29 +2.0113e-29 +1.8276e-29 +1.6510e-29 +1.4875e-29 +1.3428e-29 +1.2191e-29 +1.1164e-29 +1.0333e-29 +9.4736e-30 +8.1942e-30 +6.3906e-30 +4.7610e-30 +3.8017e-30 +3.0075e-30 +2.0330e-30 +1.1383e-30 +1.0484e-30 +5.1097e-31 +2.2292e-31 +1.3000e-31 +2.7063e-32 +8.4671e-34 
+1.4125e+10 +3.6197e-29 +3.5810e-29 +3.5446e-29 +3.5103e-29 +3.4780e-29 +3.4476e-29 +3.4188e-29 +3.3916e-29 +3.3658e-29 +3.3413e-29 +3.3179e-29 +3.2955e-29 +3.2739e-29 +3.2530e-29 +3.2326e-29 +3.2126e-29 +3.1929e-29 +3.1733e-29 +3.1536e-29 +3.1338e-29 +3.1136e-29 +3.0929e-29 +3.0717e-29 +3.0496e-29 +3.0267e-29 +3.0027e-29 +2.9775e-29 +2.9509e-29 +2.9229e-29 +2.8932e-29 +2.8618e-29 +2.8284e-29 +2.7930e-29 +2.7553e-29 +2.7153e-29 +2.6728e-29 +2.6277e-29 +2.5797e-29 +2.5288e-29 +2.4749e-29 +2.4177e-29 +2.3571e-29 +2.2930e-29 +2.2253e-29 +2.1537e-29 +2.0782e-29 +1.9988e-29 +1.9154e-29 +1.8280e-29 +1.7366e-29 +1.6411e-29 +1.5416e-29 +1.4381e-29 +1.3314e-29 +1.2252e-29 +1.1233e-29 +1.0299e-29 +9.4896e-30 +8.8391e-30 +8.3109e-30 +7.8254e-30 +7.3022e-30 +6.6691e-30 +5.9405e-30 +5.1836e-30 +4.4644e-30 +3.8097e-30 +3.2162e-30 +2.6838e-30 +2.2235e-30 +1.8062e-30 +1.2850e-30 +7.4376e-31 +4.6897e-31 +2.8352e-31 +1.4014e-31 +5.6503e-32 +7.5617e-33 +1.8252e-33 +2.2565e-34 
+1.7783e+10 +1.6792e-29 +1.6924e-29 +1.7037e-29 +1.7130e-29 +1.7204e-29 +1.7260e-29 +1.7297e-29 +1.7317e-29 +1.7319e-29 +1.7305e-29 +1.7274e-29 +1.7228e-29 +1.7166e-29 +1.7088e-29 +1.6996e-29 +1.6890e-29 +1.6770e-29 +1.6636e-29 +1.6490e-29 +1.6331e-29 +1.6160e-29 +1.5977e-29 +1.5783e-29 +1.5578e-29 +1.5363e-29 +1.5138e-29 +1.4903e-29 +1.4659e-29 +1.4407e-29 +1.4146e-29 +1.3877e-29 +1.3601e-29 +1.3318e-29 +1.3029e-29 +1.2733e-29 +1.2432e-29 +1.2126e-29 +1.1815e-29 +1.1499e-29 +1.1179e-29 +1.0856e-29 +1.0530e-29 +1.0201e-29 +9.8705e-30 +9.5376e-30 +9.2036e-30 +8.8694e-30 +8.5363e-30 +8.2055e-30 +7.8782e-30 +7.5556e-30 +7.2389e-30 +6.9293e-30 +6.6249e-30 +6.3151e-30 +5.9873e-30 +5.6294e-30 +5.2288e-30 +4.7759e-30 +4.2884e-30 +3.8012e-30 +3.3493e-30 +2.9637e-30 +2.6287e-30 +2.3005e-30 +1.9386e-30 +1.5623e-30 +1.2374e-30 +9.9458e-31 +7.6361e-31 +5.0580e-31 +3.2466e-31 +2.3507e-31 +1.4066e-31 +7.7339e-32 +3.3718e-32 +8.8376e-33 -3.7955e-34 +4.2180e-35 +5.4884e-36 
+2.2387e+10 +8.3387e-30 +8.4060e-30 +8.4632e-30 +8.5106e-30 +8.5484e-30 +8.5768e-30 +8.5959e-30 +8.6060e-30 +8.6074e-30 +8.6001e-30 +8.5845e-30 +8.5608e-30 +8.5291e-30 +8.4897e-30 +8.4427e-30 +8.3885e-30 +8.3271e-30 +8.2589e-30 +8.1840e-30 +8.1027e-30 +8.0151e-30 +7.9215e-30 +7.8220e-30 +7.7170e-30 +7.6065e-30 +7.4909e-30 +7.3703e-30 +7.2450e-30 +7.1151e-30 +6.9808e-30 +6.8425e-30 +6.7002e-30 +6.5542e-30 +6.4047e-30 +6.2520e-30 +6.0962e-30 +5.9376e-30 +5.7763e-30 +5.6125e-30 +5.4466e-30 +5.2787e-30 +5.1090e-30 +4.9377e-30 +4.7650e-30 +4.5912e-30 +4.4163e-30 +4.2399e-30 +4.0615e-30 +3.8806e-30 +3.6968e-30 +3.5094e-30 +3.3181e-30 +3.1223e-30 +2.9221e-30 +2.7191e-30 +2.5155e-30 +2.3133e-30 +2.1144e-30 +1.9209e-30 +1.7345e-30 +1.5566e-30 +1.3888e-30 +1.2320e-30 +1.0823e-30 +9.3273e-31 +7.7698e-31 +6.2182e-31 +4.8404e-31 +3.7334e-31 +2.7890e-31 +1.9147e-31 +1.1680e-31 +6.0804e-32 +2.6386e-32 +1.4247e-32 +2.6317e-33 -2.2582e-34 -3.9141e-35 +4.2954e-36 +5.5846e-37 
+2.8184e+10 +3.9848e-30 +4.0021e-30 +4.0149e-30 +4.0232e-30 +4.0271e-30 +4.0268e-30 +4.0224e-30 +4.0139e-30 +4.0016e-30 +3.9856e-30 +3.9659e-30 +3.9427e-30 +3.9160e-30 +3.8861e-30 +3.8530e-30 +3.8169e-30 +3.7779e-30 +3.7360e-30 +3.6914e-30 +3.6443e-30 +3.5947e-30 +3.5428e-30 +3.4886e-30 +3.4324e-30 +3.3741e-30 +3.3140e-30 +3.2522e-30 +3.1887e-30 +3.1237e-30 +3.0574e-30 +2.9898e-30 +2.9210e-30 +2.8511e-30 +2.7804e-30 +2.7089e-30 +2.6367e-30 +2.5639e-30 +2.4907e-30 +2.4172e-30 +2.3435e-30 +2.2696e-30 +2.1959e-30 +2.1222e-30 +2.0489e-30 +1.9759e-30 +1.9034e-30 +1.8312e-30 +1.7592e-30 +1.6872e-30 +1.6151e-30 +1.5426e-30 +1.4697e-30 +1.3962e-30 +1.3214e-30 +1.2435e-30 +1.1605e-30 +1.0702e-30 +9.7042e-31 +8.5984e-31 +7.4400e-31 +6.3283e-31 +5.3631e-31 +4.6304e-31 +4.0638e-31 +3.5033e-31 +2.7998e-31 +1.9874e-31 +1.2441e-31 +7.0796e-32 +3.9792e-32 +2.7488e-32 +1.9169e-32 +9.0183e-33 +3.1441e-33 +4.0249e-34 -6.9239e-35 +6.7111e-36 +1.1609e-36 -1.2739e-37 -1.6563e-38 
+3.5481e+10 +1.8577e-30 +1.8822e-30 +1.9031e-30 +1.9205e-30 +1.9344e-30 +1.9451e-30 +1.9525e-30 +1.9569e-30 +1.9582e-30 +1.9566e-30 +1.9522e-30 +1.9451e-30 +1.9354e-30 +1.9233e-30 +1.9087e-30 +1.8918e-30 +1.8727e-30 +1.8516e-30 +1.8284e-30 +1.8034e-30 +1.7766e-30 +1.7481e-30 +1.7180e-30 +1.6864e-30 +1.6534e-30 +1.6192e-30 +1.5837e-30 +1.5472e-30 +1.5098e-30 +1.4714e-30 +1.4323e-30 +1.3925e-30 +1.3521e-30 +1.3113e-30 +1.2701e-30 +1.2286e-30 +1.1870e-30 +1.1453e-30 +1.1036e-30 +1.0621e-30 +1.0208e-30 +9.7988e-31 +9.3938e-31 +8.9944e-31 +8.6014e-31 +8.2150e-31 +7.8321e-31 +7.4492e-31 +7.0626e-31 +6.6686e-31 +6.2635e-31 +5.8438e-31 +5.4057e-31 +4.9489e-31 +4.4826e-31 +4.0176e-31 +3.5648e-31 +3.1351e-31 +2.7379e-31 +2.3676e-31 +2.0093e-31 +1.6477e-31 +1.2711e-31 +9.0474e-32 +5.9639e-32 +3.9024e-32 +2.6947e-32 +1.6974e-32 +5.9043e-33 -1.6658e-34 +2.0535e-33 +3.0232e-33 +5.5728e-35 -1.6017e-34 +5.3065e-35 -1.0976e-35 +1.0645e-36 +1.8413e-37 -2.0206e-38 -2.6271e-39 
+4.4668e+10 +7.9725e-31 +8.2336e-31 +8.4622e-31 +8.6596e-31 +8.8267e-31 +8.9646e-31 +9.0744e-31 +9.1573e-31 +9.2142e-31 +9.2464e-31 +9.2548e-31 +9.2405e-31 +9.2047e-31 +9.1484e-31 +9.0727e-31 +8.9788e-31 +8.8676e-31 +8.7403e-31 +8.5979e-31 +8.4416e-31 +8.2725e-31 +8.0915e-31 +7.8999e-31 +7.6986e-31 +7.4889e-31 +7.2717e-31 +7.0481e-31 +6.8193e-31 +6.5863e-31 +6.3502e-31 +6.1122e-31 +5.8732e-31 +5.6344e-31 +5.3968e-31 +5.1616e-31 +4.9298e-31 +4.7026e-31 +4.4809e-31 +4.2659e-31 +4.0588e-31 +3.8605e-31 +3.6721e-31 +3.4948e-31 +3.3296e-31 +3.1776e-31 +3.0384e-31 +2.9067e-31 +2.7759e-31 +2.6396e-31 +2.4913e-31 +2.3245e-31 +2.1329e-31 +1.9098e-31 +1.6544e-31 +1.3815e-31 +1.1090e-31 +8.5451e-32 +6.3591e-32 +4.6919e-32 +3.5090e-32 +2.6565e-32 +1.9786e-32 +1.3330e-32 +7.2677e-33 +2.5793e-33 +1.7992e-34 -2.4552e-34 +2.8161e-35 +7.3579e-35 -5.5879e-36 -1.2131e-35 +3.5019e-36 +1.1305e-37 -3.1790e-37 +1.0532e-37 -2.1786e-38 +2.1129e-39 +3.6547e-40 -4.0106e-41 -5.2144e-42 
+5.6234e+10 +2.7189e-31 +2.7271e-31 +2.7312e-31 +2.7312e-31 +2.7273e-31 +2.7196e-31 +2.7081e-31 +2.6930e-31 +2.6743e-31 +2.6523e-31 +2.6269e-31 +2.5984e-31 +2.5668e-31 +2.5322e-31 +2.4947e-31 +2.4545e-31 +2.4116e-31 +2.3661e-31 +2.3182e-31 +2.2680e-31 +2.2155e-31 +2.1610e-31 +2.1044e-31 +2.0459e-31 +1.9856e-31 +1.9237e-31 +1.8601e-31 +1.7951e-31 +1.7287e-31 +1.6611e-31 +1.5923e-31 +1.5224e-31 +1.4517e-31 +1.3801e-31 +1.3077e-31 +1.2348e-31 +1.1614e-31 +1.0875e-31 +1.0134e-31 +9.3911e-32 +8.6473e-32 +7.9039e-32 +7.1618e-32 +6.4222e-32 +5.6862e-32 +4.9567e-32 +4.2435e-32 +3.5573e-32 +2.9092e-32 +2.3103e-32 +1.7714e-32 +1.3035e-32 +9.1762e-33 +6.1970e-33 +4.0099e-33 +2.5011e-33 +1.5569e-33 +1.0634e-33 +9.0529e-34 +9.4783e-34 +1.0446e-33 +1.0490e-33 +8.3208e-34 +4.5551e-34 +9.8157e-35 -7.0747e-35 -5.5301e-35 +5.1388e-36 +1.3415e-35 -1.0188e-36 -2.2117e-36 +6.3847e-37 +2.0610e-38 -5.7960e-38 +1.9203e-38 -3.9720e-39 +3.8522e-40 +6.6633e-41 -7.3121e-42 -9.5068e-43 
+7.0795e+10 +2.5654e-32 +2.5402e-32 +2.5113e-32 +2.4787e-32 +2.4428e-32 +2.4035e-32 +2.3612e-32 +2.3160e-32 +2.2680e-32 +2.2175e-32 +2.1645e-32 +2.1093e-32 +2.0521e-32 +1.9929e-32 +1.9321e-32 +1.8696e-32 +1.8058e-32 +1.7408e-32 +1.6747e-32 +1.6077e-32 +1.5400e-32 +1.4718e-32 +1.4032e-32 +1.3345e-32 +1.2657e-32 +1.1970e-32 +1.1286e-32 +1.0608e-32 +9.9355e-33 +9.2714e-33 +8.6173e-33 +7.9748e-33 +7.3455e-33 +6.7313e-33 +6.1337e-33 +5.5546e-33 +4.9955e-33 +4.4582e-33 +3.9444e-33 +3.4558e-33 +2.9940e-33 +2.5609e-33 +2.1580e-33 +1.7870e-33 +1.4498e-33 +1.1475e-33 +8.8018e-34 +6.4756e-34 +4.4934e-34 +2.8523e-34 +1.5496e-34 +5.8223e-35 -5.2533e-36 -3.7491e-35 -4.5540e-35 -3.7354e-35 -2.0888e-35 -4.0996e-36 +5.6568e-36 +7.5827e-36 +4.9221e-36 +9.7872e-37 -1.1899e-36 -1.2024e-36 -3.1958e-37 +2.3582e-37 +1.8433e-37 -1.7129e-38 -4.4715e-38 +3.3958e-39 +7.3722e-39 -2.1282e-39 -6.8699e-41 +1.9319e-40 -6.4007e-41 +1.3239e-41 -1.2840e-42 -2.2210e-43 +2.4373e-44 +3.1688e-45 
+8.9125e+10 +1.4716e-34 +1.3612e-34 +1.2563e-34 +1.1568e-34 +1.0626e-34 +9.7346e-35 +8.8934e-35 +8.1008e-35 +7.3551e-35 +6.6552e-35 +5.9994e-35 +5.3865e-35 +4.8151e-35 +4.2837e-35 +3.7909e-35 +3.3353e-35 +2.9155e-35 +2.5302e-35 +2.1779e-35 +1.8571e-35 +1.5666e-35 +1.3048e-35 +1.0705e-35 +8.6212e-36 +6.7833e-36 +5.1772e-36 +3.7887e-36 +2.6039e-36 +1.6086e-36 +7.8893e-37 +1.3073e-37 -3.8003e-37 -7.5738e-37 -1.0154e-36 -1.1681e-36 -1.2295e-36 -1.2138e-36 -1.1349e-36 -1.0069e-36 -8.4378e-37 -6.5969e-37 -4.6864e-37 -2.8467e-37 -1.2184e-37 +5.8141e-39 +8.8547e-38 +1.3128e-37 +1.4206e-37 +1.2889e-37 +9.9832e-38 +6.2901e-38 +2.6132e-38 -2.4454e-39 -1.7449e-38 -2.1195e-38 -1.7385e-38 -9.7220e-39 -1.9081e-39 +2.6328e-39 +3.5292e-39 +2.2909e-39 +4.5552e-40 -5.5379e-40 -5.5965e-40 -1.4874e-40 +1.0976e-40 +8.5792e-41 -7.9721e-42 -2.0812e-41 +1.5805e-42 +3.4312e-42 -9.9050e-43 -3.1974e-44 +8.9917e-44 -2.9791e-44 +6.1620e-45 -5.9761e-46 -1.0337e-46 +1.1344e-47 +1.4749e-48 
